КАРНИЗ 1.50.117;5,14;122,640;2 112,00;2 112,00
КАРНИЗ 1.50.121;4,57;123,950;1 879,00;1 879,00
КАРНИЗ 1.50.177;3,65;126,100;1 502,00;1 502,00
КАРНИЗ 1.50.170;3,49;129,520;1 436,00;1 436,00
КАРНИЗ 1.50.106;3,16;124,150;1 299,00;1 299,00
КАРНИЗ 1.50.139;2,84;122,770;1 169,00;1 169,00
КАРНИЗ 1.50.296;2,82;125,430;1 160,00;1 160,00
КАРНИЗ 1.50.108;2,58;123,870;1 062,00;1 062,00
КАРНИЗ 1.50.165;2,56;122,900;1 052,00;1 052,00
КАРНИЗ 1.50.146;2,37;122,730;974,00;974,00
КАРНИЗ 1.50.132;2,23;124,180;918,00;918,00
КАРНИЗ 1.50.147;2,22;127,780;912,00;912,00
КАРНИЗ 1.50.126;2,18;126,540;898,00;898,00
КАРНИЗ 1.50.160;1,83;124,020;754,00;754,00
КАРНИЗ 1.50.249;1,82;122,880;747,00;747,00
КАРНИЗ 1.50.133;1,74;126,470;715,00;715,00
КАРНИЗ 1.50.168;1,74;124,720;714,00;714,00
КАРНИЗ 1.50.113;1,73;123,590;713,00;713,00
КАРНИЗ 1.50.180;1,51;127,700;622,00;622,00
КАРНИЗ 1.50.174;1,50;122,560;617,00;617,00
КАРНИЗ 1.50.266;1,47;122,540;604,00;604,00
КАРНИЗ 1.50.172;1,34;124,480;549,00;549,00
КАРНИЗ 1.50.154;1,31;130,830;538,00;538,00
КАРНИЗ 1.50.254;1,28;122,990;528,00;528,00
КАРНИЗ 1.50.144;1,22;130,720;503,00;503,00
КАРНИЗ 1.50.103;1,20;127,980;493,00;493,00
КАРНИЗ 1.50.261;1,18;123,220;487,00;487,00
КАРНИЗ 1.50.271;1,02;123,120;421,00;421,00
КАРНИЗ 1.50.209;0,96;122,660;393,00;393,00
КАРНИЗ 1.50.269;0,95;123,670;391,00;391,00
КАРНИЗ 1.50.104;0,91;122,540;375,00;375,00
КАРНИЗ 1.50.134;0,91;127,740;374,00;374,00
КАРНИЗ 1.50.142;0,82;125,130;339,00;339,00
КАРНИЗ 1.50.157;0,81;126,990;335,00;335,00
КАРНИЗ 1.50.101;0,79;125,490;326,00;326,00
КАРНИЗ 1.50.215;0,73;123,270;299,00;299,00
КАРНИЗ 1.50.179;0,70;129,680;287,00;287,00
КАРНИЗ 1.50.276;0,69;123,380;284,00;284,00
КАРНИЗ 1.50.105;0,69;126,740;282,00;282,00
КАРНИЗ 1.50.102;0,68;128,350;280,00;280,00
КАРНИЗ 1.50.148;0,66;126,310;270,00;270,00
КАРНИЗ 1.50.298;0,64;130,510;265,00;265,00
КАРНИЗ 1.50.293;0,64;124,180;262,00;262,00
КАРНИЗ 1.50.256;0,63;125,270;258,00;258,00
КАРНИЗ 1.50.163;0,61;137,880;249,00;249,00
КАРНИЗ 1.50.122;0,61;126,610;249,00;249,00
КАРНИЗ 1.50.143;0,58;125,070;240,00;240,00
КАРНИЗ 1.50.295;0,57;126,680;236,00;236,00
КАРНИЗ 1.50.252;0,56;135,960;230,00;230,00
КАРНИЗ 1.50.138;0,56;123,480;229,00;229,00
КАРНИЗ 1.50.131;0,53;122,740;219,00;219,00
КАРНИЗ 1.50.292;0,52;122,870;214,00;214,00
КАРНИЗ 1.50.156;0,51;136,930;209,00;209,00
КАРНИЗ 1.50.221;0,49;125,950;202,00;202,00
КАРНИЗ 1.50.158;0,47;131,630;195,00;195,00
КАРНИЗ 1.50.115;0,46;130,570;189,00;189,00
B - класс;;;;6 030,00
Z - класс;;;;6 030,00
КАРНИЗ 1.50.262;0,46;129,520;188,00;188,00
КАРНИЗ 1.50.621;0,45;122,960;187,00;187,00
КАРНИЗ 1.50.155;0,44;124,130;182,00;182,00
КАРНИЗ 1.50.229;0,44;123,620;181,00;181,00
КАРНИЗ 1.50.258;0,44;123,150;181,00;181,00
КАРНИЗ 1.50.273;0,43;125,430;175,00;175,00
КАРНИЗ 1.50.141;0,42;122,530;171,00;171,00
КАРНИЗ 1.50.297;0,41;137,810;169,00;169,00
КАРНИЗ 1.50.270;0,41;132,430;167,00;167,00
КАРНИЗ 1.50.171;0,39;130,510;160,00;160,00
КАРНИЗ 1.50.145;0,37;126,330;153,00;153,00
КАРНИЗ 1.50.150;0,37;124,120;151,00;151,00
КАРНИЗ 1.50.288;0,36;137,300;147,00;147,00
КАРНИЗ 1.50.201;0,36;122,470;146,00;146,00
КАРНИЗ 1.50.130;0,35;122,990;145,00;145,00
КАРНИЗ 1.50.161;0,35;122,700;143,00;143,00
КАРНИЗ 1.50.111;0,34;122,650;141,00;141,00
КАРНИЗ 1.50.622;0,32;123,880;133,00;133,00
КАРНИЗ 1.50.127;0,31;141,420;129,00;129,00
КАРНИЗ 1.50.225;0,31;125,620;129,00;129,00
КАРНИЗ 1.50.275;0,31;123,910;128,00;128,00
КАРНИЗ 1.50.216;0,31;125,010;127,00;127,00
КАРНИЗ 1.50.116;0,30;137,600;124,00;124,00
КАРНИЗ 1.50.119;0,30;122,490;123,00;123,00
КАРНИЗ 1.50.183;0,29;129,160;119,00;119,00
КАРНИЗ 1.50.173;0,29;130,260;118,00;118,00
КАРНИЗ 1.50.208;0,28;129,530;114,00;114,00
КАРНИЗ 1.50.286;0,27;122,510;113,00;113,00
КАРНИЗ 1.50.257;0,27;126,890;113,00;113,00
КАРНИЗ 1.50.128;0,27;122,640;112,00;112,00
КАРНИЗ 1.50.167;0,27;130,640;112,00;112,00
КАРНИЗ 1.50.277;0,27;123,910;109,00;109,00
КАРНИЗ 1.50.123;0,26;125,820;108,00;108,00
КАРНИЗ 1.50.203;0,26;134,740;107,00;107,00
КАРНИЗ 1.50.109;0,25;124,640;104,00;104,00
КАРНИЗ 1.50.251;0,25;131,320;103,00;103,00
КАРНИЗ 1.50.199;0,24;127,380;99,00;99,00
КАРНИЗ 1.50.189;0,24;141,420;97,00;97,00
КАРНИЗ 1.50.129;0,23;127,690;94,00;94,00
КАРНИЗ 1.50.135;0,22;123,180;91,00;91,00
КАРНИЗ 1.50.281;0,21;131,940;85,00;85,00
КАРНИЗ 1.50.164;0,20;122,490;84,00;84,00
КАРНИЗ 1.50.624;0,20;138,940;83,00;83,00
КАРНИЗ 1.50.107;0,20;123,450;82,00;82,00
КАРНИЗ 1.50.114;0,19;122,690;78,00;78,00
КАРНИЗ 1.50.226;0,18;126,490;76,00;76,00
КАРНИЗ 1.50.274;0,18;133,750;75,00;75,00
КАРНИЗ 1.50.299;0,18;130,120;74,00;74,00
C - класс;;;;2 029,00
<...>;;;;
КАРНИЗ 1.50.260;;;;
Z - класс;;;;2 029,00
КАРНИЗ 1.50.255;0,16;138,320;66,00;66,00
КАРНИЗ 1.50.278;0,16;134,550;66,00;66,00
КАРНИЗ 1.50.169;0,16;125,460;65,00;65,00
КАРНИЗ 1.50.206;0,16;141,420;64,00;64,00
КАРНИЗ 1.50.272;0,16;133,460;64,00;64,00
КАРНИЗ 1.50.124;0,15;131,510;62,00;62,00
КАРНИЗ 1.50.112;0,15;135,000;61,00;61,00
КАРНИЗ 1.50.176;0,15;135,000;61,00;61,00
КАРНИЗ 1.50.198;0,14;123,660;58,00;58,00
КАРНИЗ 1.50.120;0,14;130,790;57,00;57,00
КАРНИЗ 1.50.211;0,13;135,350;54,00;54,00
КАРНИЗ 1.50.294;0,12;123,420;51,00;51,00
КАРНИЗ 1.50.503;0,12;141,420;49,00;49,00
КАРНИЗ 1.50.184;0,12;141,420;48,00;48,00
КАРНИЗ 1.50.140;0,12;128,320;48,00;48,00
КАРНИЗ 1.50.210;0,12;122,790;48,00;48,00
КАРНИЗ 1.50.100;0,11;123,290;45,00;45,00
КАРНИЗ 1.50.197;0,10;130,270;43,00;43,00
КАРНИЗ 1.50.136;0,10;133,960;43,00;43,00
КАРНИЗ 1.50.166;0,10;141,420;40,00;40,00
КАРНИЗ 1.50.259;0,09;122,490;39,00;39,00
КАРНИЗ 1.50.202;0,09;141,420;39,00;39,00
КАРНИЗ 1.50.185;0,09;126,970;38,00;38,00
КАРНИЗ 1.50.623;0,09;127,740;37,00;37,00
КАРНИЗ 1.50.195;0,09;135,910;36,00;36,00
КАРНИЗ 1.50.162;0,09;122,490;35,00;35,00
КАРНИЗ 1.50.159;0,08;123,600;34,00;34,00
КАРНИЗ 1.50.196;0,08;124,990;34,00;34,00
КАРНИЗ 1.50.175;0,08;130,200;32,00;32,00
КАРНИЗ 1.50.125;0,07;128,150;30,00;30,00
КАРНИЗ 1.50.289;0,07;141,420;28,00;28,00
КАРНИЗ 1.50.110;0,07;138,880;27,00;27,00
КАРНИЗ 1.50.283;0,06;141,420;26,00;26,00
КАРНИЗ 1.50.181;0,06;124,390;26,00;26,00
КАРНИЗ 1.50.204;0,06;141,420;26,00;26,00
КАРНИЗ 1.50.207;0,06;123,290;25,00;25,00
КАРНИЗ Д 1.50.194;0,06;141,420;23,00;23,00
КАРНИЗ 1.50.193;0,05;124,720;21,00;21,00
КАРНИЗ 1.50.222;0,05;138,180;21,00;21,00
КАРНИЗ 1.50.285;0,05;141,420;20,00;20,00
КАРНИЗ 1.50.228;0,05;141,420;20,00;20,00
КАРНИЗ 1.50.282;0,05;132,100;20,00;20,00
КАРНИЗ 1.50.186;0,05;141,420;19,00;19,00
КАРНИЗ 1.50.265;0,04;141,420;18,00;18,00
КАРНИЗ 1.50.187;0,04;131,230;18,00;18,00
КАРНИЗ 1.50.190;0,04;141,420;16,00;16,00
КАРНИЗ 1.50.188;0,04;141,420;15,00;15,00
КАРНИЗ 1.50.137;0,04;136,950;15,00;15,00
КАРНИЗ 1.50.502;0,04;141,420;15,00;15,00
КАРНИЗ 1.50.192;0,04;141,420;15,00;15,00
КАРНИЗ 1.50.182;0,04;141,420;15,00;15,00
КАРНИЗ 1.50.280;0,04;141,420;15,00;15,00
КАРНИЗ 1.50.200;0,03;122,470;14,00;14,00
КАРНИЗ 1.50.284;0,03;141,420;14,00;14,00
КАРНИЗ 1.50.227;0,03;141,420;13,00;13,00
КАРНИЗ 1.50.118;0,03;131,230;12,00;12,00
КАРНИЗ 1.50.220;0,03;122,470;12,00;12,00
КАРНИЗ 1.50.194;0,03;141,420;11,00;11,00
КАРНИЗ 1.50.191;0,03;141,420;11,00;11,00
КАРНИЗ 1.50.212;0,03;141,420;11,00;11,00
КАРНИЗ 1.50.290;0,02;141,420;9,00;9,00
КАРНИЗ 1.50.524;0,02;141,420;8,00;8,00
КАРНИЗ 1.50.279;0,02;141,420;7,00;7,00
КАРНИЗ 1.50.501;0,02;122,890;7,00;7,00
КАРНИЗ 1.50.710;0,01;141,420;5,00;5,00
КАРНИЗ 1.50.205;0,01;141,420;3,00;3,00
КАРНИЗ 1.50.151;;141,420;1,00;1,00
