IE_XML_ID;IE_NAME;IP_PROP142;IP_PROP157;IP_PROP254;CV_PRICE_1
4774;карниз 1.50.114;1.50.114;Нет;472;989.00
4775;карниз 1.50.115;1.50.115;Нет;380;799.00
4776;карниз 1.50.116;1.50.116;Нет;961;2018.00
4777;карниз 1.50.117;1.50.117;Нет;1011;2012.00
4778;карниз 1.50.118;1.50.118;Нет;1066;2239.00
4779;карниз 1.50.119;1.50.119;Нет;525;1099.00
4780;карниз 1.50.120;1.50.120;Нет;1094;2236.00
4781;карниз 1.50.121;1.50.121;Нет;514;1078.00
4782;карниз 1.50.122;1.50.122;Нет;338;709.00
4783;карниз 1.50.100;1.50.100;Нет;472;982.00
4784;карниз 1.50.102;1.50.102;Нет;375;788.00
4785;карниз 1.50.103;1.50.103;Нет;377;795.00
4786;карниз 1.50.104;1.50.104;Нет;934;1962.00
4787;карниз 1.50.105;1.50.105;Нет;461;967.00
4788;карниз 1.50.106;1.50.106;Нет;498;1044.00
4789;карниз 1.50.107;1.50.107;Нет;982;2062.00
4790;карниз 1.50.109;1.50.109;Нет;1066;2239.00
4791;карниз 1.50.110;1.50.110;Нет;1207;2534.00
4792;карниз 1.50.111;1.50.111;Нет;988;2074.00
4793;карниз 1.50.112;1.50.112;Нет;490;1029.00
4794;карниз 1.50.113;1.50.113;Нет;520;1091.00
4795;карниз 1.50.123;1.50.123;Нет;349;733.00
4796;карниз 1.50.124;1.50.124;Нет;892;1869.00
4797;карниз 1.50.125;1.50.125;Нет;733;1537.00
4798;карниз 1.50.126;1.50.126;Нет;513;1077.00
4799;карниз 1.50.127;1.50.127;Нет;498;1044.00
4800;карниз 1.50.128;1.50.128;Нет;870;1828.00
4801;карниз 1.50.129;1.50.129;Нет;503;1054.00
4802;карниз 1.50.130;1.50.130;Нет;351;739.00
4803;карниз 1.50.131;1.50.131;Нет;857;1800.00
4804;карниз 1.50.132;1.50.132;Нет;1277;2683.00
4805;карниз 1.50.133;1.50.133;Нет;828;1661.00
4806;карниз 1.50.134;1.50.134;Нет;1234;2592.00
4807;карниз 1.50.135;1.50.135;Нет;899;1869.00
4808;карниз 1.50.136;1.50.136;Нет;998;2095.00
4809;карниз 1.50.137;1.50.137;Нет;1307;2743.00
4810;карниз 1.50.138;1.50.138;Нет;1094;2298.00
4811;карниз 1.50.139;1.50.139;Нет;848;1759.00
4812;карниз 1.50.140;1.50.140;Нет;488;1026.00
4813;карниз 1.50.141;1.50.141;Нет;488;1026.00
4814;карниз 1.50.142;1.50.142;Нет;1094;2298.00
4815;карниз 1.50.143;1.50.143;Нет;480;989.00
4816;карниз 1.50.144;1.50.144;Нет;525;1099.00
4817;карниз 1.50.145;1.50.145;Нет;1389;2918.00
4818;карниз 1.50.146;1.50.146;Нет;884;1859.00
4819;карниз 1.50.147;1.50.147;Нет;1094;2298.00
4820;карниз 1.50.148;1.50.148;Нет;931;1956.00
4822;карниз 1.50.150;1.50.150;Нет;360;754.00
4823;карниз 1.50.151;1.50.151;Нет;1410;2962.00
4824;карниз 1.50.152;1.50.152;Нет;1410;2962.00
4825;карниз 1.50.153;1.50.153;Нет;1410;2962.00
4826;карниз 1.50.154;1.50.154;Нет;327;688.00
4827;карниз 1.50.155;1.50.155;Нет;324;682.00
4828;карниз 1.50.156;1.50.156;Нет;361;757.00
4829;карниз 1.50.157;1.50.157;Нет;336;703.00
4830;карниз 1.50.158;1.50.158;Нет;339;711.00
4831;карниз 1.50.159;1.50.159;Нет;348;731.00
4832;карниз 1.50.160;1.50.160;Нет;461;967.00
4833;карниз 1.50.162;1.50.162;Нет;480;989.00
4834;карниз 1.50.163;1.50.163;Нет;919;1929.00
4835;карниз 1.50.164;1.50.164;Нет;1011;2121.00
4836;карниз 1.50.165;1.50.165;Нет;481;1009.00
4837;карниз 1.50.166;1.50.166;Нет;974;2045.00
4838;карниз 1.50.167;1.50.167;Нет;988;2074.00
4839;карниз 1.50.168;1.50.168;Нет;988;2074.00
4840;карниз 1.50.169;1.50.169;Нет;931;1956.00
4841;карниз 1.50.170;1.50.170;Нет;529;1099.00
4842;карниз 1.50.171;1.50.171;Нет;345;726.00
4843;карниз 1.50.172;1.50.172;Нет;359;753.00
4844;карниз 1.50.173;1.50.173;Нет;361;757.00
4845;карниз 1.50.174;1.50.174;Нет;367;769.00
4846;карниз 1.50.175;1.50.175;Нет;982;2062.00
4847;карниз 1.50.176;1.50.176;Нет;899;1869.00
4848;карниз 1.50.177;1.50.177;Нет;536;1125.00
4849;карниз 1.50.180;1.50.180;Нет;911;1914.00
4850;карниз 1.50.181;1.50.181;Нет;514;1078.00
4851;карниз 1.50.182;1.50.182;Нет;505;1061.00
4852;карниз 1.50.183;1.50.183;Нет;549;1152.00
4853;карниз 1.50.184;1.50.184;Нет;549;1152.00
4854;карниз 1.50.185;1.50.185;Нет;961;2018.00
4855;карниз 1.50.186;1.50.186;Нет;549;1152.00
4856;карниз 1.50.187;1.50.187;Нет;487;1023.00
4857;карниз 1.50.188;1.50.188;Нет;487;1023.00
4858;карниз 1.50.190;1.50.190;Нет;365;767.00
4859;карниз 1.50.191;1.50.191;Нет;359;752.00
4860;карниз 1.50.192;1.50.192;Нет;497;1043.00
4861;карниз 1.50.193;1.50.193;Нет;512;1075.00
4862;карниз 1.50.194;1.50.194;Нет;472;989.00
4863;карниз 1.50.195;1.50.195;Нет;514;1078.00
4864;карниз 1.50.196;1.50.196;Нет;497;1043.00
4865;карниз 1.50.197;1.50.197;Нет;549;1152.00
4866;карниз 1.50.198;1.50.198;Нет;538;1130.00
4867;карниз 1.50.200;1.50.200;Нет;487;1023.00
4868;карниз 1.50.201;1.50.201;Нет;1214;2549.00
4869;карниз 1.50.202;1.50.202;Нет;877;1841.00
4870;карниз 1.50.203;1.50.203;Нет;988;2074.00
4871;карниз 1.50.204;1.50.204;Нет;480;989.00
4872;карниз 1.50.208;1.50.208;Нет;532;1099.00
4873;карниз 1.50.209;1.50.209;Нет;1137;2387.00
4874;карниз 1.50.210;1.50.210;Нет;1187;2494.00
4875;карниз 1.50.211;1.50.211;Нет;1218;2556.00
4876;карниз 1.50.212;1.50.212;Нет;1218;2556.00
4877;карниз 1.50.220;1.50.220;Нет;1054;2213.00
4878;карниз 1.50.221;1.50.221;Нет;1233;2591.00
4879;карниз 1.50.222;1.50.222;Нет;1362;2858.00
4880;карниз 1.50.250;1.50.250;Нет;903;1869.00
4881;карниз 1.50.251;1.50.251;Нет;344;724.00
4882;карниз 1.50.252;1.50.252;Нет;1038;2181.00
4883;карниз 1.50.253;1.50.253;Нет;514;1078.00
4884;карниз 1.50.254;1.50.254;Нет;777;1630.00
4885;карниз 1.50.255;1.50.255;Нет;872;1831.00
4886;карниз 1.50.256;1.50.256;Нет;1001;2104.00
4887;карниз 1.50.257;1.50.257;Нет;356;751.00
4888;карниз 1.50.258;1.50.258;Нет;329;691.00
4889;карниз 1.50.259;1.50.259;Нет;471;989.00
4890;карниз 1.50.260;1.50.260;Нет;1217;2554.00
4891;карниз 1.50.261;1.50.261;Нет;859;1722.00
4892;карниз 1.50.262;1.50.262;Нет;1012;2125.00
4893;карниз 1.50.264;1.50.264;Нет;1241;2604.00
4894;карниз 1.50.265;1.50.265;Нет;532;1099.00
4895;карниз 1.50.266;1.50.266;Нет;480;989.00
4896;карниз 1.50.267;1.50.267;Нет;1016;2133.00
4897;карниз 1.50.268;1.50.268;Нет;1045;2194.00
4898;карниз 1.50.269;1.50.269;Нет;1102;2313.00
4899;карниз 1.50.270;1.50.270;Нет;1185;2489.00
4900;карниз 1.50.271;1.50.271;Нет;1518;3187.00
4901;карниз 1.50.273;1.50.273;Нет;1268;2662.00
4902;карниз 1.50.114 гибкий;1.50.114;Да;944;1978.00
4903;карниз 1.50.115 гибкий;1.50.115;Да;761;1598.00
4904;карниз 1.50.116 гибкий;1.50.116;Да;1922;4036.00
4905;карниз 1.50.117 гибкий;1.50.117;Да;2020;4024.00
4906;карниз 1.50.118 гибкий;1.50.118;Да;2132;4478.00
4907;карниз 1.50.119 гибкий;1.50.119;Да;1048;2198.00
4908;карниз 1.50.120 гибкий;1.50.120;Да;2189;4472.00
4909;карниз 1.50.121 гибкий;1.50.121;Да;1026;2156.00
4910;карниз 1.50.122 гибкий;1.50.122;Да;674;1418.00
4911;карниз 1.50.100 гибкий;1.50.100;Да;945;1964.00
4912;карниз 1.50.102 гибкий;1.50.102;Да;751;1576.00
4913;карниз 1.50.103 гибкий;1.50.103;Да;757;1590.00
4914;карниз 1.50.104 гибкий;1.50.104;Да;1869;3924.00
4915;карниз 1.50.105 гибкий;1.50.105;Да;921;1934.00
4916;карниз 1.50.106 гибкий;1.50.106;Да;994;2088.00
4917;карниз 1.50.107 гибкий;1.50.107;Да;1965;4124.00
4918;карниз 1.50.109 гибкий;1.50.109;Да;2132;4478.00
4919;карниз 1.50.110 гибкий;1.50.110;Да;2414;5068.00
4920;карниз 1.50.111 гибкий;1.50.111;Да;1977;4148.00
4921;карниз 1.50.112 гибкий;1.50.112;Да;979;2058.00
4922;карниз 1.50.113 гибкий;1.50.113;Да;1038;2182.00
4923;карниз 1.50.123 гибкий;1.50.123;Да;697;1466.00
4924;карниз 1.50.124 гибкий;1.50.124;Да;1783;3738.00
4925;карниз 1.50.125 гибкий;1.50.125;Да;1463;3074.00
4926;карниз 1.50.126 гибкий;1.50.126;Да;1025;2154.00
4927;карниз 1.50.127 гибкий;1.50.127;Да;994;2088.00
4928;карниз 1.50.128 гибкий;1.50.128;Да;1740;3656.00
4929;карниз 1.50.129 гибкий;1.50.129;Да;1003;2108.00
4930;карниз 1.50.130 гибкий;1.50.130;Да;703;1478.00
4931;карниз 1.50.131 гибкий;1.50.131;Да;1714;3600.00
4932;карниз 1.50.132 гибкий;1.50.132;Да;2556;5366.00
4933;карниз 1.50.133 гибкий;1.50.133;Да;1658;3322.00
4934;карниз 1.50.134 гибкий;1.50.134;Да;2470;5184.00
4935;карниз 1.50.135 гибкий;1.50.135;Да;1799;3738.00
4936;карниз 1.50.136 гибкий;1.50.136;Да;1995;4190.00
4937;карниз 1.50.137 гибкий;1.50.137;Да;2611;5486.00
4938;карниз 1.50.138 гибкий;1.50.138;Да;2189;4596.00
4939;карниз 1.50.139 гибкий;1.50.139;Да;1695;3518.00
4940;карниз 1.50.140 гибкий;1.50.140;Да;976;2052.00
4941;карниз 1.50.141 гибкий;1.50.141;Да;976;2052.00
4942;карниз 1.50.142 гибкий;1.50.142;Да;2189;4596.00
4943;карниз 1.50.143 гибкий;1.50.143;Да;959;1978.00
4944;карниз 1.50.144 гибкий;1.50.144;Да;1048;2198.00
4945;карниз 1.50.145 гибкий;1.50.145;Да;2779;5836.00
4946;карниз 1.50.146 гибкий;1.50.146;Да;1771;3718.00
4947;карниз 1.50.147 гибкий;1.50.147;Да;2189;4596.00
4948;карниз 1.50.148 гибкий;1.50.148;Да;1863;3912.00
4950;карниз 1.50.150 гибкий;1.50.150;Да;718;1508.00
4951;карниз 1.50.151 гибкий;1.50.151;Да;2820;5924.00
4952;карниз 1.50.152 гибкий;1.50.152;Да;2820;5924.00
4953;карниз 1.50.153 гибкий;1.50.153;Да;2820;5924.00
4954;карниз 1.50.154 гибкий;1.50.154;Да;654;1376.00
4955;карниз 1.50.155 гибкий;1.50.155;Да;650;1364.00
4956;карниз 1.50.156 гибкий;1.50.156;Да;0;1514.00
4957;карниз 1.50.157 гибкий;1.50.157;Да;670;1406.00
4958;карниз 1.50.158 гибкий;1.50.158;Да;676;1422.00
4959;карниз 1.50.159 гибкий;1.50.159;Да;696;1462.00
4960;карниз 1.50.160 гибкий;1.50.160;Да;921;1934.00
4961;карниз 1.50.162 гибкий;1.50.162;Да;959;1978.00
4962;карниз 1.50.163 гибкий;1.50.163;Да;1838;3858.00
4963;карниз 1.50.164 гибкий;1.50.164;Да;2020;4242.00
4964;карниз 1.50.165 гибкий;1.50.165;Да;961;2018.00
4965;карниз 1.50.166 гибкий;1.50.166;Да;1948;4090.00
4966;карниз 1.50.168 гибкий;1.50.168;Да;1977;4148.00
4967;карниз 1.50.169 гибкий;1.50.169;Да;1863;3912.00
4968;карниз 1.50.170 гибкий;1.50.170;Да;1058;2198.00
4969;карниз 1.50.171 гибкий;1.50.171;Да;692;1452.00
4970;карниз 1.50.172 гибкий;1.50.172;Да;717;1506.00
4971;карниз 1.50.173 гибкий;1.50.173;Да;721;1514.00
4972;карниз 1.50.174 гибкий;1.50.174;Да;736;1538.00
4973;карниз 1.50.175 гибкий;1.50.175;Да;1965;4124.00
4974;карниз 1.50.176 гибкий;1.50.176;Да;1799;3738.00
4975;карниз 1.50.177 гибкий;1.50.177;Да;1070;2250.00
4976;карниз 1.50.180 гибкий;1.50.180;Да;1824;3828.00
4977;карниз 1.50.181 гибкий;1.50.181;Да;1026;2156.00
4978;карниз 1.50.182 гибкий;1.50.182;Да;1010;2122.00
4979;карниз 1.50.183 гибкий;1.50.183;Да;1098;2304.00
4980;карниз 1.50.184 гибкий;1.50.184;Да;1098;2304.00
4981;карниз 1.50.185 гибкий;1.50.185;Да;1922;4036.00
4982;карниз 1.50.186 гибкий;1.50.186;Да;1098;2304.00
4983;карниз 1.50.187 гибкий;1.50.187;Да;974;2046.00
4984;карниз 1.50.188 гибкий;1.50.188;Да;974;2046.00
4985;карниз 1.50.190 гибкий;1.50.190;Да;732;1534.00
4986;карниз 1.50.191 гибкий;1.50.191;Да;716;1504.00
4987;карниз 1.50.192 гибкий;1.50.192;Да;993;2086.00
4988;карниз 1.50.193 гибкий;1.50.193;Да;1023;2150.00
4989;карниз 1.50.194 гибкий;1.50.194;Да;945;1978.00
4990;карниз 1.50.195 гибкий;1.50.195;Да;1026;2156.00
4991;карниз 1.50.197 гибкий;1.50.197;Да;1098;2304.00
4992;карниз 1.50.200 гибкий;1.50.200;Да;974;2046.00
4993;карниз 1.50.202 гибкий;1.50.202;Да;1753;3682.00
4994;карниз 1.50.203 гибкий;1.50.203;Да;1977;4148.00
4995;карниз 1.50.209 гибкий;1.50.209;Да;2274;4774.00
4997;карниз 1.50.220 гибкий;1.50.220;Да;2106;4426.00
4998;карниз 1.50.221 гибкий;1.50.221;Да;2468;5182.00
4999;карниз 1.50.222 гибкий;1.50.222;Да;2722;5716.00
5000;карниз 1.50.250 гибкий;1.50.250;Да;1806;3738.00
5001;карниз 1.50.251 гибкий;1.50.251;Да;690;1448.00
5002;карниз 1.50.252 гибкий;1.50.252;Да;2077;4362.00
5003;карниз 1.50.253 гибкий;1.50.253;Да;1026;2156.00
5004;карниз 1.50.254 гибкий;1.50.254;Да;1551;3260.00
5005;карниз 1.50.255 гибкий;1.50.255;Да;1745;3662.00
5006;карниз 1.50.256 гибкий;1.50.256;Да;2004;4208.00
5007;карниз 1.50.257 гибкий;1.50.257;Да;715;1502.00
5008;карниз 1.50.258 гибкий;1.50.258;Да;659;1382.00
5009;карниз 1.50.259 гибкий;1.50.259;Да;943;1978.00
5010;карниз 1.50.260 гибкий;1.50.260;Да;2432;5108.00
5011;карниз 1.50.261 гибкий;1.50.261;Да;1718;3444.00
5012;карниз 1.50.262 гибкий;1.50.262;Да;2023;4250.00
5013;карниз 1.50.264 гибкий;1.50.264;Да;2480;5208.00
5014;карниз 1.50.265 гибкий;1.50.265;Да;1064;2198.00
5015;карниз 1.50.266 гибкий;1.50.266;Да;957;1978.00
5016;карниз 1.50.267 гибкий;1.50.267;Да;2032;4266.00
5017;карниз 1.50.268 гибкий;1.50.268;Да;2089;4388.00
5018;карниз 1.50.269 гибкий;1.50.269;Да;2202;4626.00
5019;карниз 1.50.270 гибкий;1.50.270;Да;2370;4978.00
5020;молдинг 1.51.311;1.51.311;Нет;682;1429.00
5021;молдинг 1.51.314;1.51.314;Нет;414;868.00
5022;молдинг 1.51.327;1.51.327;Нет;563;1183.00
5023;молдинг 1.51.301;1.51.301;Нет;359;745.00
5024;молдинг 1.51.305;1.51.305;Нет;340;714.00
5025;молдинг 1.51.321;1.51.321;Нет;320;673.00
5026;молдинг 1.51.400;1.51.400;Нет;341;717.00
5027;молдинг 1.51.302;1.51.302;Нет;416;858.00
5028;молдинг 1.51.303;1.51.303;Нет;442;930.00
5029;молдинг 1.51.304;1.51.304;Нет;421;879.00
5030;молдинг 1.51.306;1.51.306;Нет;349;733.00
5031;молдинг 1.51.307;1.51.307;Нет;661;1388.00
5032;молдинг 1.51.324;1.51.324;Нет;320;673.00
5033;молдинг 1.51.352;1.51.352;Нет;395;831.00
5034;молдинг 1.51.325;1.51.325;Нет;703;1478.00
5035;молдинг 1.51.312;1.51.312;Нет;389;818.00
5036;молдинг 1.51.332;1.51.332;Нет;410;862.00
5037;молдинг 1.51.350;1.51.350;Нет;710;1489.00
5038;молдинг 1.51.326;1.51.326;Нет;408;856.00
5039;молдинг 1.51.308;1.51.308;Нет;389;818.00
5040;молдинг 1.51.309;1.51.309;Нет;436;915.00
5041;молдинг 1.51.310;1.51.310;Нет;661;1388.00
5042;молдинг 1.51.313;1.51.313;Нет;414;868.00
5043;молдинг 1.51.315;1.51.315;Нет;428;898.00
5044;молдинг 1.51.316;1.51.316;Нет;395;831.00
5045;молдинг 1.51.317;1.51.317;Нет;625;1314.00
5046;молдинг 1.51.318;1.51.318;Нет;442;930.00
5047;молдинг 1.51.319;1.51.319;Нет;715;1502.00
5048;молдинг 1.51.320;1.51.320;Нет;682;1429.00
5049;молдинг 1.51.322;1.51.322;Нет;328;686.00
5050;молдинг 1.51.328;1.51.328;Нет;408;856.00
5051;молдинг 1.51.330;1.51.330;Нет;430;902.00
5053;молдинг 1.51.340;1.51.340;Нет;403;846.00
5054;молдинг 1.51.341;1.51.341;Нет;443;931.00
5055;молдинг 1.51.342;1.51.342;Нет;428;897.00
5056;молдинг 1.51.343;1.51.343;Нет;418;879.00
5057;молдинг 1.51.344;1.51.344;Нет;428;897.00
5058;молдинг 1.51.351;1.51.351;Нет;418;879.00
5059;молдинг 1.51.380;1.51.380;Нет;939;1973.00
5060;молдинг 1.51.401;1.51.401;Нет;321;675.00
5061;молдинг 1.51.323;1.51.323;Нет;331;698.00
5062;молдинг 1.51.339;1.51.339;Нет;418;879.00
5063;молдинг 1.51.331;1.51.331;Нет;436;915.00
5064;молдинг 1.51.336;1.51.336;Нет;410;862.00
5065;молдинг 1.51.334;1.51.334;Нет;396;832.00
5066;молдинг 1.51.335;1.51.335;Нет;437;917.00
5067;молдинг 1.51.337;1.51.337;Нет;428;897.00
5068;молдинг 1.51.348;1.51.348;Нет;414;868.00
5069;молдинг 1.51.349;1.51.349;Нет;693;1429.00
5070;молдинг 1.51.329;1.51.329;Нет;339;711.00
5071;молдинг 1.51.347;1.51.347;Нет;649;1363.00
5072;молдинг 1.51.355;1.51.355;Нет;671;1411.00
5073;молдинг 1.51.354;1.51.354;Нет;429;899.00
5074;молдинг 1.51.311 гибкий;1.51.311;Да;1364;2858.00
5075;молдинг 1.51.314 гибкий;1.51.314;Да;827;1736.00
5076;молдинг 1.51.327 гибкий;1.51.327;Да;1126;2366.00
5077;молдинг 1.51.301 гибкий;1.51.301;Да;717;1490.00
5078;молдинг 1.51.305 гибкий;1.51.305;Да;680;1428.00
5079;молдинг 1.51.321 гибкий;1.51.321;Да;640;1346.00
5080;молдинг 1.51.400 гибкий;1.51.400;Да;683;1434.00
5081;молдинг 1.51.302 гибкий;1.51.302;Да;831;1716.00
5082;молдинг 1.51.303 гибкий;1.51.303;Да;884;1860.00
5083;молдинг 1.51.304 гибкий;1.51.304;Да;844;1758.00
5084;молдинг 1.51.306 гибкий;1.51.306;Да;697;1466.00
5085;молдинг 1.51.307 гибкий;1.51.307;Да;1321;2776.00
5086;молдинг 1.51.324 гибкий;1.51.324;Да;640;1346.00
5087;молдинг 1.51.352 гибкий;1.51.352;Да;791;1662.00
5088;молдинг 1.51.325 гибкий;1.51.325;Да;1408;2956.00
5089;молдинг 1.51.312 гибкий;1.51.312;Да;779;1636.00
5090;молдинг 1.51.332 гибкий;1.51.332;Да;822;1724.00
5091;молдинг 1.51.350 гибкий;1.51.350;Да;1418;2978.00
5092;молдинг 1.51.326 гибкий;1.51.326;Да;815;1712.00
5093;молдинг 1.51.308 гибкий;1.51.308;Да;779;1636.00
5094;молдинг 1.51.309 гибкий;1.51.309;Да;870;1830.00
5095;молдинг 1.51.310 гибкий;1.51.310;Да;1321;2776.00
5096;молдинг 1.51.313 гибкий;1.51.313;Да;827;1736.00
5097;молдинг 1.51.315 гибкий;1.51.315;Да;856;1796.00
5098;молдинг 1.51.316 гибкий;1.51.316;Да;791;1662.00
5099;молдинг 1.51.317 гибкий;1.51.317;Да;1251;2628.00
5100;молдинг 1.51.318 гибкий;1.51.318;Да;884;1860.00
5101;молдинг 1.51.319 гибкий;1.51.319;Да;1431;3004.00
5102;молдинг 1.51.320 гибкий;1.51.320;Да;1364;2858.00
5103;молдинг 1.51.322 гибкий;1.51.322;Да;660;1372.00
5104;молдинг 1.51.328 гибкий;1.51.328;Да;815;1712.00
5105;молдинг 1.51.330 гибкий;1.51.330;Да;859;1804.00
5107;молдинг 1.51.340 гибкий;1.51.340;Да;806;1692.00
5108;молдинг 1.51.341 гибкий;1.51.341;Да;886;1862.00
5109;молдинг 1.51.342 гибкий;1.51.342;Да;855;1794.00
5110;молдинг 1.51.343 гибкий;1.51.343;Да;837;1758.00
5111;молдинг 1.51.344 гибкий;1.51.344;Да;855;1794.00
5112;молдинг 1.51.351 гибкий;1.51.351;Да;837;1758.00
5113;молдинг 1.51.380 гибкий;1.51.380;Да;1879;3946.00
5114;молдинг 1.51.401 гибкий;1.51.401;Да;642;1350.00
5115;молдинг 1.51.323 гибкий;1.51.323;Да;664;1396.00
5116;молдинг 1.51.339 гибкий;1.51.339;Да;837;1758.00
5117;молдинг 1.51.331 гибкий;1.51.331;Да;870;1830.00
5118;молдинг 1.51.336 гибкий;1.51.336;Да;822;1724.00
5119;молдинг 1.51.334 гибкий;1.51.334;Да;792;1664.00
5120;молдинг 1.51.335 гибкий;1.51.335;Да;872;1834.00
5121;молдинг 1.51.337 гибкий;1.51.337;Да;855;1794.00
5122;молдинг 1.51.348 гибкий;1.51.348;Да;827;1736.00
5123;молдинг 1.51.349 гибкий;1.51.349;Да;1387;2858.00
5124;молдинг 1.51.329 гибкий;1.51.329;Да;676;1422.00
5125;молдинг 1.51.347 гибкий;1.51.347;Да;1298;2726.00
5126;молдинг 1.51.355 гибкий;1.51.355;Да;1343;2822.00
5127;молдинг 1.51.354 гибкий;1.51.354;Да;857;1798.00
5128;плинтус 1.53.102;1.53.102;Нет;749;1573.00
5129;плинтус 1.53.103;1.53.103;Нет;688;1429.00
5130;плинтус 1.53.104;1.53.104;Нет;698;1468.00
5131;плинтус 1.53.105;1.53.105;Нет;770;1619.00
5132;плинтус 1.53.106;1.53.106;Нет;626;1316.00
5133;плинтус 1.53.107;1.53.107;Нет;602;1265.00
5134;плинтус 1.53.109;1.53.109;Нет;674;1416.00
5135;плинтус 1.53.101;1.53.101;Нет;724;1522.00
5136;плинтус 1.53.102 гибкий;1.53.102;Да;1498;3146.00
5137;плинтус 1.53.103 гибкий;1.53.103;Да;1371;2858.00
5138;плинтус 1.53.104 гибкий;1.53.104;Да;1399;2936.00
5139;плинтус 1.53.105 гибкий;1.53.105;Да;1541;3238.00
5140;плинтус 1.53.106 гибкий;1.53.106;Да;1253;2632.00
5141;плинтус 1.53.107 гибкий;1.53.107;Да;1204;2530.00
5142;плинтус 1.53.109 гибкий;1.53.109;Да;1349;2832.00
5143;плинтус 1.53.101 гибкий;1.53.101;Да;1449;3044.00
5144;угловой элемент 1.52.326;1.52.326;Нет;356;751.00
5145;угловой элемент 1.52.301;1.52.301;Нет;308;643.00
5146;угловой элемент 1.52.302;1.52.302;Нет;315;660.00
5147;угловой элемент 1.52.290;1.52.290;Нет;331;698.00
5148;угловой элемент 1.52.293;1.52.293;Нет;331;698.00
5149;угловой элемент 1.52.292;1.52.292;Нет;340;714.00
5150;угловой элемент 1.52.288;1.52.288;Нет;346;729.00
5151;угловой элемент 1.52.294;1.52.294;Нет;346;729.00
5152;угловой элемент 1.52.291;1.52.291;Нет;317;665.00
5153;угловой элемент 1.52.295;1.52.295;Нет;317;665.00
5154;угловой элемент 1.52.328;1.52.328;Нет;317;665.00
5155;угловой элемент 1.52.400;1.52.400;Нет;333;701.00
5156;угловой элемент 1.52.289;1.52.289;Нет;307;645.00
5157;угловой элемент 1.52.296;1.52.296;Нет;380;799.00
5158;угловой элемент 1.52.297;1.52.297;Нет;309;651.00
5159;угловой элемент 1.52.298;1.52.298;Нет;309;651.00
5160;угловой элемент 1.52.300;1.52.300;Нет;317;665.00
5161;угловой элемент 1.52.303;1.52.303;Нет;317;665.00
5162;угловой элемент 1.52.308;1.52.308;Нет;306;637.00
5163;угловой элемент 1.52.312;1.52.312;Нет;306;643.00
5164;угловой элемент 1.52.313;1.52.313;Нет;654;1377.00
5165;угловой элемент 1.52.314;1.52.314;Нет;380;799.00
5166;угловой элемент 1.52.318;1.52.318;Нет;324;681.00
5167;кронштейн 1.19.001;1.19.001;Нет;884;1859.00
5168;кронштейн 1.19.137;1.19.137;Нет;131;274.00
5169;кронштейн 1.19.002;1.19.002;Нет;662;1391.00
5170;кронштейн 1.19.005;1.19.005;Нет;733;1537.00
5171;кронштейн 1.19.003;1.19.003;Нет;664;1395.00
5172;кронштейн 1.19.004;1.19.004;Нет;666;1396.00
5174;розетка 1.56.017;1.56.017;Нет;933;1961.00
5175;розетка 1.56.001;1.56.001;Нет;1272;2670.00
5176;розетка 1.56.002;1.56.002;Нет;903;1898.00
5177;розетка 1.56.004;1.56.004;Нет;737;1548.00
5178;розетка 1.56.007;1.56.007;Нет;765;1605.00
5179;розетка 1.56.013;1.56.013;Нет;505;1060.00
5180;розетка 1.56.014;1.56.014;Нет;526;1104.00
5181;розетка 1.56.015;1.56.015;Нет;993;2086.00
5182;розетка 1.56.016;1.56.016;Нет;903;1898.00
5183;розетка 1.56.018;1.56.018;Нет;1768;3711.00
5184;розетка 1.56.019;1.56.019;Нет;965;2026.00
5185;розетка 1.56.020;1.56.020;Нет;965;2026.00
5186;розетка 1.56.022;1.56.022;Нет;903;1898.00
5187;розетка 1.56.023;1.56.023;Нет;1239;2601.00
5188;розетка 1.56.024;1.56.024;Нет;933;1961.00
5189;розетка 1.56.025;1.56.025;Нет;2328;4888.00
5190;розетка 1.56.005;1.56.005;Нет;1238;2599.00
5191;розетка 1.56.010;1.56.010;Нет;307;645.00
5192;розетка 1.56.028;1.56.028;Нет;1727;3625.00
5193;розетка 1.56.029;1.56.029;Нет;1272;2670.00
5194;розетка 1.56.030;1.56.030;Нет;541;1137.00
5195;розетка 1.56.003;1.56.003;Нет;965;2026.00
5196;розетка 1.56.031;1.56.031;Нет;1239;2601.00
5197;розетка 1.56.021;1.56.021;Нет;993;2086.00
5198;розетка 1.56.026;1.56.026;Нет;1685;3538.00
5199;розетка 1.56.006;1.56.006;Нет;515;1081.00
5200;розетка 1.56.009;1.56.009;Нет;529;1104.00
5201;розетка 1.56.032;1.56.032;Нет;536;1126.00
5202;розетка 1.56.011;1.56.011;Нет;302;637.00
5203;розетка 1.56.037;1.56.037;Нет;527;1105.00
5204;розетка 1.56.034;1.56.034;Нет;934;1962.00
5205;розетка 1.56.033;1.56.033;Нет;903;1898.00
5206;розетка 1.56.038;1.56.038;Нет;557;1170.00
5207;розетка 1.56.012;1.56.012;Нет;965;2026.00
5208;розетка 1.56.027;1.56.027;Нет;514;1078.00
5209;розетка 1.56.039;1.56.039;Нет;1288;2705.00
5210;розетка 1.56.035;1.56.035;Нет;933;1961.00
5211;розетка 1.56.042;1.56.042;Нет;307;645.00
5212;орнамент 1.60.114;1.60.114;Нет;383;802.00
5213;орнамент 1.60.014;1.60.014;Нет;383;802.00
5214;орнамент 1.60.011;1.60.011;Нет;166;349.00
5215;орнамент 1.60.111;1.60.111;Нет;166;349.00
5216;орнамент 1.60.007;1.60.007;Нет;154;324.00
5217;орнамент 1.60.005;1.60.005;Нет;154;324.00
5218;орнамент 1.60.012;1.60.012;Нет;414;869.00
5219;орнамент 1.60.008;1.60.008;Нет;145;305.00
5220;орнамент 1.60.010;1.60.010;Нет;148;313.00
5221;орнамент 1.60.002;1.60.002;Нет;166;350.00
5222;орнамент 1.60.003;1.60.003;Нет;145;305.00
5223;орнамент 1.60.004;1.60.004;Нет;148;313.00
5224;орнамент 1.60.006;1.60.006;Нет;152;317.00
5225;орнамент 1.60.009;1.60.009;Нет;148;313.00
5226;орнамент 1.60.015;1.60.015;Нет;156;327.00
5227;орнамент 1.60.017;1.60.017;Нет;167;351.00
5228;орнамент 1.60.018;1.60.018;Нет;172;362.00
5229;орнамент 1.60.019;1.60.019;Нет;414;869.00
5230;орнамент 1.60.108;1.60.108;Нет;145;305.00
5231;орнамент 1.60.109;1.60.109;Нет;148;313.00
5232;орнамент 1.60.110;1.60.110;Нет;148;313.00
5233;орнамент 1.60.001;1.60.001;Нет;152;318.00
5234;кессон 1.57.002;1.57.002;Нет;1162;2440.00
5235;кессон 1.57.003;1.57.003;Нет;1223;2568.00
5236;кессон 1.57.001;1.57.001;Нет;1070;2248.00
5237;кессон 1.57.004;1.57.004;Нет;1587;3332.00
5238;купол 1.58.001;1.58.001;Нет;5852;12289.00
5239;капитель 1.11.001;1.11.001;Нет;5104;10716.00
5240;капитель 1.11.010;1.11.010;Нет;2773;5822.00
5241;капитель 1.11.003;1.11.003;Нет;3966;8324.00
5242;капитель 1.11.002;1.11.002;Нет;2946;6184.00
5243;капитель 1.11.004;1.11.004;Нет;3966;8324.00
5244;капитель 1.11.005;1.11.005;Нет;2043;4290.00
5245;капитель 1.11.006;1.11.006;Нет;3805;7989.00
5246;капитель 1.11.008;1.11.008;Нет;2306;4842.00
5247;капитель 1.11.009;1.11.009;Нет;2296;4821.00
5248;капитель 1.15.002;1.15.002;Нет;1257;2640.00
5249;капитель 1.15.003;1.15.003;Нет;1768;3712.00
5250;капитель 1.15.004;1.15.004;Нет;1768;3712.00
5251;капитель 1.15.005;1.15.005;Нет;917;1925.00
5252;капитель 1.15.006;1.15.006;Нет;1700;3568.00
5253;капитель 1.15.008;1.15.008;Нет;1154;2423.00
5254;капитель 1.15.001;1.15.001;Нет;2160;4535.00
5255;капитель 1.15.009;1.15.009;Нет;1148;2409.00
5256;капитель 1.15.010;1.15.010;Нет;1387;2913.00
5257;капитель 1.21.003;1.21.003;Нет;789;1656.00
5258;капитель 1.21.001;1.21.001;Нет;708;1488.00
5259;капитель 1.21.002;1.21.002;Нет;901;1892.00
5260;капитель 1.21.004;1.21.004;Нет;825;1731.00
5261;капитель 1.21.005;1.21.005;Нет;888;1866.00
5262;капитель 1.21.006;1.21.006;Нет;842;1768.00
5263;капитель 1.21.007;1.21.007;Нет;799;1675.00
5264;ствол 1.12.020;1.12.020;Нет;7459;15660.00
5265;ствол 1.12.010;1.12.010;Нет;7459;15660.00
5266;ствол 1.12.030;1.12.030;Нет;9500;19945.00
5267;ствол 1.12.050;1.12.050;Нет;4391;9221.00
5268;ствол 1.12.060;1.12.060;Нет;4011;8420.00
5269;ствол 1.12.061;1.12.061;Нет;5418;11372.00
5270;ствол 1.12.080;1.12.080;Нет;4011;8420.00
5271;ствол 1.12.081;1.12.081;Нет;5418;11372.00
5272;ствол 1.12.070;1.12.070;Нет;4011;8420.00
5273;ствол 1.12.071;1.12.071;Нет;5418;11372.00
5274;ствол 1.16.080;1.16.080;Нет;2006;4211.00
5275;ствол 1.16.081;1.16.081;Нет;2708;5687.00
5276;ствол 1.16.030;1.16.030;Нет;4358;9149.00
5277;ствол 1.16.070;1.16.070;Нет;2006;4211.00
5278;ствол 1.16.050;1.16.050;Нет;1964;4123.00
5279;ствол 1.16.060;1.16.060;Нет;2006;4211.00
5280;ствол 1.16.071;1.16.071;Нет;2708;5687.00
5281;ствол 1.16.010;1.16.010;Нет;3340;7010.00
5282;ствол 1.16.011;1.16.011;Нет;3432;7203.00
5283;ствол 1.16.020;1.16.020;Нет;3340;7010.00
5284;ствол 1.16.061;1.16.061;Нет;2708;5687.00
5285;ствол 1.22.010;1.22.010;Нет;1030;2161.00
5286;ствол 1.22.020;1.22.020;Нет;1624;3410.00
5287;ствол 1.22.030;1.22.030;Нет;1239;2601.00
5288;ствол 1.22.200;1.22.200;Нет;1863;3912.00
5289;ствол 1.22.040;1.22.040;Нет;1317;2766.00
5290;кольцо 1.11.100;1.11.100;Нет;124;262.00
5291;кольцо 1.11.200;1.11.200;Нет;124;262.00
5292;кольцо 1.11.300;1.11.300;Нет;182;380.00
5293;кольцо 1.15.100;1.15.100;Нет;63;132.00
5294;кольцо 1.15.200;1.15.200;Нет;63;132.00
5295;кольцо 1.15.300;1.15.300;Нет;92;195.00
5296;база 1.13.900;1.13.900;Нет;1823;3827.00
5297;база 1.13.300;1.13.300;Нет;6868;14421.00
5298;база 1.13.400;1.13.400;Нет;3044;6389.00
5299;база 1.13.800;1.13.800;Нет;1823;3827.00
5300;база 1.13.500;1.13.500;Нет;2043;4290.00
5301;база 1.13.100;1.13.100;Нет;5299;11125.00
5302;база 1.13.200;1.13.200;Нет;2632;5527.00
5303;база 1.13.700;1.13.700;Нет;1786;3751.00
5304;база 1.17.900;1.17.900;Нет;911;1914.00
5305;база 1.17.300;1.17.300;Нет;3143;6597.00
5306;база 1.17.400;1.17.400;Нет;1376;2888.00
5307;база 1.17.100;1.17.100;Нет;2356;4948.00
5308;база 1.17.800;1.17.800;Нет;911;1914.00
5309;база 1.17.500;1.17.500;Нет;917;1925.00
5310;база 1.17.600;1.17.600;Нет;1718;3607.00
5311;база 1.17.700;1.17.700;Нет;894;1877.00
5312;база 1.17.200;1.17.200;Нет;1022;2147.00
5313;база 1.23.100;1.23.100;Нет;842;1768.00
5314;база 1.23.200;1.23.200;Нет;1204;2529.00
5315;база 1.23.300;1.23.300;Нет;949;1995.00
5316;база 1.23.400;1.23.400;Нет;1287;2701.00
5317;база 1.23.500;1.23.500;Нет;924;1940.00
5318;пьедестал 1.14.001;1.14.001;Нет;3552;7456.00
5319;пьедестал 1.14.002;1.14.002;Нет;3749;7872.00
5320;пьедестал 1.14.003;1.14.003;Нет;3749;7872.00
5321;пьедестал 1.18.001;1.18.001;Нет;1876;3937.00
5322;пьедестал 1.18.002;1.18.002;Нет;1777;3731.00
5323;пьедестал 1.18.003;1.18.003;Нет;1876;3937.00
5324;база 1.54.010;1.54.010;Нет;396;833.00
5325;обрамление арок 1.55.003;1.55.003;Нет;161;337.00
5326;обрамление арок 1.55.004;1.55.004;Нет;166;350.00
5327;обрамление арок 1.55.001;1.55.001;Нет;455;955.00
5328;замковый камень 1.55.005;1.55.005;Нет;166;349.00
5329;обрамление арок 1.55.002;1.55.002;Нет;455;955.00
5330;база 1.54.020;1.54.020;Нет;360;755.00
5331;боковой элемент 1.54.009;1.54.009;Нет;157;329.00
5332;боковой элемент 1.54.019;1.54.019;Нет;157;329.00
5333;квадрат 1.54.001;1.54.001;Нет;142;300.00
5334;квадрат 1.54.002;1.54.002;Нет;138;290.00
5335;наличник 1.54.003;1.54.003;Нет;572;1201.00
5336;наличник 1.54.004;1.54.004;Нет;959;2013.00
5337;элемент 1.54.008;1.54.008;Нет;161;338.00
5338;элемент 1.54.006;1.54.006;Нет;197;413.00
5339;элемент 1.54.005;1.54.005;Нет;189;399.00
5340;элемент 1.54.007;1.54.007;Нет;156;327.00
5341;элемент 1.54.012;1.54.012;Нет;393;825.00
5342;элемент 1.54.011;1.54.011;Нет;388;814.00
5343;ствол 1.12.011;1.12.011;Нет;7684;16130.00
5861;карниз 1.50.205;1.50.205;Нет;532;1099.00
5862;карниз 1.50.196 гибкий;1.50.196;Да;993;2086.00
5863;карниз 1.50.198 гибкий;1.50.198;Да;1077;2260.00
5864;карниз 1.50.201 гибкий;1.50.201;Да;2428;5098.00
5865;карниз 1.50.205 гибкий;1.50.205;Да;1064;2198.00
5866;молдинг 1.51.345;1.51.345;Нет;671;1411.00
5867;молдинг 1.51.357;1.51.357;Нет;405;849.00
5868;молдинг 1.51.358;1.51.358;Нет;638;1319.00
5869;молдинг 1.51.361;1.51.361;Нет;437;917.00
5870;молдинг 1.51.381;1.51.381;Нет;1036;2175.00
5871;молдинг 1.51.345 гибкий;1.51.345;Да;1343;2822.00
5872;молдинг 1.51.357 гибкий;1.51.357;Да;809;1698.00
5873;молдинг 1.51.358 гибкий;1.51.358;Да;1275;2638.00
5874;молдинг 1.51.361 гибкий;1.51.361;Да;872;1834.00
5875;молдинг 1.51.381 гибкий;1.51.381;Да;2071;4350.00
5876;архитрав 1.26.001;1.26.001;Нет;1102;2313.00
5877;архитрав 1.26.002;1.26.002;Нет;1102;2313.00
5878;архитрав 1.26.003;1.26.003;Нет;1129;2369.00
5879;розетка 1.56.036;1.56.036;Нет;2006;4212.00
5880;база 1.13.600;1.13.600;Нет;3601;7561.00
5881;ниша 1.61.101;1.61.101;Нет;2202;4624.00
5882;ниша 1.61.102;1.61.102;Нет;3375;7086.00
5883;ниша с полкой 1.61.110;1.61.110;Нет;2038;4281.00
5884;ниша с полкой 1.61.120;1.61.120;Нет;4165;8744.00
5885;сандрик 1.63.001;1.63.001;Нет;1138;2391.00
5886;сандрик 1.63.002;1.63.002;Нет;1070;2249.00
5887;карниз 4.02.201;4.02.201;Нет;4812;10609.00
5888;карниз 4.01.201;4.01.201;Нет;4882;10762.00
5889;карниз 4.01.101;4.01.101;Нет;4184;9224.00
5890;карниз 4.01.301;4.01.301;Нет;4533;9994.00
5891;карниз 4.32.202;4.32.202;Нет;3487;7687.00
5892;карниз 4.01.103;4.01.103;Нет;6277;13837.00
5893;карниз 4.31.301;4.31.301;Нет;4184;9224.00
5894;карниз 4.32.201;4.32.201;Нет;3487;7687.00
5895;карниз 4.81.002;4.81.002;Нет;3138;6919.00
5896;карниз 4.32.302;4.32.302;Нет;3209;7073.00
5897;карниз 4.01.202;4.01.202;Нет;5230;11532.00
5898;карниз 4.01.302;4.01.302;Нет;4882;10762.00
5899;карниз 4.02.101;4.02.101;Нет;5230;11532.00
5900;карниз 4.31.101;4.31.101;Нет;5440;11992.00
5901;карниз 4.31.201;4.31.201;Нет;3487;7687.00
5902;карниз 4.31.202;4.31.202;Нет;3837;8457.00
5903;карниз 4.31.302;4.31.302;Нет;3487;7687.00
5904;карниз 4.32.101;4.32.101;Нет;2790;6149.00
5905;карниз 4.32.301;4.32.301;Нет;3487;7687.00
5906;карниз 4.81.001;4.81.001;Нет;2581;5690.00
5907;карниз 4.02.301;4.02.301;Нет;5230;11532.00
5908;фриз 4.03.101;4.03.101;Нет;2442;5383.00
5909;фриз 4.03.102;4.03.102;Нет;2372;5228.00
5910;фриз 4.03.201;4.03.201;Нет;1744;3845.00
5911;фриз 4.03.202;4.03.202;Нет;1953;4306.00
5912;фриз 4.03.301;4.03.301;Нет;1255;2768.00
5913;фриз 4.33.301;4.33.301;Нет;1255;2768.00
5914;фриз 4.03.302;4.03.302;Нет;1953;4306.00
5915;фриз 4.33.101;4.33.101;Нет;2092;4613.00
5916;фриз 4.33.102;4.33.102;Нет;1047;2308.00
5917;фриз 4.33.201;4.33.201;Нет;2442;5383.00
5918;фриз 4.33.202;4.33.202;Нет;1326;2923.00
5919;архитрав 4.04.201;4.04.201;Нет;1744;3845.00
5920;архитрав 4.34.201;4.34.201;Нет;1605;3537.00
5921;архитрав 4.34.202;4.34.202;Нет;1395;3075.00
5922;архитрав 4.04.101;4.04.101;Нет;1395;3075.00
5923;архитрав 4.04.102;4.04.102;Нет;1883;4152.00
5924;архитрав 4.04.202;4.04.202;Нет;2232;4921.00
5925;архитрав 4.04.301;4.04.301;Нет;1326;2923.00
5926;архитрав 4.04.302;4.04.302;Нет;2232;4921.00
5927;архитрав 4.34.101;4.34.101;Нет;2092;4613.00
5928;архитрав 4.34.102;4.34.102;Нет;1255;2768.00
5929;архитрав 4.34.301;4.34.301;Нет;1744;3845.00
5930;архитрав 4.34.302;4.34.302;Нет;1255;2768.00
5931;балясина 4.71.101;4.71.101;Нет;1047;2308.00
5932;балясина 4.71.201;4.71.201;Нет;908;2000.00
5933;столб 4.75.101;4.75.101;Нет;3487;7687.00
5934;столб 4.75.201;4.75.201;Нет;2790;6149.00
5935;крышка (пирамида) 4.76.101;4.76.101;Нет;558;1231.00
5936;крышка (пирамида) 4.76.201;4.76.201;Нет;315;695.00
5937;крышка столба (плоская) 4.73.101;4.73.101;Нет;454;1003.00
5938;крышка столба (плоская) 4.73.201;4.73.201;Нет;349;770.00
5939;крышка (шар) 4.77.101;4.77.101;Нет;558;1231.00
5940;крышка (шар) 4.77.201;4.77.201;Нет;454;1003.00
5941;основание 4.74.101;4.74.101;Нет;5928;13068.00
5942;основание 4.74.201;4.74.201;Нет;4882;10762.00
5943;поручень 4.72.101;4.72.101;Нет;5092;11225.00
5944;поручень 4.72.201;4.72.201;Нет;4533;9994.00
5945;наличник 4.84.001;4.84.001;Нет;1744;3845.00
5946;наличник 4.84.002;4.84.002;Нет;1505;3317.00
5947;наличник 4.84.003;4.84.003;Нет;1160;2558.00
5948;наличник 4.84.051;4.84.051;Нет;1814;3998.00
5949;наличник 4.84.052;4.84.052;Нет;1436;3166.00
5950;наличник 4.84.053;4.84.053;Нет;1096;2416.00
5951;арочное обрамление 4.87.031;4.87.031;Нет;1605;3537.00
5952;арочное обрамление 4.87.032;4.87.032;Нет;1291;2846.00
5953;арочное обрамление 4.87.033;4.87.033;Нет;837;1846.00
5954;замковый камень 4.85.001;4.85.001;Нет;475;1048.00
5955;замковый камень 4.85.002;4.85.002;Нет;419;923.00
5956;замковый камень 4.85.003;4.85.003;Нет;419;923.00
5957;подоконный элемент 4.82.001;4.82.001;Нет;2092;4613.00
5958;подоконный элемент 4.82.002;4.82.002;Нет;1395;3075.00
5959;подоконный элемент 4.82.003;4.82.003;Нет;1395;3075.00
5960;подоконный элемент 4.82.101;4.82.101;Нет;1012;2231.00
5961;подоконный элемент 4.82.201;4.82.201;Нет;1047;2308.00
5962;подоконный элемент 4.82.202;4.82.202;Нет;1047;2308.00
5963;подоконный элемент 4.82.301;4.82.301;Нет;1047;2308.00
5964;подоконный элемент 4.82.302;4.82.302;Нет;1047;2308.00
5965;кронштейн-пьедестал 4.83.101;4.83.101;Нет;1115;2460.00
5966;кронштейн-пьедестал 4.83.102;4.83.102;Нет;681;1501.00
5967;кронштейн-пьедестал 4.83.201;4.83.201;Нет;768;1693.00
5968;кронштейн-пьедестал 4.83.202;4.83.202;Нет;787;1733.00
5969;кронштейн-пьедестал 4.83.301;4.83.301;Нет;697;1538.00
5970;кронштейн-пьедестал 4.83.302;4.83.302;Нет;628;1384.00
5971;руст 4.86.003;4.86.003;Нет;454;1003.00
5972;руст 4.86.004;4.86.004;Нет;279;616.00
5973;руст 4.86.005;4.86.005;Нет;454;1003.00
5974;руст 4.86.001;4.86.001;Нет;768;1693.00
5975;руст 4.86.002;4.86.002;Нет;488;1077.00
5982;угловой элемент 1.52.361;1.52.361;Нет;346;729.00
5983;база 4.17.302;4.17.302;Нет;977;2153.00
5984;база 4.53.201;4.53.201;Нет;367;810.00
5985;база 4.53.301;4.53.301;Нет;263;579.00
5986;база 4.17.101;4.17.101;Нет;977;2153.00
5987;база 4.17.201;4.17.201;Нет;977;2153.00
5988;база 4.17.202;4.17.202;Нет;697;1538.00
5989;база 4.17.301;4.17.301;Нет;768;1693.00
5990;база 4.23.101;4.23.101;Нет;734;1617.00
5991;база 4.23.201;4.23.201;Нет;734;1617.00
5992;база 4.23.301;4.23.301;Нет;734;1617.00
5993;база 4.43.101;4.43.101;Нет;875;1929.00
5994;база 4.43.201;4.43.201;Нет;806;1778.00
5995;база 4.43.202;4.43.202;Нет;921;2031.00
5996;база 4.43.301;4.43.301;Нет;921;2031.00
5997;база 4.43.302;4.43.302;Нет;921;2031.00
5998;база 4.47.101;4.47.101;Нет;398;878.00
5999;база 4.47.201;4.47.201;Нет;367;810.00
6000;база 4.47.202;4.47.202;Нет;419;923.00
6001;база 4.47.301;4.47.301;Нет;419;923.00
6002;база 4.47.302;4.47.302;Нет;419;923.00
6003;база 4.53.101;4.53.101;Нет;315;695.00
6004;база 4.53.302;4.53.302;Нет;263;579.00
6005;база 4.13.101;4.13.101;Нет;2148;4736.00
6006;база 4.13.201;4.13.201;Нет;2148;4736.00
6007;база 4.13.202;4.13.202;Нет;1535;3384.00
6008;база 4.13.301;4.13.301;Нет;1689;3723.00
6009;база 4.13.302;4.13.302;Нет;2148;4736.00
6010;база 4.17.002;4.17.002;Нет;1326;2923.00
6011;база 4.17.001;4.17.001;Нет;1186;2615.00
6012;капитель 4.51.301;4.51.301;Нет;419;923.00
6013;капитель 4.15.101;4.15.101;Нет;942;2077.00
6014;капитель 4.15.201;4.15.201;Нет;837;1846.00
6015;капитель 4.15.301;4.15.301;Нет;1186;2615.00
6016;капитель 4.21.101;4.21.101;Нет;734;1617.00
6017;капитель 4.21.201;4.21.201;Нет;734;1617.00
6018;капитель 4.21.301;4.21.301;Нет;1047;2308.00
6019;капитель 4.41.101;4.41.101;Нет;1221;2691.00
6020;капитель 4.41.201;4.41.201;Нет;806;1778.00
6021;капитель 4.41.301;4.41.301;Нет;921;2031.00
6022;капитель 4.45.101;4.45.101;Нет;554;1224.00
6023;капитель 4.45.201;4.45.201;Нет;367;810.00
6024;капитель 4.45.301;4.45.301;Нет;419;923.00
6025;капитель 4.51.101;4.51.101;Нет;315;695.00
6026;капитель 4.51.201;4.51.201;Нет;315;695.00
6027;капитель 4.11.101;4.11.101;Нет;2072;4569.00
6028;капитель 4.11.201;4.11.201;Нет;1841;4061.00
6029;капитель 4.11.301;4.11.301;Нет;2608;5750.00
6030;капитель 4.15.102;4.15.102;Нет;1570;3461.00
6031;регул 4.37.101;4.37.101;Нет;91;203.00
6032;регул 4.07.101;4.07.101;Нет;91;203.00
6033;мутул 4.05.102;4.05.102;Нет;471;1039.00
6034;мутул 4.35.102;4.35.102;Нет;140;310.00
6035;мутул 4.35.101;4.35.101;Нет;183;402.00
6036;мутул 4.05.101;4.05.101;Нет;503;1109.00
6037;модильон 4.08.301;4.08.301;Нет;147;326.00
6038;модильон 4.08.302;4.08.302;Нет;91;203.00
6039;модильон 4.38.301;4.38.301;Нет;91;203.00
6040;модильон 4.38.302;4.38.302;Нет;91;203.00
6041;триглиф 4.36.101;4.36.101;Нет;125;278.00
6042;триглиф 4.06.101;4.06.101;Нет;265;585.00
6043;ствол 4.52.102;4.52.102;Нет;1395;3075.00
6044;ствол 4.52.301;4.52.301;Нет;1047;2308.00
6045;ствол 4.16.101;4.16.101;Нет;5579;12298.00
6046;ствол 4.16.102;4.16.102;Нет;3487;7687.00
6047;ствол 4.16.201;4.16.201;Нет;4533;9994.00
6048;ствол 4.16.202;4.16.202;Нет;4184;9224.00
6049;ствол 4.16.301;4.16.301;Нет;3487;7687.00
6050;ствол 4.22.101;4.22.101;Нет;3487;7687.00
6051;ствол 4.22.102;4.22.102;Нет;3138;6919.00
6052;ствол 4.22.201;4.22.201;Нет;3138;6919.00
6053;ствол 4.22.202;4.22.202;Нет;3138;6919.00
6054;ствол 4.22.301;4.22.301;Нет;3209;7073.00
6055;ствол 4.22.302;4.22.302;Нет;2790;6149.00
6056;ствол 4.42.101;4.42.101;Нет;3376;7443.00
6057;ствол 4.42.201;4.42.201;Нет;2762;6089.00
6058;ствол 4.42.301;4.42.301;Нет;2302;5075.00
6059;ствол 4.46.101;4.46.101;Нет;1535;3384.00
6060;ствол 4.46.201;4.46.201;Нет;1255;2768.00
6061;ствол 4.46.301;4.46.301;Нет;1047;2308.00
6062;ствол 4.52.101;4.52.101;Нет;1395;3075.00
6063;ствол 4.52.201;4.52.201;Нет;1395;3075.00
6064;ствол 4.52.202;4.52.202;Нет;1674;3691.00
6065;ствол 4.52.302;4.52.302;Нет;837;1846.00
6066;верхний фрагмент ствола 4.16.001;4.16.001;Нет;1535;3384.00
6067;фрагмент ствола 4.16.002;4.16.002;Нет;1570;3461.00
6068;ствол 4.12.301;4.12.301;Нет;7671;16912.00
6069;ствол 4.12.101;4.12.101;Нет;12274;27057.00
6070;ствол 4.12.102;4.12.102;Нет;7671;16912.00
6071;ствол 4.12.202;4.12.202;Нет;9206;20293.00
6072;ствол 4.12.201;4.12.201;Нет;9973;21985.00
6104;E01.M.290 / Клей Европласт Монтажный 290 мл.;E01.M.290;Нет;183;462.00
6105;E04.U.290 / Клей Европласт универсальный 290 мл.;E04.U.290;Нет;304;700.00
6107;E02.S.290 / Клей Европласт стыковочный 290 мл.;E02.S.290;Нет;521;910.00
6108;карниз 1.50.101;1.50.101;Нет;495;1041.00
6109;карниз 1.50.101 гибкий;1.50.101;Да;991;2082.00
6110;карниз 1.50.199 гибкий;1.50.199;Да;1064;2198.00
6111;карниз 1.50.199;1.50.199;Нет;532;1099.00
6112;молдинг 1.51.353;1.51.353;Нет;321;675.00
6113;молдинг 1.51.353 гибкий;1.51.353;Да;642;1350.00
6114;молдинг 1.51.356;1.51.356;Нет;405;849.00
6115;молдинг 1.51.356 гибкий;1.51.356;Да;809;1698.00
6135;откос 4.88.001;4.88.001;Нет;1221;2693.00
6168;элемент камина 1.64.004;1.64.004;Нет;5419;11376.00
6169;элемент камина 1.64.005;1.64.005;Нет;2748;5770.00
6171;элемент камина 1.64.005;1.64.005;Нет;2748;5770.00
6172;карниз 1.50.108;1.50.108;Нет;959;2012.00
6173;карниз 1.50.161;1.50.161;Нет;532;1099.00
6174;карниз 1.50.179;1.50.179;Нет;504;1058.00
6175;карниз 1.50.189;1.50.189;Нет;532;1099.00
6176;карниз 1.50.207;1.50.207;Нет;521;1094.00
6177;карниз 1.50.274;1.50.274;Нет;532;1099.00
6178;карниз 1.50.275;1.50.275;Нет;971;2041.00
6179;молдинг 1.51.346;1.51.346;Нет;345;726.00
6180;розетка 1.56.040;1.56.040;Нет;1685;3538.00
6181;розетка 1.56.041;1.56.041;Нет;1170;2458.00
6182;кронштейн 1.19.007;1.19.007;Нет;647;1358.00
6183;кронштейн 1.19.008;1.19.008;Нет;647;1358.00
6184;капитель 1.21.008;1.21.008;Нет;664;1395.00
6185;ствол 1.22.050;1.22.050;Нет;979;2057.00
6186;база 1.23.600;1.23.600;Нет;696;1462.00
6188;карниз 4.91.001;4.91.001;Нет;3321;7321.00
6189;карниз 4.91.004;4.91.004;Нет;4318;9518.00
6194;карниз 1.50.208 гибкий;1.50.208;Да;1064;2198.00
6195;карниз 1.50.204 гибкий;1.50.204;Да;957;1978.00
6196;карниз 1.50.189 гибкий;1.50.189;Да;1064;2198.00
6198;замковый камень 4.85.004;4.85.004;Нет;439;967.00
6199;замковый камень 4.85.005;4.85.005;Нет;597;1318.00
6200;карниз 4.91.002;4.91.002;Нет;4981;10982.00
6201;наличник 4.84.005;4.84.005;Нет;730;1611.00
6202;кронштейн-пьедестал 4.83.003;4.83.003;Нет;210;462.00
6206;молдинг 1.51.359;1.51.359;Нет;405;849.00
6207;карниз 1.50.161 гибкий;1.50.161;Да;1064;2198.00
6208;молдинг 1.51.359 гибкий;1.51.359;Да;809;1698.00
6211;наличник 4.84.004;4.84.004;Нет;950;2095.00
6212;наличник 4.84.006;4.84.006;Нет;1461;3221.00
6213;карниз 4.91.003;4.91.003;Нет;3069;6765.00
6214;карниз 4.91.005;4.91.005;Нет;3288;7248.00
6215;фриз 4.33.302;4.33.302;Нет;1047;2308.00
6216;кронштейн-пьедестал 4.83.002;4.83.002;Нет;252;555.00
6217;фрагмент ствола 4.16.002;4.16.002;Нет;1570;3461.00
6218;фрагмент ствола 4.16.002;4.16.002;Нет;1570;3461.00
6313;молдинг 1.51.346 гибкий;1.51.346;Да;692;1452.00
6355;угловой элемент 1.52.322;1.52.322;Нет;290;610.00
6356;угловой элемент 1.52.348;1.52.348;Нет;307;645.00
6357;угловой элемент 1.52.286;1.52.286;Нет;302;637.00
6358;угловой элемент 1.52.287;1.52.287;Нет;322;677.00
6359;карниз 1.50.108 гибкий;1.50.108;Да;1917;4024.00
6362;карниз 1.50.279;1.50.279;Нет;1016;2133.00
6363;карниз 1.50.276;1.50.276;Нет;521;1094.00
6364;карниз 1.50.276 гибкий;1.50.276;Да;1042;2188.00
6365;карниз 1.50.278;1.50.278;Нет;549;1152.00
6366;карниз 1.50.278 гибкий;1.50.278;Да;1098;2304.00
6367;розетка 1.56.044;1.56.044;Нет;1104;2319.00
6368;молдинг 1.51.360;1.51.360;Нет;395;830.00
6369;молдинг 1.51.360 гибкий;1.51.360;Да;790;1660.00
6370;молдинг 1.51.363;1.51.363;Нет;428;898.00
6371;молдинг 1.51.363 гибкий;1.51.363;Да;856;1796.00
6372;молдинг 1.51.362;1.51.362;Нет;403;847.00
6373;молдинг 1.51.362 гибкий;1.51.362;Да;807;1694.00
6374;молдинг 1.51.370;1.51.370;Нет;443;931.00
6375;молдинг 1.51.370 гибкий;1.51.370;Да;886;1862.00
6376;плинтус 1.53.110;1.53.110;Нет;746;1539.00
6377;плинтус 1.53.110 гибкий;1.53.110;Да;1493;3078.00
6380;карниз 1.50.179 гибкий;1.50.179;Да;1008;2116.00
6381;карниз 1.50.207 гибкий;1.50.207;Да;1042;2188.00
6382;карниз 1.50.275 гибкий;1.50.275;Да;1944;4082.00
6385;ствол 4.16.003;4.16.003;Нет;1097;2417.00
6386;ствол 4.16.004;4.16.004;Нет;1528;3368.00
6387;ствол 4.16.005;4.16.005;Нет;1097;2417.00
6388;капитель 4.15.202;4.15.202;Нет;2192;4832.00
6389;капитель 4.15.302;4.15.302;Нет;3288;7248.00
6390;капитель 4.11.102;4.11.102;Нет;3453;7611.00
6391;капитель 4.11.202;4.11.202;Нет;4822;10631.00
6392;капитель 4.11.302;4.11.302;Нет;7233;15945.00
6393;база 4.13.001;4.13.001;Нет;2608;5750.00
6394;ствол 4.12.001;4.12.001;Нет;3376;7443.00
6395;ствол 4.12.002;4.12.002;Нет;3453;7612.00
6396;ствол 4.12.003;4.12.003;Нет;2411;5316.00
6397;ствол 4.12.004;4.12.004;Нет;3361;7409.00
6398;ствол 4.12.005;4.12.005;Нет;2411;5316.00
6423;карниз 1.50.271 гибкий;1.50.271;Да;3036;6374.00
6424;карниз 1.50.274 гибкий;1.50.274;Да;1064;2198.00
6429;E03.S.60 / Клей Европласт стыковочный 60 мл.;E03.S.60;Нет;218;382.00
6430;база 1.54.030;1.54.030;Нет;375;788.00
6431;квадрат 1.54.013;1.54.013;Нет;138;290.00
6432;квадрат 1.54.013;1.54.013;Нет;138;290.00
6433;база 1.54.030;1.54.030;Нет;375;788.00
6434;угловой элемент 1.52.285;1.52.285;Нет;301;633.00
6435;молдинг 1.51.367;1.51.367;Нет;647;1358.00
6436;молдинг 1.51.367 гибкий;1.51.367;Да;1294;2716.00
6438;карниз 1.50.280;1.50.280;Нет;1354;2842.00
6439;молдинг 1.51.368;1.51.368;Нет;770;1617.00
6440;орнамент 1.60.025;1.60.025;Нет;493;1036.00
6441;орнамент 1.60.032;1.60.032;Нет;905;1902.00
6442;орнамент 1.60.020;1.60.020;Нет;178;373.00
6443;орнамент 1.60.120;1.60.120;Нет;178;373.00
6444;торцевой элемент 4.33.332;4.33.332;Нет;154;340.00
6445;торцевой элемент 4.31.232;4.31.232;Нет;1056;2327.00
6446;торцевой элемент 4.81.031;4.81.031;Нет;285;629.00
6447;торцевой элемент 4.81.032;4.81.032;Нет;382;842.00
6448;внешний угол 4.32.111;4.32.111;Нет;921;2031.00
6449;внешний угол 4.32.312;4.32.312;Нет;1078;2376.00
6450;внешний угол 4.81.011;4.81.011;Нет;569;1254.00
6451;внешний угол 4.81.012;4.81.012;Нет;726;1601.00
6452;внутренний угол 4.31.222;4.31.222;Нет;1477;3258.00
6453;внутренний угол 4.32.221;4.32.221;Нет;1133;2497.00
6454;внутренний угол 4.81.021;4.81.021;Нет;569;1254.00
6455;внутренний угол 4.81.022;4.81.022;Нет;726;1601.00
6456;опорный блок 4.78.101;4.78.101;Нет;315;695.00
6457;полукрышка 4.73.211;4.73.211;Нет;210;462.00
6458;полукрышка пирамида 4.76.111;4.76.111;Нет;349;770.00
6459;полуоснование 4.74.111;4.74.111;Нет;3487;7687.00
6460;полупоручень 4.72.111;4.72.111;Нет;3138;6919.00
6461;полустолб 4.75.111;4.75.111;Нет;2092;4613.00
6462;полустолб 4.75.211;4.75.211;Нет;1674;3691.00
6463;торцевой элемент 4.02.331;4.02.331;Нет;1698;3744.00
6464;торцевой элемент 4.03.131;4.03.131;Нет;154;340.00
6465;торцевой элемент 4.03.132;4.03.132;Нет;186;410.00
6466;торцевой элемент 4.03.332;4.03.332;Нет;162;356.00
6467;полубалясина 4.71.111;4.71.111;Нет;697;1538.00
6468;полубалясина 4.71.211;4.71.211;Нет;558;1231.00
6469;торцевой элемент 4.33.331;4.33.331;Нет;154;340.00
6470;торцевой элемент 4.34.131;4.34.131;Нет;252;555.00
6471;торцевой элемент 4.34.231;4.34.231;Нет;193;425.00
6472;внутренний угол 4.32.322;4.32.322;Нет;1078;2376.00
6473;торцевой элемент 4.32.331;4.32.331;Нет;788;1737.00
6474;торцевой элемент 4.32.332;4.32.332;Нет;724;1597.00
6475;торцевой элемент 4.33.132;4.33.132;Нет;154;340.00
6476;торцевой элемент 4.33.232;4.33.232;Нет;154;340.00
6477;торцевой элемент 4.04.331;4.04.331;Нет;154;340.00
6478;внешний угол 4.01.111;4.01.111;Нет;2096;4619.00
6479;внешний угол 4.01.113;4.01.113;Нет;3177;7004.00
6480;внешний угол 4.01.211;4.01.211;Нет;2069;4561.00
6481;внешний угол 4.01.212;4.01.212;Нет;2215;4886.00
6482;внешний угол 4.01.311;4.01.311;Нет;2045;4509.00
6483;внешний угол 4.02.111;4.02.111;Нет;2361;5203.00
6484;внешний угол 4.02.211;4.02.211;Нет;1959;4320.00
6485;внешний угол 4.02.311;4.02.311;Нет;2274;5012.00
6486;внутренний угол 4.01.121;4.01.121;Нет;2096;4619.00
6487;внутренний угол 4.01.123;4.01.123;Нет;3177;7004.00
6488;внутренний угол 4.01.221;4.01.221;Нет;2069;4561.00
6489;внутренний угол 4.01.222;4.01.222;Нет;2215;4886.00
6490;внутренний угол 4.01.321;4.01.321;Нет;2045;4509.00
6491;внутренний угол 4.01.322;4.01.322;Нет;2202;4855.00
6492;внутренний угол 4.02.121;4.02.121;Нет;2361;5203.00
6498;карниз 1.50.284;1.50.284;Нет;486;1020.00
6499;карниз 1.50.284 гибкий;1.50.284;Да;971;2040.00
6500;карниз 1.50.283;1.50.283;Нет;469;984.00
6501;МОНТАЖНЫЙ КОМПЛЕКТ;m_comp_b201;Нет;2196;5400.00
6502;внешний угол 4.32.212;4.32.212;Нет;1133;2497.00
6503;внутренний угол 4.32.121;4.32.121;Нет;921;2031.00
6504;торцевой элемент 4.32.131;4.32.131;Нет;620;1369.00
6515;полукрышка 4.73.111;4.73.111;Нет;279;616.00
6516;полупоручень 4.72.211;4.72.211;Нет;2720;5998.00
6517;полуоснование 4.74.211;4.74.211;Нет;2929;6459.00
6518;полукрышка пирамида 4.76.211;4.76.211;Нет;210;462.00
6538;орнамент 1.60.026;1.60.026;Нет;182;382.00
6539;орнамент 1.60.029;1.60.029;Нет;548;1150.00
6540;карниз 1.50.281;1.50.281;Нет;1382;2900.00
6541;молдинг 1.51.374;1.51.374;Нет;625;1314.00
6542;молдинг 1.51.374 гибкий;1.51.374;Да;1251;2628.00
6544;внешний угол 4.32.311;4.32.311;Нет;1170;2581.00
6545;внутренний угол 4.32.321;4.32.321;Нет;1170;2581.00
6546;торцевой элемент 4.32.231;4.32.231;Нет;749;1650.00
6547;орнамент 1.60.021;1.60.021;Нет;1012;2125.00
6548;орнамент 1.60.022;1.60.022;Нет;1322;2778.00
6549;орнамент 1.60.024;1.60.024;Нет;487;1025.00
6550;орнамент 1.60.027;1.60.027;Нет;487;1025.00
6551;орнамент 1.60.028;1.60.028;Нет;626;1315.00
6552;кронштейн 1.19.010;1.19.010;Нет;647;1358.00
6553;карниз 1.50.285;1.50.285;Нет;1058;2221.00
6554;карниз 1.50.286;1.50.286;Нет;522;1096.00
6555;карниз 1.50.282;1.50.282;Нет;469;984.00
6564;карниз 1.50.286 гибкий;1.50.286;Да;1043;2192.00
6565;карниз 1.50.288;1.50.288;Нет;469;984.00
6566;молдинг 1.51.375;1.51.375;Нет;395;831.00
6581;карниз 1.50.288 гибкий;1.50.288;Да;937;1968.00
6582;карниз 1.50.280 гибкий;1.50.280;Да;2706;5684.00
6583;орнамент 1.60.034;1.60.034;Нет;460;966.00
6584;молдинг 1.51.373;1.51.373;Нет;648;1360.00
6585;орнамент 1.60.033;1.60.033;Нет;466;981.00
6586;орнамент 1.60.030;1.60.030;Нет;469;985.00
6587;карниз 1.50.277;1.50.277;Нет;1044;2192.00
6588;розетка 1.56.008;1.56.008;Нет;854;1792.00
6589;орнамент 1.60.031;1.60.031;Нет;465;977.00
6590;орнамент 1.60.123;1.60.123;Нет;571;1198.00
6591;орнамент 1.60.023;1.60.023;Нет;572;1198.00
6594;ствол 4.16.004;4.16.004;Нет;1528;3368.00
6595;ствол 4.16.004;4.16.004;Нет;1528;3368.00
6598;база 4.13.002;4.13.002;Нет;2915;6427.00
6599;ствол 4.12.002;4.12.002;Нет;3453;7612.00
6600;ствол 4.12.002;4.12.002;Нет;3453;7612.00
6601;ствол 4.12.004;4.12.004;Нет;3361;7409.00
6602;ствол 4.12.004;4.12.004;Нет;3361;7409.00
6611;карниз 1.50.273 гибкий;1.50.273;Да;2537;5324.00
6612;молдинг 1.51.375 гибкий;1.51.375;Да;791;1662.00
6613;внешний угол 4.01.312;4.01.312;Нет;2202;4855.00
6614;сандрик 4.89.001;4.89.001;Нет;1909;4207.00
6615;орнамент 4.99.001;4.99.001;Нет;355;785.00
6616;орнамент 4.99.002;4.99.002;Нет;163;360.00
6617;внутренний угол 4.02.221;4.02.221;Нет;1959;4319.00
6618;внутренний угол 4.02.321;4.02.321;Нет;2274;5012.00
6619;торцевой элемент 4.34.332;4.34.332;Нет;154;340.00
6620;торцевой элемент 4.34.232;4.34.232;Нет;154;340.00
6621;торцевой элемент 4.01.131;4.01.131;Нет;1636;3605.00
6622;торцевой элемент 4.34.132;4.34.132;Нет;154;340.00
6623;торцевой элемент 4.32.232;4.32.232;Нет;749;1650.00
6624;торцевой элемент 4.01.133;4.01.133;Нет;2486;5482.00
6625;торцевой элемент 4.01.231;4.01.231;Нет;1531;3375.00
6626;внутренний угол 4.32.222;4.32.222;Нет;1133;2497.00
6627;торцевой элемент 4.01.232;4.01.232;Нет;1641;3617.00
6628;внешний угол 4.32.211;4.32.211;Нет;1133;2497.00
6629;торцевой элемент 4.01.331;4.01.331;Нет;1547;3410.00
6630;торцевой элемент 4.34.331;4.34.331;Нет;193;424.00
6631;торцевой элемент 4.01.332;4.01.332;Нет;1665;3671.00
6632;торцевой элемент 4.33.231;4.33.231;Нет;217;479.00
6633;торцевой элемент 4.33.131;4.33.131;Нет;213;470.00
6634;торцевой элемент 4.31.332;4.31.332;Нет;999;2202.00
6635;торцевой элемент 4.31.331;4.31.331;Нет;1198;2640.00
6636;торцевой элемент 4.31.231;4.31.231;Нет;959;2116.00
6637;торцевой элемент 4.02.131;4.02.131;Нет;1767;3896.00
6638;торцевой элемент 4.31.131;4.31.131;Нет;1856;4091.00
6639;торцевой элемент 4.02.231;4.02.231;Нет;1430;3154.00
6640;внутренний угол 4.31.322;4.31.322;Нет;1380;3045.00
6642;внутренний угол 4.31.321;4.31.321;Нет;1658;3655.00
6643;торцевой элемент 4.03.231;4.03.231;Нет;154;340.00
6644;внутренний угол 4.31.221;4.31.221;Нет;1344;2963.00
6645;внутренний угол 4.31.121;4.31.121;Нет;2454;5410.00
6646;торцевой элемент 4.03.232;4.03.232;Нет;154;340.00
6647;торцевой элемент 4.03.331;4.03.331;Нет;154;340.00
6648;внешний угол 4.31.312;4.31.312;Нет;1380;3045.00
6649;торцевой элемент 4.04.131;4.04.131;Нет;154;340.00
6650;внешний угол 4.31.311;4.31.311;Нет;1658;3655.00
6651;торцевой элемент 4.04.132;4.04.132;Нет;154;340.00
6652;внешний угол 4.31.212;4.31.212;Нет;1477;3258.00
6653;торцевой элемент 4.04.231;4.04.231;Нет;154;340.00
6654;внешний угол 4.31.211;4.31.211;Нет;1344;2963.00
6655;торцевой элемент 4.04.232;4.04.232;Нет;154;340.00
6656;внешний угол 4.31.111;4.31.111;Нет;2454;5410.00
6657;торцевой элемент 4.04.332;4.04.332;Нет;154;340.00
6658;торцевой элемент 4.82.031;4.82.031;Нет;193;424.00
6659;арочное обрамление 4.87.031 гибкий;4.87.031;Да;2092;4613.00
6660;арочное обрамление 4.87.032 гибкий;4.87.032;Да;2092;4613.00
6661;арочное обрамление 4.87.033 гибкий;4.87.033;Да;1255;2768.00
6662;карниз 1.50.281 гибкий;1.50.281;Да;2762;5800.00
6663;карниз 1.50.282 гибкий;1.50.282;Да;937;1968.00
6664;молдинг 1.51.368 гибкий;1.51.368;Да;1540;3234.00
6665;молдинг 1.51.364;1.51.364;Нет;590;1237.00
6666;элемент камина 1.64.001;1.64.001;Нет;6116;12841.00
6667;элемент камина 1.64.002;1.64.002;Нет;3570;7494.00
6668;элемент камина 1.64.003;1.64.003;Нет;3570;7494.00
6670;карниз 1.50.277 гибкий;1.50.277;Да;2087;4384.00
6671;молдинг 1.51.373 гибкий;1.51.373;Да;1296;2720.00
6672;розетка 1.56.050;1.56.050;Нет;695;1460.00
6674;архитрав 1.26.001 гибкий;1.26.001;Да;2202;4626.00
6675;архитрав 1.26.002 гибкий;1.26.002;Да;2202;4626.00
6676;архитрав 1.26.003 гибкий;1.26.003;Да;2256;4738.00
6683;розетка 1.56.047;1.56.047;Нет;695;1460.00
6684;кронштейн 1.19.011;1.19.011;Нет;662;1390.00
6687;молдинг 1.51.307;1.51.307;Нет;661;1388.00
6707;молдинг 1.51.369;1.51.369;Нет;549;1152.00
6708;молдинг 1.51.376;1.51.376;Нет;428;898.00
6709;розетка 1.56.045;1.56.045;Нет;1641;3446.00
6710;угловой элемент 1.52.352;1.52.352;Нет;341;715.00
6711;кронштейн 1.19.009;1.19.009;Нет;647;1358.00
6736;орнамент 1.60.037;1.60.037;Нет;572;1201.00
6737;орнамент 1.60.038;1.60.038;Нет;546;1146.00
6738;орнамент 1.60.039;1.60.039;Нет;551;1157.00
6739;орнамент 1.60.040;1.60.040;Нет;590;1237.00
6740;наличник 1.54.014;1.54.014;Нет;1049;2205.00
6741;розетка 1.56.043;1.56.043;Нет;544;1142.00
6742;розетка 1.56.048;1.56.048;Нет;544;1142.00
6743;розетка 1.56.049;1.56.049;Нет;525;1102.00
6749;карниз 1.50.290;1.50.290;Нет;486;1020.00
6750;угловой элемент 1.52.375;1.52.375;Нет;342;719.00
6751;кронштейн 1.19.013;1.19.013;Нет;794;1669.00
6755;молдинг 1.51.338;1.51.338;Нет;341;717.00
6756;угловой элемент 1.52.376;1.52.376;Нет;332;699.00
6757;орнамент 1.60.035;1.60.035;Нет;161;338.00
6758;орнамент 1.60.135;1.60.135;Нет;161;338.00
6761;угловой элемент 1.52.283;1.52.283;Нет;326;686.00
6762;угловой элемент 1.52.284;1.52.284;Нет;315;660.00
6763;кронштейн 1.19.012;1.19.012;Нет;647;1358.00
6764;розетка 1.56.046;1.56.046;Нет;1925;4042.00
6765;карниз 1.50.225;1.50.225;Нет;451;945.00
6766;карниз 1.50.226;1.50.226;Нет;494;1039.00
6767;орнамент 1.60.036;1.60.036;Нет;1101;2310.00
6768;карниз 1.50.289;1.50.289;Нет;459;964.00
6770;карниз 1.50.283 гибкий;1.50.283;Да;937;1968.00
6771;карниз 1.50.206;1.50.206;Нет;373;785.00
6772;кронштейн 1.19.014;1.19.014;Нет;676;1421.00
6773;карниз 1.50.295;1.50.295;Нет;351;739.00
6783;карниз 1.50.293;1.50.293;Нет;548;1150.00
6784;карниз 1.50.294;1.50.294;Нет;374;786.00
6785;карниз 1.50.279 гибкий;1.50.279;Да;2032;4266.00
6786;карниз 1.50.293 гибкий;1.50.293;Да;1094;2300.00
6787;карниз 1.50.294 гибкий;1.50.294;Да;748;1572.00
6807;карниз 1.50.290 гибкий;1.50.290;Да;971;2040.00
6808;карниз 1.50.289 гибкий;1.50.289;Да;917;1928.00
6809;карниз 1.50.206 гибкий;1.50.206;Да;747;1570.00
6810;карниз 1.50.295 гибкий;1.50.295;Да;703;1478.00
6811;молдинг 1.51.376 гибкий;1.51.376;Да;856;1796.00
6812;молдинг 1.51.338 гибкий;1.51.338;Да;683;1434.00
6817;кронштейн 1.19.018;1.19.018;Нет;882;1854.00
6818;молдинг 1.51.382;1.51.382;Нет;702;1476.00
6819;молдинг 1.51.377;1.51.377;Нет;352;740.00
6820;молдинг 1.51.379;1.51.379;Нет;346;729.00
6821;карниз 1.50.272;1.50.272;Нет;374;786.00
6823;молдинг 1.51.379 гибкий;1.51.379;Да;694;1458.00
6824;карниз 1.50.272 гибкий;1.50.272;Да;748;1572.00
6826;молдинг 1.51.371;1.51.371;Нет;558;1171.00
6827;карниз 1.50.292;1.50.292;Нет;346;729.00
6828;карниз 1.50.292 гибкий;1.50.292;Да;694;1458.00
6829;карниз 1.50.225 гибкий;1.50.225;Да;900;1890.00
6830;карниз 1.50.226 гибкий;1.50.226;Да;989;2078.00
6835;молдинг 1.51.378;1.51.378;Нет;332;699.00
6836;розетка 1.56.052;1.56.052;Нет;492;1033.00
6837;квадрат 1.54.017;1.54.017;Нет;136;288.00
8330;молдинг 1.51.378 гибкий;1.51.378;Да;666;1398.00
8331;молдинг 1.51.377 гибкий;1.51.377;Да;705;1480.00
8332;молдинг 1.51.382 гибкий;1.51.382;Да;1406;2952.00
8981;кронштейн 1.19.015;1.19.015;Нет;631;1328.00
12094;карниз 1.50.298;1.50.298;Нет;366;770.00
12104;молдинг 1.51.372;1.51.372;Нет;337;706.00
13520;карниз 1.50.296;1.50.296;Нет;530;1099.00
14598;угловой элемент 1.52.299;1.52.299;Нет;360;755.00
14599;угловой элемент 1.52.279;1.52.279;Нет;360;755.00
14600;молдинг 1.51.365;1.51.365;Нет;494;1038.00
14781;плинтус 1.53.108;1.53.108;Нет;696;1462.00
17562;кронштейн 1.19.016;1.19.016;Нет;676;1421.00
17563;розетка 1.56.053;1.56.053;Нет;868;1822.00
21020;карниз 1.50.227;1.50.227;Нет;1382;2900.00
21021;молдинг 1.51.385;1.51.385;Нет;625;1312.00
21022;наличник 1.54.015;1.54.015;Нет;1018;2138.00
21023;сандрик 1.63.003;1.63.003;Нет;1140;2393.00
21126;плинтус 1.53.108 гибкий;1.53.108;Да;1393;2924.00
21618;карниз 1.50.299;1.50.299;Нет;360;754.00
21619;карниз 1.50.297;1.50.297;Нет;337;706.00
21620;молдинг 1.51.383;1.51.383;Нет;436;915.00
21621;молдинг 1.51.384;1.51.384;Нет;344;723.00
21623;розетка 1.56.055;1.56.055;Нет;1918;4029.00
22331;наличник 1.54.016;1.54.016;Нет;1035;2173.00
22334;молдинг 1.51.385 гибкий;1.51.385;Да;1250;2624.00
22336;карниз 1.50.296 гибкий;1.50.296;Да;1059;2198.00
22339;карниз 1.50.298 гибкий;1.50.298;Да;734;1540.00
26629;карниз 1.50.249;1.50.249;Нет;530;1099.00
27652;розетка 1.56.054;1.56.054;Нет;1823;3827.00
28243;карниз 1.50.299 гибкий;1.50.299;Да;718;1508.00
28244;карниз 1.50.297 гибкий;1.50.297;Да;672;1412.00
28245;молдинг 1.51.384 гибкий;1.51.384;Да;689;1446.00
29278;карниз 1.50.215;1.50.215;Нет;383;802.00
29860;плинтус 1.53.111;1.53.111;Нет;513;1077.00
31363;карниз 1.50.216;1.50.216;Нет;486;1020.00
31409;розетка 1.56.057;1.56.057;Нет;1153;2420.00
33172;кронштейн 1.19.017;1.19.017;Нет;710;1489.00
33407;карниз 1.50.228;1.50.228;Нет;1086;2279.00
36930;карниз 1.50.249 гибкий;1.50.249;Да;1059;2198.00
37766;розетка 1.56.056;1.56.056;Нет;809;1698.00
38420;декоративная панель 1.59.003;1.59.003;Нет;1078;2263.00
38421;декоративная панель 1.59.004;1.59.004;Нет;1078;2263.00
38422;декоративная панель 1.59.005;1.59.005;Нет;1014;2130.00
42718;карниз 1.50.215 гибкий;1.50.215;Да;765;1604.00
42720;карниз 1.50.216 гибкий;1.50.216;Да;971;2040.00
43862;торцевой элемент 4.82.032;4.82.032;Нет;160;351.00
43863;торцевой элемент 4.82.131;4.82.131;Нет;154;340.00
43864;торцевой элемент 4.82.231;4.82.231;Нет;154;340.00
43865;торцевой элемент 4.82.232;4.82.232;Нет;154;340.00
43866;торцевой элемент 4.82.332;4.82.332;Нет;154;340.00
43867;торцевой элемент 4.82.331;4.82.331;Нет;154;340.00
43868;торцевой элемент 4.82.033;4.82.033;Нет;154;340.00
47206;карниз 1.50.229;1.50.229;Нет;703;1477.00
47207;карниз 1.50.621;1.50.621;Нет;723;1520.00
47208;карниз 1.50.622;1.50.622;Нет;980;2059.00
47209;карниз 1.50.623;1.50.623;Нет;747;1569.00
47210;карниз 1.50.624;1.50.624;Нет;968;2033.00
47211;молдинг 1.51.601;1.51.601;Нет;836;1756.00
47212;молдинг 1.51.602;1.51.602;Нет;1715;3602.00
47213;молдинг 1.51.603;1.51.603;Нет;2451;5145.00
47214;молдинг 1.51.604;1.51.604;Нет;2328;4888.00
47215;молдинг 1.51.605;1.51.605;Нет;636;1319.00
47216;молдинг 1.51.606;1.51.606;Нет;781;1638.00
48388;карниз 1.50.227 гибкий;1.50.227;Да;2762;5800.00
48390;молдинг 1.51.386;1.51.386;Нет;337;706.00
48392;плинтус 1.53.112;1.53.112;Нет;544;1142.00
65559;молдинг 1.51.387;1.51.387;Нет;659;1382.00
65560;молдинг 1.51.388;1.51.388;Нет;659;1382.00
65561;база 1.54.040;1.54.040;Нет;424;891.00
65562;база 1.54.040;1.54.040;Нет;424;891.00
65563;база 1.54.050;1.54.050;Нет;415;872.00
65564;база 1.54.050;1.54.050;Нет;415;872.00
65565;Элемент 1.54.018;1.54.018;Нет;429;899.00
65645;карниз 1.50.228 гибкий;1.50.228;Да;2170;4558.00
67964;карниз 1.50.623 гибкий;1.50.623;Да;1494;3138.00
69864;карниз 1.50.501;1.50.501;Нет;1162;2441.00
69865;карниз 1.50.502;1.50.502;Нет;1532;3218.00
69866;карниз 1.50.503;1.50.503;Нет;1302;2736.00
69867;карниз 1.50.504;1.50.504;Нет;2407;5054.00
69868;карниз 1.50.524;1.50.524;Нет;2407;5054.00
69873;молдинг 1.51.501;1.51.501;Нет;1003;2107.00
69874;молдинг 1.51.502;1.51.502;Нет;1059;2225.00
69875;молдинг 1.51.503;1.51.503;Нет;747;1570.00
69876;молдинг 1.51.504;1.51.504;Нет;476;989.00
69877;молдинг 1.51.510;1.51.510;Нет;811;1703.00
69878;молдинг 1.51.518;1.51.518;Нет;2463;5169.00
69879;молдинг 1.51.513;1.51.513;Нет;963;2020.00
69890;декоративная панель 1.59.501;1.59.501;Нет;682;1432.00
69891;декоративная панель 1.59.503;1.59.503;Нет;919;1929.00
69892;плинтус 1.53.501;1.53.501;Нет;991;2081.00
69893;орнамент 1.60.501;1.60.501;Нет;230;483.00
69894;орнамент 1.60.503;1.60.503;Нет;172;362.00
69895;розетка 1.56.501;1.56.501;Нет;641;1347.00
69896;розетка 1.56.502;1.56.502;Нет;1147;2407.00
69900;розетка 1.56.503;1.56.503;Нет;2706;5683.00
69901;розетка гибкая 1.56.511;1.56.511;Нет;315;659.00
69902;арочный элемент 1.61.511 гибкий;1.61.511;Да;3906;8202.00
69903;потолочная панель 1.57.501;1.57.501;Нет;938;1971.00
69904;потолочная панель 1.57.502;1.57.502;Нет;297;625.00
69905;потолочная панель 1.57.503;1.57.503;Нет;682;1430.00
69906;потолочная панель 1.57.504;1.57.504;Нет;312;655.00
71228;декоративная панель 1.59.001;1.59.001;Нет;831;1743.00
73757;плинтус 1.53.112 гибкий;1.53.112;Да;1088;2284.00
74261;карниз 6.50.101;6.50.101;Нет;298;626.00
74262;молдинг 6.51.301;6.51.301;Нет;180;379.00
74263;плинтус 6.53.101;6.53.101;Нет;429;861.00
74264;карниз 6.50.103;6.50.103;Нет;234;492.00
74265;карниз 6.50.105;6.50.105;Нет;239;503.00
74266;карниз 6.50.113;6.50.113;Нет;321;666.00
74267;карниз 6.50.115;6.50.115;Нет;232;466.00
74268;карниз 6.50.130;6.50.130;Нет;153;319.00
74269;карниз 6.50.154;6.50.154;Нет;96;202.00
74270;карниз 6.50.155;6.50.155;Нет;108;227.00
74271;карниз 6.50.157;6.50.157;Нет;122;257.00
74272;карниз 6.50.160;6.50.160;Нет;285;598.00
74273;карниз 6.50.165;6.50.165;Нет;361;758.00
74274;карниз 6.50.171;6.50.171;Нет;195;410.00
74275;карниз 6.50.172;6.50.172;Нет;174;363.00
74276;карниз 6.50.174;6.50.174;Нет;234;492.00
74277;карниз 6.50.229;6.50.229;Нет;530;1129.00
74278;карниз 6.50.230;6.50.230;Нет;576;1209.00
74279;карниз 6.50.248;6.50.248;Нет;453;952.00
74280;карниз 6.50.297;6.50.297;Нет;109;229.00
74281;карниз 6.50.298;6.50.298;Нет;146;307.00
74282;карниз 6.50.299;6.50.299;Нет;179;376.00
74283;молдинг 6.51.302;6.51.302;Нет;271;567.00
74284;молдинг 6.51.307;6.51.307;Нет;352;740.00
74285;молдинг 6.51.308;6.51.308;Нет;172;345.00
74286;молдинг 6.51.321;6.51.321;Нет;97;204.00
74287;молдинг 6.51.322;6.51.322;Нет;100;203.00
74288;молдинг 6.51.323;6.51.323;Нет;120;252.00
74289;молдинг 6.51.345;6.51.345;Нет;352;740.00
74290;молдинг 6.51.362;6.51.362;Нет;164;344.00
74291;молдинг 6.51.363;6.51.363;Нет;239;490.00
74292;молдинг 6.51.384;6.51.384;Нет;172;352.00
74293;молдинг 6.51.385;6.51.385;Нет;355;712.00
74294;молдинг 6.51.386;6.51.386;Нет;139;292.00
74295;молдинг 6.51.400;6.51.400;Нет;180;379.00
74296;плинтус 6.53.102;6.53.102;Нет;426;879.00
74297;плинтус 6.53.103;6.53.103;Нет;315;638.00
74298;плинтус 6.53.104;6.53.104;Нет;361;757.00
74299;плинтус 6.53.105;6.53.105;Нет;454;954.00
74300;плинтус 6.53.106;6.53.106;Нет;231;484.00
74301;плинтус 6.53.107;6.53.107;Нет;304;638.00
74302;плинтус 6.53.108;6.53.108;Нет;345;725.00
74303;плинтус 6.53.109;6.53.109;Нет;330;671.00
74304;плинтус 6.53.112;6.53.112;Нет;287;604.00
76545;  1.50.710;1.50.710;Нет;1438;3018.00
76546;  1.51.701;1.51.701;Нет;669;1405.00
76547;  1.51.711;1.51.711;Нет;836;1756.00
76560;  6.50.701;6.50.701;Нет;143;306.00
76561;  6.50.702;6.50.702;Нет;298;636.00
76562;  6.50.703;6.50.703;Нет;241;515.00
76563;  6.50.704;6.50.704;Нет;413;879.00
76564;  6.50.705;6.50.705;Нет;332;711.00
76565;  6.50.706;6.50.706;Нет;618;1319.00
76566;  6.50.708;6.50.708;Нет;257;549.00
76567;  6.50.709;6.50.709;Нет;571;1209.00
76568;  6.51.702;6.51.702;Нет;168;354.00
76569;  6.51.703;6.51.703;Нет;233;489.00
76570;  6.51.704;6.51.704;Нет;330;695.00
76571;  6.51.705;6.51.705;Нет;223;469.00
76572;  6.51.706;6.51.706;Нет;308;649.00
76573;  6.51.707;6.51.707;Нет;330;695.00
76574;  6.51.708;6.51.708;Нет;419;879.00
76575;  6.51.710;6.51.710;Нет;296;630.00
76576;  6.53.701;6.53.701;Нет;441;927.00
76577;  6.53.702;6.53.702;Нет;264;549.00
76578;  6.53.703;6.53.703;Нет;422;879.00
76579;  6.53.704;6.53.704;Нет;469;984.00
76580;  6.53.705;6.53.705;Нет;352;741.00
76581;розетка 1.56.701;1.56.701;Нет;1236;2596.00
76582;розетка 1.56.702;1.56.702;Нет;748;1572.00
76583;розетка 1.56.703;1.56.703;Нет;301;634.00
76584;розетка 1.56.705;1.56.705;Нет;776;1628.00
76586;розетка 1.56.707;1.56.707;Нет;762;1600.00
76587;розетка 1.56.708;1.56.708;Нет;932;1958.00
76588;розетка 1.56.709;1.56.709;Нет;546;1146.00
76589;розетка 1.56.710;1.56.710;Нет;1206;2532.00
78427;  6.51.710;6.51.710;Нет;296;630.00
78428;  1.51.711;1.51.711;Нет;836;1756.00
78429;  6.53.701;6.53.701;Нет;441;927.00
78430;  6.53.702;6.53.702;Нет;264;549.00
78431;  6.53.703;6.53.703;Нет;422;879.00
78432;  6.53.704;6.53.704;Нет;469;984.00
78433;  6.53.705;6.53.705;Нет;352;741.00
79707;  6.50.719;6.50.719;Нет;571;1209.00
83144;плинтус 1.53.111 гибкий;1.53.111;Да;1025;2154.00
84138;карниз 1.50.285 гибкий;1.50.285;Да;2115;4442.00
84701;молдинг 1.51.366;1.51.366;Нет;477;989.00
93666;база 1.54.060;1.54.060;Нет;418;872.00
93667;база 1.54.070;1.54.070;Нет;415;872.00
93749;база 1.54.060;1.54.060;Нет;418;872.00
93750;база 1.54.070;1.54.070;Нет;415;872.00
98517;элемент 1.65.501;1.65.501;Нет;231;484.00
98518;элемент 1.65.502;1.65.502;Нет;208;436.00
98519;элемент 1.65.503;1.65.503;Нет;188;395.00
99041;молдинг 1.51.518;1.51.518;Нет;2463;5169.00
99042;молдинг 1.51.518;1.51.518;Нет;2463;5169.00
99043;потолочная панель 1.57.502;1.57.502;Нет;297;625.00
99044;потолочная панель 1.57.503;1.57.503;Нет;682;1430.00
99045;потолочная панель 1.57.504;1.57.504;Нет;312;655.00
104199;карниз 6.50.108;6.50.108;Нет;506;1063.00
104753;молдинг 1.51.383 гибкий;1.51.383;Да;870;1830.00
109457;розетка 1.56.512 гибкий;1.56.512;Да;;673.00
126248;карниз 1.50.229 гибкий;1.50.229;Да;1407;2954.00
126267;карниз 1.50.621 гибкий;1.50.621;Да;1447;3040.00
126268;карниз 1.50.622 гибкий;1.50.622;Да;1961;4118.00
126269;карниз 1.50.624 гибкий;1.50.624;Да;1937;4066.00
127537; 1.51.701 гибкий;1.51.701;Да;1339;2810.00
