IE_XML_ID;IE_NAME;IP_PROP142;IP_PROP157;IP_PROP160;IP_PROP446;CV_PRICE_1;IP_PROP670
4775;карниз 1.50.115;1.50.115;N;ВР000001045;;1113.00;1091
4776;карниз 1.50.116;1.50.116;N;ВР000001487;;2809.00;2750
4777;карниз 1.50.117;1.50.117;N;ВР000001046;;2462.00;2742
4778;карниз 1.50.118;1.50.118;N;ВР000001868;;1871.00;1831
4779;карниз 1.50.119;1.50.119;N;ВР000001858;;1531.00;1499
4780;карниз 1.50.120;1.50.120;N;ВР000001867;;3112.00;3047
4781;карниз 1.50.121;1.50.121;N;ВР000001047;N;1501.00;1470
4782;карниз 1.50.122;1.50.122;N;ВР000001048;;987.00;967
4783;карниз 1.50.100;1.50.100;N;ВР000001042;N;1201.00;1341
4784;карниз 1.50.102;1.50.102;N;ВР000005632;;1098.00;1076
4785;карниз 1.50.103;1.50.103;N;ВР000005166;;1108.00;1087
4786;карниз 1.50.104;1.50.104;N;ВР000001293;;2732.00;2674
4787;карниз 1.50.105;1.50.105;N;ВР000005167;;1347.00;1320
4788;карниз 1.50.106;1.50.106;N;ВР000005174;;1455.00;1426
4789;карниз 1.50.107;1.50.107;N;ВР000005326;;1723.00;1687
4791;карниз 1.50.110;1.50.110;N;ВР000002931;;3528.00;3452
4792;карниз 1.50.111;1.50.111;N;ВР000001285;N;2888.00;2828
4793;карниз 1.50.112;1.50.112;N;ВР000001043;;1433.00;1403
4794;карниз 1.50.113;1.50.113;N;ВР000001044;;1367.00;1488
4795;карниз 1.50.123;1.50.123;N;ВР000001718;;1022.00;1000
4796;карниз 1.50.124;1.50.124;N;ВР000001972;;2550.00;2547
4797;карниз 1.50.125;1.50.125;N;ВР000002129;;2140.00;2095
4798;карниз 1.50.126;1.50.126;N;ВР001003726;;1500.00;1467
4799;карниз 1.50.127;1.50.127;N;ВР000002929;N;1455.00;1426
4800;карниз 1.50.128;1.50.128;N;ВР000002329;;2480.00;2492
4801;карниз 1.50.129;1.50.129;N;ВР000005168;;1468.00;1436
4802;карниз 1.50.130;1.50.130;N;ВР000001049;;1029.00;1008
4803;карниз 1.50.131;1.50.131;N;ВР000001081;N;2306.00;2452
4804;карниз 1.50.132;1.50.132;N;ВР000001050;N;2772.00;3072
4805;карниз 1.50.133;1.50.133;N;ВР000001076;N;2016.00;2267
4806;карниз 1.50.134;1.50.134;N;ВР000001051;N;3608.00;3532
4807;карниз 1.50.135;1.50.135;N;ВР000001303;N;1562.00;1529
4808;карниз 1.50.136;1.50.136;N;ВР000002167;;1751.00;1713
4809;карниз 1.50.137;1.50.137;N;ВР000001827;;3819.00;3737
4810;карниз 1.50.138;1.50.138;N;ВР000002343;;3199.00;3133
4811;карниз 1.50.139;1.50.139;N;ВР000006023;N;2449.00;2396
4812;карниз 1.50.140;1.50.140;N;ВР000001052;;1429.00;1399
4813;карниз 1.50.141;1.50.141;N;ВР000005170;;1429.00;1399
4814;карниз 1.50.142;1.50.142;N;ВР000001544;N;3199.00;3133
4815;карниз 1.50.143;1.50.143;N;ВР000005171;;1378.00;1351
4816;карниз 1.50.144;1.50.144;N;ВР000005173;N;1531.00;1499
4817;карниз 1.50.145;1.50.145;N;ВР000001586;;4062.00;3977
4818;карниз 1.50.146;1.50.146;N;ВР000005175;N;2588.00;2534
4819;карниз 1.50.147;1.50.147;N;ВР000001182;;3199.00;3133
4820;карниз 1.50.148;1.50.148;N;ВР000006025;;2723.00;2668
4822;карниз 1.50.150;1.50.150;N;ВР000001054;N;1051.00;1029
4824;карниз 1.50.152;1.50.152;N;ВР001021965;;2474.00;2421
4825;карниз 1.50.153;1.50.153;N;ВР001021966;;2474.00;2421
4826;карниз 1.50.154;1.50.154;N;ВР001022849;;959.00;940
4827;карниз 1.50.155;1.50.155;N;ВР001022850;;951.00;933
4828;карниз 1.50.156;1.50.156;N;ВР001022851;;1054.00;1031
4829;карниз 1.50.157;1.50.157;N;ВР001022852;;981.00;960
4830;карниз 1.50.158;1.50.158;N;ВР001022853;;992.00;971
4831;карниз 1.50.159;1.50.159;N;ВР001022854;N;1019.00;998
4832;карниз 1.50.160;1.50.160;N;ВР000001055;;1347.00;1320
4833;карниз 1.50.162;1.50.162;N;ВР000002855;;1378.00;1351
4834;карниз 1.50.163;1.50.163;N;ВР000002934;N;2686.00;2630
4835;карниз 1.50.164;1.50.164;N;ВР000002936;;2954.00;2893
4836;карниз 1.50.165;1.50.165;N;ВР000001056;;1405.00;1374
4837;карниз 1.50.166;1.50.166;N;ВР000004078;;1709.00;1672
4838;карниз 1.50.167;1.50.167;N;ВР000004319;;2888.00;2828
4839;карниз 1.50.168;1.50.168;N;ВР000004036;N;2888.00;2828
4840;карниз 1.50.169;1.50.169;N;ВР000005325;;2723.00;2668
4841;карниз 1.50.170;1.50.170;N;ВР000001057;N;1531.00;1499
4842;карниз 1.50.171;1.50.171;N;ВР001022855;;1011.00;991
4843;карниз 1.50.172;1.50.172;N;ВР001022856;;1050.00;1029
4844;карниз 1.50.173;1.50.173;N;ВР001022857;;1054.00;1031
4845;карниз 1.50.174;1.50.174;N;ВР001022858;N;1071.00;1049
4846;карниз 1.50.175;1.50.175;N;ВР000001355;;2871.00;2811
4847;карниз 1.50.176;1.50.176;N;ВР000005000;;1562.00;1529
4848;карниз 1.50.177;1.50.177;N;ВР000006024;N;1567.00;1536
4849;карниз 1.50.180;1.50.180;N;ВР000001451;;2665.00;2608
4850;карниз 1.50.181;1.50.181;N;ВР001023412;;901.00;882
4851;карниз 1.50.182;1.50.182;N;ВР001023413;;888.00;870
4852;карниз 1.50.183;1.50.183;N;ВР001023414;;1605.00;1574
4853;карниз 1.50.184;1.50.184;N;ВР001023415;;963.00;945
4854;карниз 1.50.185;1.50.185;N;ВР001023416;;1686.00;1650
4855;карниз 1.50.186;1.50.186;N;ВР001023417;;963.00;945
4857;карниз 1.50.188;1.50.188;N;ВР001023693;;855.00;838
4858;карниз 1.50.190;1.50.190;N;ВР001024050;;642.00;628
4859;карниз 1.50.191;1.50.191;N;ВР001024053;;630.00;618
4860;карниз 1.50.192;1.50.192;N;ВР002025145;;1454.00;1423
4861;карниз 1.50.193;1.50.193;N;ВР002025144;;899.00;881
4862;карниз 1.50.194;1.50.194;N;ВР002025137;;1378.00;1351
4863;карниз 1.50.195;1.50.195;N;ВР002025296;;901.00;882
4864;карниз 1.50.196;1.50.196;N;ВР002025293;;1454.00;1423
4865;карниз 1.50.197;1.50.197;N;ВР002025291;;963.00;945
4866;карниз 1.50.198;1.50.198;N;ВР002025290;;1573.00;1543
4868;карниз 1.50.201;1.50.201;N;ВР002025337;;3548.00;3472
4870;карниз 1.50.203;1.50.203;N;ВР002025341;;1694.00;1697
4871;карниз 1.50.204;1.50.204;N;ВР002025428;;827.00;811
4872;карниз 1.50.208;1.50.208;N;ВР002025426;N;1531.00;1499
4873;карниз 1.50.209;1.50.209;N;ВР000001058;;3322.00;3254
4874;карниз 1.50.210;1.50.210;N;ВР000001077;N;2084.00;2039
4875;карниз 1.50.211;1.50.211;N;ВР000004385;;3558.00;3483
4876;карниз 1.50.212;1.50.212;N;ВР000004386;;2135.00;2090
4877;карниз 1.50.220;1.50.220;N;ВР000001281;;3082.00;3017
4878;карниз 1.50.221;1.50.221;N;ВР000001338;N;3607.00;3532
4879;карниз 1.50.222;1.50.222;N;ВР000001612;;3978.00;3895
4880;карниз 1.50.250;1.50.250;N;ВР000005486;;1562.00;1529
4881;карниз 1.50.251;1.50.251;N;ВР000005602;;1009.00;987
4882;карниз 1.50.252;1.50.252;N;ВР000004035;N;3036.00;2973
4883;карниз 1.50.253;1.50.253;N;ВР000005501;;901.00;882
4884;карниз 1.50.254;1.50.254;N;ВР000005595;;2269.00;2221
4886;карниз 1.50.256;1.50.256;N;ВР000005750;;2930.00;2869
4887;карниз 1.50.257;1.50.257;N;ВР000005752;;1048.00;1025
4888;карниз 1.50.258;1.50.258;N;ВР000005754;;964.00;946
4890;карниз 1.50.260;1.50.260;N;ВР000006884;;2134.00;2088
4891;карниз 1.50.261;1.50.261;N;ВР001000006;N;2021.00;2254
4892;карниз 1.50.262;1.50.262;N;ВР001000028;N;2958.00;2897
4893;карниз 1.50.264;1.50.264;N;ВР001002926;;2175.00;2129
4894;карниз 1.50.265;1.50.265;N;ВР001007508;N;919.00;900
4895;карниз 1.50.266;1.50.266;N;ВР001007509;;1378.00;1351
4896;карниз 1.50.267;1.50.267;N;ВР001007510;;1782.00;1745
4897;карниз 1.50.268;1.50.268;N;ВР001007511;N;1833.00;1794
4898;карниз 1.50.269;1.50.269;N;ВР001007512;N;3220.00;3154
4899;карниз 1.50.270;1.50.270;N;ВР001007513;N;2079.00;2034
4900;карниз 1.50.271;1.50.271;N;ВР002025312;N;4436.00;4343
4901;карниз 1.50.273;1.50.273;N;ВР002025512;;3706.00;3627
4902;карниз 1.50.114 гибкий;1.50.114;Y;ВР002028331;;1653.00;1622
4903;карниз 1.50.115 гибкий;1.50.115;Y;ВР002028332;;2225.00;2182
4904;карниз 1.50.116 гибкий;1.50.116;Y;ВР002028333;;5617.00;5500
4905;карниз 1.50.117 гибкий;1.50.117;Y;ВР002028334;;4924.00;5484
4906;карниз 1.50.118 гибкий;1.50.118;Y;ВР002028335;;3740.00;3662
4907;карниз 1.50.119 гибкий;1.50.119;Y;ВР002028336;;3060.00;2998
4908;карниз 1.50.120 гибкий;1.50.120;Y;ВР002028337;;6224.00;6094
4909;карниз 1.50.121 гибкий;1.50.121;Y;ВР002028338;;3001.00;2940
4910;карниз 1.50.122 гибкий;1.50.122;Y;ВР002028339;;1974.00;1934
4911;карниз 1.50.100 гибкий;1.50.100;Y;ВР002028318;;2401.00;2682
4912;карниз 1.50.102 гибкий;1.50.102;Y;ВР002028319;;2195.00;2152
4913;карниз 1.50.103 гибкий;1.50.103;Y;ВР002028320;;2214.00;2174
4914;карниз 1.50.104 гибкий;1.50.104;Y;ВР002028321;N;5462.00;5348
4915;карниз 1.50.105 гибкий;1.50.105;Y;ВР002028322;;2693.00;2640
4916;карниз 1.50.106 гибкий;1.50.106;Y;ВР002028323;;2907.00;2852
4917;карниз 1.50.107 гибкий;1.50.107;Y;ВР002028324;;3444.00;3374
4918;карниз 1.50.109 гибкий;1.50.109;Y;ВР002028326;;3740.00;3662
4919;карниз 1.50.110 гибкий;1.50.110;Y;ВР002028327;;7054.00;6904
4920;карниз 1.50.111 гибкий;1.50.111;Y;ВР002028328;N;5773.00;5656
4921;карниз 1.50.112 гибкий;1.50.112;Y;ВР002028329;;2865.00;2806
4922;карниз 1.50.113 гибкий;1.50.113;Y;ВР002028330;;2733.00;2976
4923;карниз 1.50.123 гибкий;1.50.123;Y;ВР002028340;;2041.00;2000
4924;карниз 1.50.124 гибкий;1.50.124;Y;ВР002028341;;5100.00;5094
4925;карниз 1.50.125 гибкий;1.50.125;Y;ВР002028342;;4279.00;4190
4926;карниз 1.50.126 гибкий;1.50.126;Y;ВР002028343;N;2999.00;2934
4927;карниз 1.50.127 гибкий;1.50.127;Y;ВР002028344;;2907.00;2852
4928;карниз 1.50.128 гибкий;1.50.128;Y;ВР002028345;;4959.00;4984
4929;карниз 1.50.129 гибкий;1.50.129;Y;ВР002028346;;2934.00;2872
4930;карниз 1.50.130 гибкий;1.50.130;Y;ВР002028347;;2057.00;2016
4931;карниз 1.50.131 гибкий;1.50.131;Y;ВР002028348;;4612.00;4904
4932;карниз 1.50.132 гибкий;1.50.132;Y;ВР002028349;;5544.00;6144
4933;карниз 1.50.133 гибкий;1.50.133;Y;ВР002028350;;4031.00;4534
4934;карниз 1.50.134 гибкий;1.50.134;Y;ВР002028366;;7215.00;7064
4935;карниз 1.50.135 гибкий;1.50.135;Y;ВР002028367;;3122.00;3057
4936;карниз 1.50.136 гибкий;1.50.136;Y;ВР002028368;;3500.00;3426
4937;карниз 1.50.137 гибкий;1.50.137;Y;ВР002028369;;7636.00;7474
4938;карниз 1.50.138 гибкий;1.50.138;Y;ВР002028370;;6397.00;6266
4939;карниз 1.50.139 гибкий;1.50.139;Y;ВР002028371;;4897.00;4792
4940;карниз 1.50.140 гибкий;1.50.140;Y;ВР002028372;;2857.00;2798
4941;карниз 1.50.141 гибкий;1.50.141;Y;ВР002028373;;2857.00;2798
4942;карниз 1.50.142 гибкий;1.50.142;Y;ВР002028374;N;6397.00;6266
4943;карниз 1.50.143 гибкий;1.50.143;Y;ВР002028375;;2754.00;2702
4944;карниз 1.50.144 гибкий;1.50.144;Y;ВР002028376;;3060.00;2998
4945;карниз 1.50.145 гибкий;1.50.145;Y;ВР002028377;N;8122.00;7954
4946;карниз 1.50.146 гибкий;1.50.146;Y;ВР002028378;;5175.00;5068
4947;карниз 1.50.147 гибкий;1.50.147;Y;ВР002028379;N;6397.00;6266
4948;карниз 1.50.148 гибкий;1.50.148;Y;ВР002028380;;5445.00;5336
4950;карниз 1.50.150 гибкий;1.50.150;Y;ВР002028382;;2099.00;2058
4951;карниз 1.50.151 гибкий;1.50.151;Y;ВР002028383;;4947.00;4842
4953;карниз 1.50.153 гибкий;1.50.153;Y;ВР002028385;;4947.00;4842
4954;карниз 1.50.154 гибкий;1.50.154;Y;ВР002028386;N;1917.00;1880
4955;карниз 1.50.155 гибкий;1.50.155;Y;ВР002028387;;1900.00;1866
4956;карниз 1.50.156 гибкий;1.50.156;Y;ВР002028388;;2108.00;2062
4957;карниз 1.50.157 гибкий;1.50.157;Y;ВР002028389;;1958.00;1920
4958;карниз 1.50.158 гибкий;1.50.158;Y;ВР002028390;;1980.00;1942
4959;карниз 1.50.159 гибкий;1.50.159;Y;ВР002028391;N;2037.00;1996
4960;карниз 1.50.160 гибкий;1.50.160;Y;ВР002028392;;2693.00;2640
4961;карниз 1.50.162 гибкий;1.50.162;Y;ВР002028393;;2754.00;2702
4962;карниз 1.50.163 гибкий;1.50.163;Y;ВР002028394;N;5370.00;5260
4963;карниз 1.50.164 гибкий;1.50.164;Y;ВР002028395;;5905.00;5786
4964;карниз 1.50.165 гибкий;1.50.165;Y;ВР002028396;;2809.00;2748
4965;карниз 1.50.166 гибкий;1.50.166;Y;ВР002028397;N;3416.00;3344
4966;карниз 1.50.168 гибкий;1.50.168;Y;ВР002028398;N;5773.00;5656
4967;карниз 1.50.169 гибкий;1.50.169;Y;ВР002028399;;5445.00;5336
4968;карниз 1.50.170 гибкий;1.50.170;Y;ВР002028400;;3060.00;2998
4969;карниз 1.50.171 гибкий;1.50.171;Y;ВР002028401;;2022.00;1982
4970;карниз 1.50.172 гибкий;1.50.172;Y;ВР002028402;;2097.00;2058
4971;карниз 1.50.173 гибкий;1.50.173;Y;ВР002028403;;2108.00;2062
4972;карниз 1.50.174 гибкий;1.50.174;Y;ВР002028404;;2141.00;2098
4973;карниз 1.50.175 гибкий;1.50.175;Y;ВР002028405;;5740.00;5622
4975;карниз 1.50.177 гибкий;1.50.177;Y;ВР002028407;;3132.00;3072
4976;карниз 1.50.180 гибкий;1.50.180;Y;ВР002028409;;5328.00;5216
4977;карниз 1.50.181 гибкий;1.50.181;Y;ВР002028410;;1801.00;1764
4978;карниз 1.50.182 гибкий;1.50.182;Y;ВР002028411;;1773.00;1740
4979;карниз 1.50.183 гибкий;1.50.183;Y;ВР002028412;;3208.00;3148
4980;карниз 1.50.184 гибкий;1.50.184;Y;ВР002028413;;1925.00;1889
4981;карниз 1.50.185 гибкий;1.50.185;Y;ВР002028414;;3371.00;3300
4982;карниз 1.50.186 гибкий;1.50.186;Y;ВР002028415;;1925.00;1889
4983;карниз 1.50.187 гибкий;1.50.187;Y;ВР002028416;;1709.00;1676
4984;карниз 1.50.188 гибкий;1.50.188;Y;ВР002028417;;1709.00;1676
4985;карниз 1.50.190 гибкий;1.50.190;Y;ВР002028419;;1283.00;1256
4986;карниз 1.50.191 гибкий;1.50.191;Y;ВР002028420;;1257.00;1235
4987;карниз 1.50.192 гибкий;1.50.192;Y;ВР002028421;N;2904.00;2846
4988;карниз 1.50.193 гибкий;1.50.193;Y;ВР002028422;;1796.00;1761
4989;карниз 1.50.194 гибкий;1.50.194;Y;ВР002028423;;2754.00;2702
4990;карниз 1.50.195 гибкий;1.50.195;Y;ВР002028424;;1801.00;1764
4991;карниз 1.50.197 гибкий;1.50.197;Y;ВР002028426;;1925.00;1889
4992;карниз 1.50.200 гибкий;1.50.200;Y;ВР002028429;;1709.00;1676
4994;карниз 1.50.203 гибкий;1.50.203;Y;ВР002028432;;3388.00;3394
4995;карниз 1.50.209 гибкий;1.50.209;Y;ВР002028436;N;6644.00;6508
4997;карниз 1.50.220 гибкий;1.50.220;Y;ВР002028438;N;6160.00;6034
4998;карниз 1.50.221 гибкий;1.50.221;Y;ВР002028439;N;7213.00;7064
4999;карниз 1.50.222 гибкий;1.50.222;Y;ВР002028440;N;7956.00;7790
5000;карниз 1.50.250 гибкий;1.50.250;Y;ВР002028441;;3122.00;3057
5001;карниз 1.50.251 гибкий;1.50.251;Y;ВР002028442;;2016.00;1974
5002;карниз 1.50.252 гибкий;1.50.252;Y;ВР002028443;N;6071.00;5946
5003;карниз 1.50.253 гибкий;1.50.253;Y;ВР002028444;;1801.00;1764
5004;карниз 1.50.254 гибкий;1.50.254;Y;ВР002028445;;4537.00;4442
5005;карниз 1.50.255 гибкий;1.50.255;Y;ВР002028446;;3059.00;2996
5006;карниз 1.50.256 гибкий;1.50.256;Y;ВР002028447;;5857.00;5738
5007;карниз 1.50.257 гибкий;1.50.257;Y;ВР002028448;;2092.00;2050
5008;карниз 1.50.258 гибкий;1.50.258;Y;ВР002028449;;1925.00;1892
5009;карниз 1.50.259 гибкий;1.50.259;Y;ВР002028450;;1653.00;1622
5010;карниз 1.50.260 гибкий;1.50.260;Y;ВР002028451;;4266.00;4175
5011;карниз 1.50.261 гибкий;1.50.261;Y;ВР002028452;N;4042.00;4508
5012;карниз 1.50.262 гибкий;1.50.262;Y;ВР002028453;;5915.00;5794
5013;карниз 1.50.264 гибкий;1.50.264;Y;ВР002028454;;4349.00;4258
5014;карниз 1.50.265 гибкий;1.50.265;Y;ВР002028455;N;1836.00;1799
5015;карниз 1.50.266 гибкий;1.50.266;Y;ВР002028456;;2754.00;2702
5016;карниз 1.50.267 гибкий;1.50.267;Y;ВР002028457;;3563.00;3489
5017;карниз 1.50.268 гибкий;1.50.268;Y;ВР002028458;;3665.00;3587
5018;карниз 1.50.269 гибкий;1.50.269;Y;ВР002028459;;6439.00;6308
5019;карниз 1.50.270 гибкий;1.50.270;Y;ВР002028460;;4157.00;4068
5020;молдинг 1.51.311;1.51.311;N;ВР000001522;;1194.00;1169
5021;молдинг 1.51.314;1.51.314;N;ВР000001642;;1209.00;1187
5022;молдинг 1.51.327;1.51.327;N;ВР000004028;;1648.00;1615
5023;молдинг 1.51.301;1.51.301;N;ВР000001059;N;861.00;960
5024;молдинг 1.51.305;1.51.305;N;ВР000001062;;995.00;973
5025;молдинг 1.51.321;1.51.321;N;ВР000005725;N;939.00;919
5026;молдинг 1.51.400;1.51.400;N;ВР000005827;N;999.00;980
5027;молдинг 1.51.302;1.51.302;N;ВР000001060;N;1050.00;1172
5028;молдинг 1.51.303;1.51.303;N;ВР000001061;N;1295.00;1269
5029;молдинг 1.51.304;1.51.304;N;ВР000001167;N;1225.00;1200
5030;молдинг 1.51.306;1.51.306;N;ВР000001064;;1022.00;1000
5031;молдинг 1.51.307;1.51.307;N;ВР000001065;;1933.00;1893
5032;молдинг 1.51.324;1.51.324;N;ВР000002932;;564.00;552
5033;молдинг 1.51.352;1.51.352;N;ВР000005503;;696.00;681
5035;молдинг 1.51.312;1.51.312;N;ВР000001595;;1139.00;1114
5037;молдинг 1.51.350;1.51.350;N;ВР000005488;;1244.00;1218
5038;молдинг 1.51.326;1.51.326;N;ВР000004305;;716.00;702
5039;молдинг 1.51.308;1.51.308;N;ВР000001175;N;1139.00;1114
5040;молдинг 1.51.309;1.51.309;N;ВР000001170;;765.00;749
5041;молдинг 1.51.310;1.51.310;N;ВР000001183;;1933.00;1893
5043;молдинг 1.51.315;1.51.315;N;ВР000001942;;1251.00;1227
5044;молдинг 1.51.316;1.51.316;N;ВР000002045;;1159.00;1135
5045;молдинг 1.51.317;1.51.317;N;ВР000002067;;1830.00;1793
5047;молдинг 1.51.319;1.51.319;N;ВР000002566;;1256.00;1229
5049;молдинг 1.51.322;1.51.322;N;ВР001022869;N;956.00;936
5050;молдинг 1.51.328;1.51.328;N;ВР000005631;;716.00;702
5053;молдинг 1.51.340;1.51.340;N;ВР000002481;;708.00;694
5055;молдинг 1.51.342;1.51.342;N;ВР001007515;;1250.00;1224
5056;молдинг 1.51.343;1.51.343;N;ВР001007516;;1225.00;1200
5057;молдинг 1.51.344;1.51.344;N;ВР001007518;;1250.00;1224
5058;молдинг 1.51.351;1.51.351;N;ВР000005561;;735.00;720
5060;молдинг 1.51.401;1.51.401;N;ВР000005728;N;941.00;922
5061;молдинг 1.51.323;1.51.323;N;ВР001022870;;973.00;953
5062;молдинг 1.51.339;1.51.339;N;ВР001023833;;735.00;720
5063;молдинг 1.51.331;1.51.331;N;ВР001023821;;765.00;749
5066;молдинг 1.51.335;1.51.335;N;ВР001023827;;767.00;751
5067;молдинг 1.51.337;1.51.337;N;ВР001023831;N;1250.00;1224
5068;молдинг 1.51.348;1.51.348;N;ВР002025333;;1209.00;1187
5069;молдинг 1.51.349;1.51.349;N;ВР002025335;;1194.00;1169
5070;молдинг 1.51.329;1.51.329;N;ВР001023819;;596.00;583
5071;молдинг 1.51.347;1.51.347;N;ВР002025135;N;1898.00;1858
5072;молдинг 1.51.355;1.51.355;N;ВР002025434;N;1965.00;1924
5073;молдинг 1.51.354;1.51.354;N;ВР002025432;;1252.00;1227
5074;молдинг 1.51.311 гибкий;1.51.311;Y;ВР002028473;;2387.00;2337
5075;молдинг 1.51.314 гибкий;1.51.314;Y;ВР002028476;;2417.00;2374
5076;молдинг 1.51.327 гибкий;1.51.327;Y;ВР002028488;;3294.00;3230
5077;молдинг 1.51.301 гибкий;1.51.301;Y;ВР002028463;;1721.00;1920
5078;молдинг 1.51.305 гибкий;1.51.305;Y;ВР002028467;;1988.00;1946
5079;молдинг 1.51.321 гибкий;1.51.321;Y;ВР002028482;;1875.00;1838
5080;молдинг 1.51.400 гибкий;1.51.400;Y;ВР002028520;N;1997.00;1960
5081;молдинг 1.51.302 гибкий;1.51.302;Y;ВР002028464;;2099.00;2344
5082;молдинг 1.51.303 гибкий;1.51.303;Y;ВР002028465;;2589.00;2538
5083;молдинг 1.51.304 гибкий;1.51.304;Y;ВР002028466;;2448.00;2400
5084;молдинг 1.51.306 гибкий;1.51.306;Y;ВР002028468;;2041.00;2000
5085;молдинг 1.51.307 гибкий;1.51.307;Y;ВР002028469;;3865.00;3786
5086;молдинг 1.51.324 гибкий;1.51.324;Y;ВР002028485;;1125.00;1103
5087;молдинг 1.51.352 гибкий;1.51.352;Y;ВР002028511;;1389.00;1362
5088;молдинг 1.51.325 гибкий;1.51.325;Y;ВР002028486;;2469.00;2420
5089;молдинг 1.51.312 гибкий;1.51.312;Y;ВР002028474;;2277.00;2228
5090;молдинг 1.51.332 гибкий;1.51.332;Y;ВР002028493;;1441.00;1412
5091;молдинг 1.51.350 гибкий;1.51.350;Y;ВР002028509;;2487.00;2435
5092;молдинг 1.51.326 гибкий;1.51.326;Y;ВР002028487;;1431.00;1403
5093;молдинг 1.51.308 гибкий;1.51.308;Y;ВР002028470;;2277.00;2228
5094;молдинг 1.51.309 гибкий;1.51.309;Y;ВР002028471;;1529.00;1497
5095;молдинг 1.51.310 гибкий;1.51.310;Y;ВР002028472;;3865.00;3786
5096;молдинг 1.51.313 гибкий;1.51.313;Y;ВР002028475;;1451.00;1425
5097;молдинг 1.51.315 гибкий;1.51.315;Y;ВР002028477;;2501.00;2454
5098;молдинг 1.51.316 гибкий;1.51.316;Y;ВР002028478;;2315.00;2270
5099;молдинг 1.51.317 гибкий;1.51.317;Y;ВР002028479;;3658.00;3586
5100;молдинг 1.51.318 гибкий;1.51.318;Y;ВР002028480;;1554.00;1523
5101;молдинг 1.51.319 гибкий;1.51.319;Y;ВР002028481;;2510.00;2457
5103;молдинг 1.51.322 гибкий;1.51.322;Y;ВР002028483;;1911.00;1872
5104;молдинг 1.51.328 гибкий;1.51.328;Y;ВР002028489;;1431.00;1403
5107;молдинг 1.51.340 гибкий;1.51.340;Y;ВР002028500;;1415.00;1388
5108;молдинг 1.51.341 гибкий;1.51.341;Y;ВР002028501;;1556.00;1527
5109;молдинг 1.51.342 гибкий;1.51.342;Y;ВР002028502;;2499.00;2448
5110;молдинг 1.51.343 гибкий;1.51.343;Y;ВР002028503;;2448.00;2400
5111;молдинг 1.51.344 гибкий;1.51.344;Y;ВР002028504;;2499.00;2448
5112;молдинг 1.51.351 гибкий;1.51.351;Y;ВР002028510;;1469.00;1440
5113;молдинг 1.51.380 гибкий;1.51.380;Y;ВР002028519;;3296.00;3230
5114;молдинг 1.51.401 гибкий;1.51.401;Y;ВР002028521;;1879.00;1844
5115;молдинг 1.51.323 гибкий;1.51.323;Y;ВР002028484;;1944.00;1906
5116;молдинг 1.51.339 гибкий;1.51.339;Y;ВР002028499;;1469.00;1440
5118;молдинг 1.51.336 гибкий;1.51.336;Y;ВР002028497;;1441.00;1412
5119;молдинг 1.51.334 гибкий;1.51.334;Y;ВР002028495;;1391.00;1362
5120;молдинг 1.51.335 гибкий;1.51.335;Y;ВР002028496;;1533.00;1502
5121;молдинг 1.51.337 гибкий;1.51.337;Y;ВР002028498;N;2499.00;2448
5122;молдинг 1.51.348 гибкий;1.51.348;Y;ВР002028507;;2417.00;2374
5123;молдинг 1.51.349 гибкий;1.51.349;Y;ВР002028508;;2387.00;2337
5124;молдинг 1.51.329 гибкий;1.51.329;Y;ВР002028490;;1188.00;1166
5125;молдинг 1.51.347 гибкий;1.51.347;Y;ВР002028506;;3794.00;3716
5126;молдинг 1.51.355 гибкий;1.51.355;Y;ВР002028514;;3929.00;3848
5127;молдинг 1.51.354 гибкий;1.51.354;Y;ВР002028513;;2503.00;2454
5128;плинтус 1.53.102;1.53.102;N;ВР000004322;N;2191.00;2147
5129;плинтус 1.53.103;1.53.103;N;ВР000004323;;1989.00;1947
5130;плинтус 1.53.104;1.53.104;N;ВР001005248;;2044.00;2002
5131;плинтус 1.53.105;1.53.105;N;ВР001022003;N;2254.00;2207
5132;плинтус 1.53.106;1.53.106;N;ВР001022873;;1833.00;1797
5133;плинтус 1.53.107;1.53.107;N;ВР001022874;;1762.00;1724
5134;плинтус 1.53.109;1.53.109;N;ВР002025436;N;1972.00;1931
5135;плинтус 1.53.101;1.53.101;N;ВР000004321;;2120.00;2078
5136;плинтус 1.53.102 гибкий;1.53.102;Y;ВР002028523;;4380.00;4294
5137;плинтус 1.53.103 гибкий;1.53.103;Y;ВР002028524;;3978.00;3894
5138;плинтус 1.53.104 гибкий;1.53.104;Y;ВР002028527;;4087.00;4004
5139;плинтус 1.53.105 гибкий;1.53.105;Y;ВР002028528;;4507.00;4414
5140;плинтус 1.53.106 гибкий;1.53.106;Y;ВР002028529;;3665.00;3594
5141;плинтус 1.53.107 гибкий;1.53.107;Y;ВР002028530;;3522.00;3448
5142;плинтус 1.53.109 гибкий;1.53.109;Y;ВР002028531;;3943.00;3862
5143;плинтус 1.53.101 гибкий;1.53.101;Y;ВР002028522;;4238.00;4156
5144;угловой элемент 1.52.326;1.52.326;N;ВР000004306;;629.00;615
5145;угловой элемент 1.52.301;1.52.301;N;ВР000001080;;897.00;878
5146;угловой элемент 1.52.302;1.52.302;N;ВР000001300;;919.00;902
5147;угловой элемент 1.52.290;1.52.290;N;ВР000001732;;973.00;953
5148;угловой элемент 1.52.293;1.52.293;N;ВР000001733;;973.00;953
5149;угловой элемент 1.52.292;1.52.292;N;ВР000001755;;995.00;973
5150;угловой элемент 1.52.288;1.52.288;N;ВР000005304;;1016.00;994
5151;угловой элемент 1.52.294;1.52.294;N;ВР000001643;;1016.00;994
5152;угловой элемент 1.52.291;1.52.291;N;ВР000001731;;927.00;909
5153;угловой элемент 1.52.295;1.52.295;N;ВР000001734;;927.00;909
5154;угловой элемент 1.52.328;1.52.328;N;ВР000005640;;557.00;546
5155;угловой элемент 1.52.400;1.52.400;N;ВР000005828;;977.00;956
5156;угловой элемент 1.52.289;1.52.289;N;ВР000005338;;899.00;882
5157;угловой элемент 1.52.296;1.52.296;N;ВР000001774;;1113.00;1091
5158;угловой элемент 1.52.297;1.52.297;N;ВР000005406;N;908.00;891
5159;угловой элемент 1.52.298;1.52.298;N;ВР000004320;;908.00;891
5161;угловой элемент 1.52.303;1.52.303;N;ВР000005507;;557.00;546
5162;угловой элемент 1.52.308;1.52.308;N;ВР000001351;;888.00;871
5163;угловой элемент 1.52.312;1.52.312;N;ВР000001679;N;897.00;878
5165;угловой элемент 1.52.314;1.52.314;N;ВР000001775;;1113.00;1091
5166;угловой элемент 1.52.318;1.52.318;N;ВР000004383;;570.00;558
5168;кронштейн 1.19.137;1.19.137;N;ВР000001828;N;383.00;377
5169;кронштейн 1.19.002;1.19.002;N;ВР000001352;;1938.00;1895
5170;кронштейн 1.19.005;1.19.005;N;ВР000001928;;2140.00;2095
5171;кронштейн 1.19.003;1.19.003;N;ВР000001450;;1943.00;1902
5172;кронштейн 1.19.004;1.19.004;N;ВР000001866;;1944.00;1902
5175;розетка 1.56.001;1.56.001;N;ВР000005505;;3716.00;3637
5176;розетка 1.56.002;1.56.002;N;ВР001023635;N;2643.00;2588
5177;розетка 1.56.004;1.56.004;N;ВР001023637;;2155.00;2111
5178;розетка 1.56.007;1.56.007;N;ВР001023640;;2235.00;2187
5179;розетка 1.56.013;1.56.013;N;ВР000001069;;1414.00;1447
5180;розетка 1.56.014;1.56.014;N;ВР000001070;;1538.00;1505
5181;розетка 1.56.015;1.56.015;N;ВР000001071;;2904.00;2842
5182;розетка 1.56.016;1.56.016;N;ВР000001075;;2643.00;2588
5183;розетка 1.56.018;1.56.018;N;ВР000004236;;5166.00;5057
5185;розетка 1.56.020;1.56.020;N;ВР000005129;;2760.00;2763
5186;розетка 1.56.022;1.56.022;N;ВР000001482;;2643.00;2588
5187;розетка 1.56.023;1.56.023;N;ВР000001294;;3622.00;3545
5189;розетка 1.56.025;1.56.025;N;ВР000001295;;6803.00;6657
5190;розетка 1.56.005;1.56.005;N;ВР001023638;;3617.00;3541
5191;розетка 1.56.010;1.56.010;N;ВР001023642;;899.00;882
5192;розетка 1.56.028;1.56.028;N;ВР000004029;;3028.00;2964
5193;розетка 1.56.029;1.56.029;N;ВР000004030;;3716.00;3637
5194;розетка 1.56.030;1.56.030;N;ВР000002943;;1583.00;1550
5195;розетка 1.56.003;1.56.003;N;ВР001023636;;2821.00;2763
5196;розетка 1.56.031;1.56.031;N;ВР000002928;;3622.00;3545
5197;розетка 1.56.021;1.56.021;N;ВР000001273;;2904.00;2842
5198;розетка 1.56.026;1.56.026;N;ВР000001179;;4924.00;4820
5199;розетка 1.56.006;1.56.006;N;ВР001023639;;1506.00;1474
5200;розетка 1.56.009;1.56.009;N;ВР001023641;;1315.00;1505
5201;розетка 1.56.032;1.56.032;N;ВР001024045;;1568.00;1536
5202;розетка 1.56.011;1.56.011;N;ВР001024042;;888.00;871
5203;розетка 1.56.037;1.56.037;N;ВР002025332;;1539.00;1508
5204;розетка 1.56.034;1.56.034;N;ВР002025309;;2732.00;2674
5208;розетка 1.56.027;1.56.027;N;ВР001024044;;1501.00;1470
5209;розетка 1.56.039;1.56.039;N;ВР002025330;;3766.00;3686
5210;розетка 1.56.035;1.56.035;N;ВР002025310;;2731.00;2674
5212;орнамент 1.60.114;1.60.114;N;ВР000001839;;671.00;659
5213;орнамент 1.60.014;1.60.014;N;ВР000001838;;671.00;659
5214;орнамент 1.60.011;1.60.011;N;ВР000001660;;487.00;477
5215;орнамент 1.60.111;1.60.111;N;ВР000001661;;487.00;477
5216;орнамент 1.60.007;1.60.007;N;ВР000001814;;453.00;446
5217;орнамент 1.60.005;1.60.005;N;ВР000001826;;453.00;446
5218;орнамент 1.60.012;1.60.012;N;ВР000001840;;726.00;713
5219;орнамент 1.60.008;1.60.008;N;ВР000001754;;426.00;419
5220;орнамент 1.60.010;1.60.010;N;ВР000001816;;437.00;428
5221;орнамент 1.60.002;1.60.002;N;ВР000001359;;293.00;289
5222;орнамент 1.60.003;1.60.003;N;ВР000001984;;426.00;419
5223;орнамент 1.60.004;1.60.004;N;ВР000001985;;437.00;428
5224;орнамент 1.60.006;1.60.006;N;ВР000001616;;443.00;435
5225;орнамент 1.60.009;1.60.009;N;ВР000001813;;437.00;428
5226;орнамент 1.60.015;1.60.015;N;ВР000002573;;456.00;446
5227;орнамент 1.60.017;1.60.017;N;ВР000002465;;491.00;483
5228;орнамент 1.60.018;1.60.018;N;ВР000002574;;303.00;299
5229;орнамент 1.60.019;1.60.019;N;ВР000002575;;1210.00;1187
5230;орнамент 1.60.108;1.60.108;N;ВР000001756;;426.00;419
5231;орнамент 1.60.109;1.60.109;N;ВР000001815;;437.00;428
5232;орнамент 1.60.110;1.60.110;N;ВР000001817;;437.00;428
5233;орнамент 1.60.001;1.60.001;N;ВР000001358;;267.00;261
5234;кессон 1.57.002;1.57.002;N;ВР001022065;;3396.00;3325
5235;кессон 1.57.003;1.57.003;N;ВР001022066;;3574.00;3501
5236;кессон 1.57.001;1.57.001;N;ВР000005512;;3129.00;3065
5237;кессон 1.57.004;1.57.004;N;ВР001022067;N;4638.00;4539
5238;купол 1.58.001;1.58.001;N;ВР000004391;;10261.00;10042
5239;капитель 1.11.001;1.11.001;N;ВР000004174;;8948.00;8757
5240;капитель 1.11.010;1.11.010;N;ВР001021828;;8103.00;7930
5241;капитель 1.11.003;1.11.003;N;ВР000001977;;11585.00;11337
5242;капитель 1.11.002;1.11.002;N;ВР000001288;N;8607.00;8423
5243;капитель 1.11.004;1.11.004;N;ВР000005449;;11585.00;11337
5244;капитель 1.11.005;1.11.005;N;ВР001003797;;5970.00;5846
5245;капитель 1.11.006;1.11.006;N;ВР001003798;;6671.00;6529
5246;капитель 1.11.008;1.11.008;N;ВР001021826;N;6740.00;6596
5247;капитель 1.11.009;1.11.009;N;ВР001021827;;6710.00;6568
5248;капитель 1.15.002;1.15.002;N;ВР000001227;;3674.00;3596
5249;капитель 1.15.003;1.15.003;N;ВР000001871;;5167.00;5057
5250;капитель 1.15.004;1.15.004;N;ВР001002928;;5167.00;5057
5251;капитель 1.15.005;1.15.005;N;ВР000004376;;2680.00;2623
5252;капитель 1.15.006;1.15.006;N;ВР001000031;;2980.00;2917
5253;капитель 1.15.008;1.15.008;N;ВР001005249;;3373.00;3301
5254;капитель 1.15.001;1.15.001;N;ВР000001187;;3788.00;3707
5255;капитель 1.15.009;1.15.009;N;ВР001005243;;3353.00;3285
5256;капитель 1.15.010;1.15.010;N;ВР001005247;;4055.00;3970
5257;капитель 1.21.003;1.21.003;N;ВР000001301;;2306.00;2259
5258;капитель 1.21.001;1.21.001;N;ВР000001181;;2072.00;2029
5259;капитель 1.21.002;1.21.002;N;ВР000001178;;2635.00;2581
5260;капитель 1.21.004;1.21.004;N;ВР000001444;;2411.00;2358
5261;капитель 1.21.005;1.21.005;N;ВР000002089;;2598.00;2543
5262;капитель 1.21.006;1.21.006;N;ВР000001927;;2461.00;2410
5263;капитель 1.21.007;1.21.007;N;ВР000001389;;2332.00;2283
5264;ствол 1.12.020;1.12.020;N;ВР000005788;;21791.00;21326
5265;ствол 1.12.010;1.12.010;N;ВР000004146;;21791.00;21326
5266;ствол 1.12.030;1.12.030;N;ВР000002050;N;16653.00;16297
5267;ствол 1.12.050;1.12.050;N;ВР001003796;;12833.00;12560
5268;ствол 1.12.060;1.12.060;N;ВР001021829;N;11718.00;11467
5269;ствол 1.12.061;1.12.061;N;ВР001021830;N;15826.00;15489
5270;ствол 1.12.080;1.12.080;N;ВР001021833;;11718.00;11467
5271;ствол 1.12.081;1.12.081;N;ВР001021834;;15826.00;15489
5272;ствол 1.12.070;1.12.070;N;ВР001021831;;7031.00;6881
5273;ствол 1.12.071;1.12.071;N;ВР001021832;;9496.00;9294
5274;ствол 1.16.080;1.16.080;N;ВР001005244;;5861.00;5735
5275;ствол 1.16.081;1.16.081;N;ВР001005245;;7915.00;7748
5277;ствол 1.16.070;1.16.070;N;ВР001005241;;3517.00;3441
5278;ствол 1.16.050;1.16.050;N;ВР000004381;N;5739.00;5619
5279;ствол 1.16.060;1.16.060;N;ВР001005250;;5861.00;5735
5280;ствол 1.16.071;1.16.071;N;ВР001005242;;4749.00;4649
5281;ствол 1.16.010;1.16.010;N;ВР000001188;;9755.00;9547
5282;ствол 1.16.011;1.16.011;N;ВР001023851;;10025.00;9812
5283;ствол 1.16.020;1.16.020;N;ВР000004390;;9755.00;9547
5284;ствол 1.16.061;1.16.061;N;ВР001005251;;7915.00;7748
5285;ствол 1.22.010;1.22.010;N;ВР000001184;N;3009.00;2944
5286;ствол 1.22.020;1.22.020;N;ВР000001484;N;4746.00;4645
5287;ствол 1.22.030;1.22.030;N;ВР000001287;N;3622.00;3545
5288;ствол 1.22.200;1.22.200;N;ВР000004307;;5445.00;5331
5289;ствол 1.22.040;1.22.040;N;ВР000001446;;3850.00;3768
5290;кольцо 1.11.100;1.11.100;N;ВР000002416;;367.00;360
5291;кольцо 1.11.200;1.11.200;N;ВР000002396;;367.00;360
5292;кольцо 1.11.300;1.11.300;N;ВР000005433;;530.00;521
5293;кольцо 1.15.100;1.15.100;N;ВР000002417;;185.00;182
5294;кольцо 1.15.200;1.15.200;N;ВР000002408;;185.00;182
5295;кольцо 1.15.300;1.15.300;N;ВР001003054;;273.00;267
5296;база 1.13.900;1.13.900;N;ВР001021837;N;5327.00;5214
5297;база 1.13.300;1.13.300;N;ВР000002088;;12042.00;11784
5298;база 1.13.400;1.13.400;N;ВР000002051;;5336.00;5222
5299;база 1.13.800;1.13.800;N;ВР001021836;;3197.00;3129
5300;база 1.13.500;1.13.500;N;ВР001003799;;5970.00;5846
5301;база 1.13.100;1.13.100;N;ВР000001305;;15482.00;15152
5302;база 1.13.200;1.13.200;N;ВР000001289;;7692.00;7528
5303;база 1.13.700;1.13.700;N;ВР001021835;N;5222.00;5111
5304;база 1.17.900;1.17.900;N;ВР001005246;;2665.00;2608
5305;база 1.17.300;1.17.300;N;ВР000002065;N;5509.00;5392
5306;база 1.17.400;1.17.400;N;ВР000002077;;2412.00;2361
5307;база 1.17.100;1.17.100;N;ВР000001186;;6886.00;6739
5308;база 1.17.800;1.17.800;N;ВР001005240;;1599.00;1565
5309;база 1.17.500;1.17.500;N;ВР000004377;;2680.00;2623
5310;база 1.17.600;1.17.600;N;ВР000004378;N;5021.00;4915
5311;база 1.17.700;1.17.700;N;ВР001005252;;2613.00;2557
5312;база 1.17.200;1.17.200;N;ВР000001291;;2989.00;2928
5313;база 1.23.100;1.23.100;N;ВР000001185;;2461.00;2410
5314;база 1.23.200;1.23.200;N;ВР000001225;N;3520.00;3445
5315;база 1.23.300;1.23.300;N;ВР000001286;;2778.00;2719
5316;база 1.23.400;1.23.400;N;ВР000001445;;3760.00;3681
5317;база 1.23.500;1.23.500;N;ВР000002096;;2701.00;2643
5318;пьедестал 1.14.001;1.14.001;N;ВР001021839;;10377.00;10155
5319;пьедестал 1.14.002;1.14.002;N;ВР001021840;;6573.00;6434
5320;пьедестал 1.14.003;1.14.003;N;ВР001021841;N;10955.00;10723
5321;пьедестал 1.18.001;1.18.001;N;ВР001005254;;5480.00;5365
5322;пьедестал 1.18.002;1.18.002;N;ВР001005255;;3117.00;3051
5323;пьедестал 1.18.003;1.18.003;N;ВР001005256;;5480.00;5365
5324;база 1.54.010;1.54.010;N;ВР000001172;N;1161.00;1138
5325;обрамление арок 1.55.003;1.55.003;N;ВР000001173;;470.00;463
5326;обрамление арок 1.55.004;1.55.004;N;ВР000001388;;488.00;481
5327;обрамление арок 1.55.001;1.55.001;N;ВР000001163;;1330.00;1303
5328;замковый камень 1.55.005;1.55.005;N;ВР000001174;;487.00;477
5329;обрамление арок 1.55.002;1.55.002;N;ВР000001164;;1330.00;1303
5330;база 1.54.020;1.54.020;N;ВР000001171;;632.00;619
5331;боковой элемент 1.54.009;1.54.009;N;ВР000003309;;276.00;270
5332;боковой элемент 1.54.019;1.54.019;N;ВР000003310;;276.00;270
5333;квадрат 1.54.001;1.54.001;N;ВР000001176;;418.00;412
5334;квадрат 1.54.002;1.54.002;N;ВР000001339;;404.00;398
5335;наличник 1.54.003;1.54.003;N;ВР000003311;;1674.00;1639
5336;наличник 1.54.004;1.54.004;N;ВР000003312;;2803.00;2746
5337;элемент 1.54.008;1.54.008;N;ВР000003308;N;283.00;278
5338;элемент 1.54.006;1.54.006;N;ВР000004031;;347.00;340
5339;элемент 1.54.005;1.54.005;N;ВР000003307;;334.00;327
5340;элемент 1.54.007;1.54.007;N;ВР000004048;;274.00;268
5341;элемент 1.54.012;1.54.012;N;ВР000002570;;690.00;677
5342;элемент 1.54.011;1.54.011;N;ВР000004207;;681.00;667
5343;ствол 1.12.011;1.12.011;N;ВР002027813;;22446.00;21967
5861;карниз 1.50.205;1.50.205;N;ВР002025471;;919.00;900
5862;карниз 1.50.196 гибкий;1.50.196;Y;ВР002028425;;2904.00;2846
5863;карниз 1.50.198 гибкий;1.50.198;Y;ВР002028427;;3145.00;3086
5864;карниз 1.50.201 гибкий;1.50.201;Y;ВР002028430;;7095.00;6944
5865;карниз 1.50.205 гибкий;1.50.205;Y;ВР002028434;;1836.00;1799
5866;молдинг 1.51.345;1.51.345;N;ВР001024046;;1965.00;1924
5867;молдинг 1.51.357;1.51.357;N;ВР002025481;;1183.00;1158
5868;молдинг 1.51.358;1.51.358;N;ВР002025483;;1102.00;1080
5869;молдинг 1.51.361;1.51.361;N;ВР002025525;;767.00;751
5870;молдинг 1.51.381;1.51.381;N;ВР002025577;;3028.00;2966
5871;молдинг 1.51.345 гибкий;1.51.345;Y;ВР002028505;;3929.00;3848
5872;молдинг 1.51.357 гибкий;1.51.357;Y;ВР002028516;;2364.00;2316
5873;молдинг 1.51.358 гибкий;1.51.358;Y;ВР002028517;;2204.00;2160
5874;молдинг 1.51.361 гибкий;1.51.361;Y;ВР002028518;;1533.00;1502
5875;молдинг 1.51.381 гибкий;1.51.381;Y;ВР002028598;;6054.00;5932
5876;архитрав 1.26.001;1.26.001;N;ВР001006945;N;1932.00;1893
5877;архитрав 1.26.002;1.26.002;N;ВР001006946;N;1932.00;1893
5878;архитрав 1.26.003;1.26.003;N;ВР001006947;N;1979.00;1938
5879;розетка 1.56.036;1.56.036;N;ВР002025308;;5863.00;5739
5880;база 1.13.600;1.13.600;N;ВР001003800;N;10523.00;10298
5881;ниша 1.61.101;1.61.101;N;ВР000001870;;3863.00;3780
5885;сандрик 1.63.001;1.63.001;N;ВР002025528;;3329.00;3260
5886;сандрик 1.63.002;1.63.002;N;ВР002025529;;3131.00;3065
5887;карниз 4.02.201;4.02.201;N;ВР001022585;;13422.00;12679
5888;карниз 4.01.201;4.01.201;N;ВР001005004;;13615.00;12860
5889;карниз 4.01.101;4.01.101;N;ВР001004934;N;11669.00;11021
5890;карниз 4.01.301;4.01.301;N;ВР001005064;N;12644.00;11945
5891;карниз 4.32.202;4.32.202;N;ВР001005050;;9726.00;9188
5892;карниз 4.01.103;4.01.103;N;ВР001004938;N;17505.00;16533
5893;карниз 4.31.301;4.31.301;N;ВР001005085;N;11669.00;11021
5894;карниз 4.32.201;4.32.201;N;ВР001005046;;9726.00;9188
5895;карниз 4.81.002;4.81.002;N;ВР001004998;;8753.00;8269
5896;карниз 4.32.302;4.32.302;N;ВР001005112;N;8948.00;8454
5897;карниз 4.01.202;4.01.202;N;ВР001005008;N;14589.00;13781
5898;карниз 4.01.302;4.01.302;N;ВР001005068;N;13615.00;12860
5899;карниз 4.02.101;4.02.101;N;ВР001022586;;14589.00;13781
5900;карниз 4.31.101;4.31.101;N;ВР001004957;N;15171.00;14330
5901;карниз 4.31.201;4.31.201;N;ВР001005024;;9726.00;9188
5902;карниз 4.31.202;4.31.202;N;ВР001005028;;10699.00;10105
5903;карниз 4.31.302;4.31.302;N;ВР001005089;N;9726.00;9188
5904;карниз 4.32.101;4.32.101;N;ВР001004976;N;7780.00;7348
5905;карниз 4.32.301;4.32.301;N;ВР001005108;N;9726.00;9188
5906;карниз 4.81.001;4.81.001;N;ВР001004994;;7199.00;6799
5907;карниз 4.02.301;4.02.301;N;ВР001022580;;14589.00;13781
5908;фриз 4.03.101;4.03.101;N;ВР001004944;N;6811.00;6431
5909;фриз 4.03.102;4.03.102;N;ВР001022588;;6615.00;6251
5910;фриз 4.03.201;4.03.201;N;ВР001005012;;4865.00;4595
5911;фриз 4.03.202;4.03.202;N;ВР001022584;;5448.00;5145
5912;фриз 4.03.301;4.03.301;N;ВР001005074;;3503.00;3309
5913;фриз 4.33.301;4.33.301;N;ВР001005093;;3503.00;3309
5914;фриз 4.03.302;4.03.302;N;ВР001022581;;5448.00;5145
5915;фриз 4.33.101;4.33.101;N;ВР001004970;N;5836.00;5512
5916;фриз 4.33.102;4.33.102;N;ВР001004984;;2921.00;2759
5917;фриз 4.33.201;4.33.201;N;ВР001005032;;6811.00;6431
5918;фриз 4.33.202;4.33.202;N;ВР001005054;;3699.00;3494
5919;архитрав 4.04.201;4.04.201;N;ВР001005014;;4865.00;4595
5920;архитрав 4.34.201;4.34.201;N;ВР001005034;;4475.00;4228
5921;архитрав 4.34.202;4.34.202;N;ВР001005056;;3891.00;3676
5922;архитрав 4.04.101;4.04.101;N;ВР001004942;N;3891.00;3676
5923;архитрав 4.04.102;4.04.102;N;ВР001022587;;5253.00;4963
5924;архитрав 4.04.202;4.04.202;N;ВР001022583;;6226.00;5883
5925;архитрав 4.04.301;4.04.301;N;ВР001005071;;3699.00;3494
5926;архитрав 4.04.302;4.04.302;N;ВР001022582;;6226.00;5883
5927;архитрав 4.34.101;4.34.101;N;ВР001004968;N;5836.00;5512
5928;архитрав 4.34.102;4.34.102;N;ВР001004986;;3503.00;3309
5929;архитрав 4.34.301;4.34.301;N;ВР001005095;;4865.00;4595
5930;архитрав 4.34.302;4.34.302;N;ВР001005118;;3503.00;3309
5931;балясина 4.71.101;4.71.101;N;ВР001022924;N;2921.00;2759
5932;балясина 4.71.201;4.71.201;N;ВР001023164;N;2530.00;2392
5933;столб 4.75.101;4.75.101;N;ВР001023167;N;9726.00;9188
5934;столб 4.75.201;4.75.201;N;ВР001023168;N;7780.00;7348
5935;крышка (пирамида) 4.76.101;4.76.101;N;ВР001023169;N;1558.00;1473
5936;крышка (пирамида) 4.76.201;4.76.201;N;ВР001023170;N;880.00;834
5937;крышка столба (плоская) 4.73.101;4.73.101;N;ВР002025317;N;1270.00;1202
5938;крышка столба (плоская) 4.73.201;4.73.201;N;ВР002025318;N;975.00;923
5939;крышка (шар) 4.77.101;4.77.101;N;ВР001023309;N;1558.00;1473
5940;крышка (шар) 4.77.201;4.77.201;N;ВР001023310;N;1270.00;1202
5941;основание 4.74.101;4.74.101;N;ВР001022926;N;16532.00;15617
5942;основание 4.74.201;4.74.201;N;ВР001023165;N;13615.00;12860
5943;поручень 4.72.101;4.72.101;N;ВР001022925;N;14200.00;13414
5944;поручень 4.72.201;4.72.201;N;ВР001023166;N;12644.00;11945
5945;наличник 4.84.001;4.84.001;N;ВР001004990;;4865.00;4595
5946;наличник 4.84.002;4.84.002;N;ВР001022044;;4197.00;3964
5947;наличник 4.84.003;4.84.003;N;ВР001022045;;3237.00;3058
5948;наличник 4.84.051;4.84.051;N;ВР001023652;;5058.00;4778
5949;наличник 4.84.052;4.84.052;N;ВР001023653;;4006.00;3785
5950;наличник 4.84.053;4.84.053;N;ВР001023654;;3057.00;2889
5951;арочное обрамление 4.87.031;4.87.031;N;ВР001022561;;4475.00;4228
5952;арочное обрамление 4.87.032;4.87.032;N;ВР001022558;;3601.00;3401
5953;арочное обрамление 4.87.033;4.87.033;N;ВР001022555;;2336.00;2207
5954;замковый камень 4.85.001;4.85.001;N;ВР001004993;;1327.00;1254
5955;замковый камень 4.85.002;4.85.002;N;ВР001022061;;1169.00;1106
5956;замковый камень 4.85.003;4.85.003;N;ВР001022062;;1169.00;1106
5957;подоконный элемент 4.82.001;4.82.001;N;ВР001004991;;5836.00;5512
5958;подоконный элемент 4.82.002;4.82.002;N;ВР001022047;;3891.00;3676
5959;подоконный элемент 4.82.003;4.82.003;N;ВР001022046;;3891.00;3676
5960;подоконный элемент 4.82.101;4.82.101;N;ВР001004973;;2823.00;2666
5961;подоконный элемент 4.82.201;4.82.201;N;ВР001005044;;2921.00;2759
5962;подоконный элемент 4.82.202;4.82.202;N;ВР001005062;;2921.00;2759
5963;подоконный элемент 4.82.301;4.82.301;N;ВР001005107;;2921.00;2759
5964;подоконный элемент 4.82.302;4.82.302;N;ВР001005125;;2921.00;2759
5965;кронштейн-пьедестал 4.83.101;4.83.101;N;ВР001004972;;3112.00;2942
5966;кронштейн-пьедестал 4.83.102;4.83.102;N;ВР001004989;;1900.00;1797
5967;кронштейн-пьедестал 4.83.201;4.83.201;N;ВР001005045;;2142.00;2025
5968;кронштейн-пьедестал 4.83.202;4.83.202;N;ВР001005063;;2193.00;2071
5969;кронштейн-пьедестал 4.83.301;4.83.301;N;ВР001005105;;1946.00;1840
5970;кронштейн-пьедестал 4.83.302;4.83.302;N;ВР001005126;;1752.00;1654
5971;руст 4.86.003;4.86.003;N;ВР001024402;;1270.00;1202
5972;руст 4.86.004;4.86.004;N;ВР001024403;;780.00;738
5973;руст 4.86.005;4.86.005;N;ВР002025465;;1270.00;1202
5974;руст 4.86.001;4.86.001;N;ВР001005002;;2142.00;2025
5975;руст 4.86.002;4.86.002;N;ВР001005003;;1363.00;1291
5982;угловой элемент 1.52.361;1.52.361;N;ВР002025527;;610.00;597
5983;база 4.17.302;4.17.302;N;ВР001005079;;2724.00;2574
5984;база 4.53.201;4.53.201;N;ВР001005061;;1026.00;969
5985;база 4.53.301;4.53.301;N;ВР001005123;;733.00;695
5986;база 4.17.101;4.17.101;N;ВР001004952;;2724.00;2574
5987;база 4.17.201;4.17.201;N;ВР001005018;;2724.00;2574
5988;база 4.17.202;4.17.202;N;ВР001005019;;1946.00;1840
5989;база 4.17.301;4.17.301;N;ВР001005078;;2142.00;2025
5990;база 4.23.101;4.23.101;N;ВР001022016;N;2046.00;1936
5991;база 4.23.201;4.23.201;N;ВР001022017;;2046.00;1936
5992;база 4.23.301;4.23.301;N;ВР001022018;;2046.00;1936
5993;база 4.43.101;4.43.101;N;ВР001004966;;2441.00;2306
5994;база 4.43.201;4.43.201;N;ВР001005042;;2250.00;2128
5995;база 4.43.202;4.43.202;N;ВР001005043;;2570.00;2429
5996;база 4.43.301;4.43.301;N;ВР001005099;;2570.00;2429
5997;база 4.43.302;4.43.302;N;ВР001005100;;2570.00;2429
5998;база 4.47.101;4.47.101;N;ВР001004963;;1111.00;1052
5999;база 4.47.201;4.47.201;N;ВР001005038;;1026.00;969
6000;база 4.47.202;4.47.202;N;ВР001005039;;1169.00;1106
6001;база 4.47.301;4.47.301;N;ВР001005103;;1169.00;1106
6002;база 4.47.302;4.47.302;N;ВР001005104;;1169.00;1106
6003;база 4.53.101;4.53.101;N;ВР001004983;;880.00;834
6004;база 4.53.302;4.53.302;N;ВР001005124;;733.00;695
6005;база 4.13.101;4.13.101;N;ВР001004956;;5992.00;5661
6006;база 4.13.201;4.13.201;N;ВР001005022;;5992.00;5661
6007;база 4.13.202;4.13.202;N;ВР001005023;;4282.00;4046
6008;база 4.13.301;4.13.301;N;ВР001005082;;4711.00;4450
6009;база 4.13.302;4.13.302;N;ВР001005083;;5992.00;5661
6010;база 4.17.002;4.17.002;N;ВР002025407;;3699.00;3494
6011;база 4.17.001;4.17.001;N;ВР002025167;;3309.00;3127
6012;капитель 4.51.301;4.51.301;N;ВР001005120;N;1169.00;1106
6013;капитель 4.15.101;4.15.101;N;ВР001004949;;2628.00;2485
6014;капитель 4.15.201;4.15.201;N;ВР001005016;;2336.00;2207
6015;капитель 4.15.301;4.15.301;N;ВР001005076;;3309.00;3127
6016;капитель 4.21.101;4.21.101;N;ВР001022010;;2046.00;1936
6017;капитель 4.21.201;4.21.201;N;ВР001022011;;2046.00;1936
6018;капитель 4.21.301;4.21.301;N;ВР001022012;;2921.00;2759
6019;капитель 4.41.101;4.41.101;N;ВР001004964;;3405.00;3216
6020;капитель 4.41.201;4.41.201;N;ВР001005040;;2250.00;2128
6021;капитель 4.41.301;4.41.301;N;ВР001005097;;2570.00;2429
6022;капитель 4.45.101;4.45.101;N;ВР001004961;;1549.00;1466
6023;капитель 4.45.201;4.45.201;N;ВР001005036;;1026.00;969
6024;капитель 4.45.301;4.45.301;N;ВР001005101;;1169.00;1106
6025;капитель 4.51.101;4.51.101;N;ВР001004980;;880.00;834
6026;капитель 4.51.201;4.51.201;N;ВР001005058;;880.00;834
6027;капитель 4.11.101;4.11.101;N;ВР001004953;;5781.00;5462
6028;капитель 4.11.201;4.11.201;N;ВР001005020;;5139.00;4853
6029;капитель 4.11.301;4.11.301;N;ВР001005080;;7275.00;6872
6030;капитель 4.15.102;4.15.102;N;ВР002025160;;4380.00;4139
6031;регул 4.37.101;4.37.101;N;ВР001004975;;258.00;244
6032;регул 4.07.101;4.07.101;N;ВР001004948;N;258.00;244
6033;мутул 4.05.102;4.05.102;N;ВР001022589;;1315.00;1245
6034;мутул 4.35.102;4.35.102;N;ВР001004988;;393.00;374
6035;мутул 4.35.101;4.35.101;N;ВР001004974;;510.00;483
6036;мутул 4.05.101;4.05.101;N;ВР001004947;;1404.00;1327
6037;модильон 4.08.301;4.08.301;N;ВР001005084;;413.00;390
6038;модильон 4.08.302;4.08.302;N;ВР001022579;;258.00;244
6039;модильон 4.38.301;4.38.301;N;ВР001005106;;258.00;244
6040;модильон 4.38.302;4.38.302;N;ВР001005127;;258.00;244
6041;триглиф 4.36.101;4.36.101;N;ВР001004967;;352.00;335
6042;триглиф 4.06.101;4.06.101;N;ВР001004946;;741.00;702
6043;ствол 4.52.102;4.52.102;N;ВР001004982;;3891.00;3676
6044;ствол 4.52.301;4.52.301;N;ВР001005121;;2921.00;2759
6045;ствол 4.16.101;4.16.101;N;ВР001004950;;15558.00;14693
6046;ствол 4.16.102;4.16.102;N;ВР001004951;;9726.00;9188
6047;ствол 4.16.201;4.16.201;N;ВР001005017;;12644.00;11945
6048;ствол 4.16.202;4.16.202;N;ВР001022042;;11669.00;11021
6049;ствол 4.16.301;4.16.301;N;ВР001005077;;9726.00;9188
6050;ствол 4.22.101;4.22.101;N;ВР001022013;;9726.00;9188
6051;ствол 4.22.102;4.22.102;N;ВР001022039;;8753.00;8269
6052;ствол 4.22.201;4.22.201;N;ВР001022014;;8753.00;8269
6053;ствол 4.22.202;4.22.202;N;ВР001022040;;8753.00;8269
6054;ствол 4.22.301;4.22.301;N;ВР001022015;;8948.00;8454
6055;ствол 4.22.302;4.22.302;N;ВР001022041;;7780.00;7348
6056;ствол 4.42.101;4.42.101;N;ВР001004965;;9416.00;8894
6057;ствол 4.42.201;4.42.201;N;ВР001005041;;7704.00;7275
6058;ствол 4.42.301;4.42.301;N;ВР001005098;;6421.00;6064
6059;ствол 4.46.101;4.46.101;N;ВР001004962;N;4282.00;4046
6060;ствол 4.46.201;4.46.201;N;ВР001005037;;3503.00;3309
6061;ствол 4.46.301;4.46.301;N;ВР001005102;N;2921.00;2759
6062;ствол 4.52.101;4.52.101;N;ВР001004981;N;3891.00;3676
6063;ствол 4.52.201;4.52.201;N;ВР001005059;;3891.00;3676
6064;ствол 4.52.202;4.52.202;N;ВР001005060;;4670.00;4410
6065;ствол 4.52.302;4.52.302;N;ВР001005122;;2336.00;2207
6066;верхний фрагмент ствола 4.16.001;4.16.001;N;ВР002025163;;4282.00;4046
6067;фрагмент ствола 4.16.002;4.16.002;N;ВР002025404;;4380.00;4139
6068;ствол 4.12.301;4.12.301;N;ВР001005081;;21394.00;20205
6069;ствол 4.12.101;4.12.101;N;ВР001004954;;34228.00;32328
6070;ствол 4.12.102;4.12.102;N;ВР001004955;;21394.00;20205
6071;ствол 4.12.202;4.12.202;N;ВР001022043;;25671.00;24246
6072;ствол 4.12.201;4.12.201;N;ВР001005021;N;27812.00;26267
6104;E01.M.290 / Клей Европласт Монтажный 290 мл.;E01.M.290;N;ЧХ002025782;N;498.00;789
6105;E04.U.290 / Клей Европласт универсальный 290 мл.;E04.U.290;N;ЧХ002025783;N;998.00;1 270
6107;E02.S.290 / Клей Европласт стыковочный SMP 290 мл.;E02.S.290;N;ВР099022861;N;1399.00;1 778
6108;карниз 1.50.101;1.50.101;N;ВР001024048;;1450.00;1419
6109;карниз 1.50.101 гибкий;1.50.101;Y;ВР002028661;;2899.00;2838
6110;карниз 1.50.199 гибкий;1.50.199;Y;ВР002028428;;3060.00;2998
6111;карниз 1.50.199;1.50.199;N;ВР002025287;;1531.00;1499
6112;молдинг 1.51.353;1.51.353;N;ВР002025430;;941.00;922
6113;молдинг 1.51.353 гибкий;1.51.353;Y;ВР002028512;;1879.00;1844
6114;молдинг 1.51.356;1.51.356;N;ВР002025479;;1183.00;1158
6115;молдинг 1.51.356 гибкий;1.51.356;Y;ВР002028515;;2364.00;2316
6135;откос 4.88.001;4.88.001;N;ВР002025306;;3407.00;3220
6168;элемент камина 1.64.004;1.64.004;N;ВР002025747;;15832.00;15495
6169;элемент камина 1.64.005;1.64.005;N;ВР002025748;;8030.00;7861
6171;элемент камина 1.64.005;1.64.005;N;ВР002025748;N;8030.00;7861
6172;карниз 1.50.108;1.50.108;N;ВР001023155;N;2802.00;2742
6173;карниз 1.50.161;1.50.161;N;ВР002025141;N;1531.00;1499
6174;карниз 1.50.179;1.50.179;N;ВР002025139;;1473.00;1443
6175;карниз 1.50.189;1.50.189;N;ВР001023817;;1531.00;1499
6176;карниз 1.50.207;1.50.207;N;ВР002025475;;915.00;896
6177;карниз 1.50.274;1.50.274;N;ВР002025532;;1531.00;1499
6178;карниз 1.50.275;1.50.275;N;ВР002025578;;2842.00;2784
6179;молдинг 1.51.346;1.51.346;N;ВР002025133;N;1011.00;991
6180;розетка 1.56.040;1.56.040;N;ВР002025329;;4924.00;4820
6181;розетка 1.56.041;1.56.041;N;ВР002025487;;3421.00;3349
6182;кронштейн 1.19.007;1.19.007;N;ВР002025530;;1135.00;1111
6183;кронштейн 1.19.008;1.19.008;N;ВР002025531;;1891.00;1851
6184;капитель 1.21.008;1.21.008;N;ВР002025694;;1943.00;1902
6185;ствол 1.22.050;1.22.050;N;ВР002025695;N;2864.00;2804
6186;база 1.23.600;1.23.600;N;ВР002025696;;2037.00;1995
6188;карниз 4.91.001;4.91.001;N;ВР002027812;;9262.00;8748
6189;карниз 4.91.004;4.91.004;N;ВР002027810;;12041.00;11375
6194;карниз 1.50.208 гибкий;1.50.208;Y;ВР002028435;N;3060.00;2998
6195;карниз 1.50.204 гибкий;1.50.204;Y;ВР002028433;;1653.00;1622
6196;карниз 1.50.189 гибкий;1.50.189;Y;ВР002028418;;3060.00;2998
6198;замковый камень 4.85.004;4.85.004;N;ВР002027803;;1225.00;1158
6199;замковый камень 4.85.005;4.85.005;N;ВР002027804;;1668.00;1578
6200;карниз 4.91.002;4.91.002;N;ВР002027811;;13893.00;13122
6201;наличник 4.84.005;4.84.005;N;ВР002027802;;2039.00;1925
6202;кронштейн-пьедестал 4.83.003;4.83.003;N;ВР001022064;;586.00;556
6206;молдинг 1.51.359;1.51.359;N;ВР002025485;;710.00;695
6207;карниз 1.50.161 гибкий;1.50.161;Y;ВР002028662;;3060.00;2998
6208;молдинг 1.51.359 гибкий;1.51.359;Y;ВР002028614;;1419.00;1390
6211;наличник 4.84.004;4.84.004;N;ВР002027806;;2651.00;2504
6212;наличник 4.84.006;4.84.006;N;ВР002027805;;4076.00;3852
6213;карниз 4.91.003;4.91.003;N;ВР002027809;;8558.00;8082
6214;карниз 4.91.005;4.91.005;N;ВР002027808;;9170.00;8662
6215;фриз 4.33.302;4.33.302;N;ВР001005116;;2921.00;2759
6216;кронштейн-пьедестал 4.83.002;4.83.002;N;ВР001022063;;703.00;666
6217;фрагмент ствола 4.16.002;4.16.002;N;ВР002025404;;4380.00;4139
6218;фрагмент ствола 4.16.002;4.16.002;N;ВР002025404;;4380.00;4139
6313;молдинг 1.51.346 гибкий;1.51.346;Y;ВР002028722;N;2022.00;1982
6355;угловой элемент 1.52.322;1.52.322;N;ВР002028171;N;850.00;833
6356;угловой элемент 1.52.348;1.52.348;N;ВР002027948;;899.00;882
6357;угловой элемент 1.52.286;1.52.286;N;ВР002028179;;888.00;871
6358;угловой элемент 1.52.287;1.52.287;N;ВР002028178;;943.00;926
6359;карниз 1.50.108 гибкий;1.50.108;Y;ВР002028325;N;5602.00;5484
6362;карниз 1.50.279;1.50.279;N;ВР002028174;;1782.00;1745
6363;карниз 1.50.276;1.50.276;N;ВР002027955;;1524.00;1492
6364;карниз 1.50.276 гибкий;1.50.276;Y;ЧХ002026920;N;3046.00;2984
6365;карниз 1.50.278;1.50.278;N;ВР002028172;;963.00;945
6366;карниз 1.50.278 гибкий;1.50.278;Y;ЧХ002026921;;1925.00;1889
6367;розетка 1.56.044;1.56.044;N;ВР002027947;;3228.00;3160
6368;молдинг 1.51.360;1.51.360;N;ВР002025523;N;1155.00;1131
6369;молдинг 1.51.360 гибкий;1.51.360;Y;ВР002028723;;2310.00;2262
6370;молдинг 1.51.363;1.51.363;N;ВР002027951;;1251.00;1227
6371;молдинг 1.51.363 гибкий;1.51.363;Y;ВР002028725;N;2501.00;2454
6372;молдинг 1.51.362;1.51.362;N;ВР002027945;N;1180.00;1156
6373;молдинг 1.51.362 гибкий;1.51.362;Y;ВР002028724;;2359.00;2312
6374;молдинг 1.51.370;1.51.370;N;ВР002028363;;1297.00;1272
6375;молдинг 1.51.370 гибкий;1.51.370;Y;ВР002028731;;2593.00;2544
6376;плинтус 1.53.110;1.53.110;N;ВР002027959;N;2142.00;2098
6377;плинтус 1.53.110 гибкий;1.53.110;Y;ВР002028736;;4284.00;4196
6380;карниз 1.50.179 гибкий;1.50.179;Y;ВР002028408;;2946.00;2886
6381;карниз 1.50.207 гибкий;1.50.207;Y;ВР002028595;;1828.00;1791
6382;карниз 1.50.275 гибкий;1.50.275;Y;ВР002028577;;5682.00;5568
6385;ствол 4.16.003;4.16.003;N;ВР002025490;;3058.00;2889
6386;ствол 4.16.004;4.16.004;N;ВР002025491;;4262.00;4027
6387;ствол 4.16.005;4.16.005;N;ВР002025492;;3058.00;2889
6388;капитель 4.15.202;4.15.202;N;ВР002025161;N;6113.00;5774
6389;капитель 4.15.302;4.15.302;N;ВР002025162;;9170.00;8662
6390;капитель 4.11.102;4.11.102;N;ВР002028127;;9629.00;9095
6391;капитель 4.11.202;4.11.202;N;ВР002028130;;13449.00;12702
6392;капитель 4.11.302;4.11.302;N;ВР002028128;;20171.00;19051
6393;база 4.13.001;4.13.001;N;ВР002028136;;7275.00;6872
6394;ствол 4.12.001;4.12.001;N;ВР002028131;;9416.00;8894
6395;ствол 4.12.002;4.12.002;N;ВР002028132;;9630.00;9095
6396;ствол 4.12.003;4.12.003;N;ВР002028133;;6726.00;6353
6397;ствол 4.12.004;4.12.004;N;ВР002028134;;9374.00;8853
6398;ствол 4.12.005;4.12.005;N;ВР002028135;N;6726.00;6353
6423;карниз 1.50.271 гибкий;1.50.271;Y;ВР002028461;;8871.00;8686
6424;карниз 1.50.274 гибкий;1.50.274;Y;ВР002028462;;3060.00;2998
6429;E03.S.60 / Клей Европласт стыковочный SMP 60 мл.;E03.S.60;N;ВР099022862;N;520.00;662
6430;база 1.54.030;1.54.030;N;ВР002028359;;1098.00;1076
6431;квадрат 1.54.013;1.54.013;N;ВР002028360;;404.00;398
6432;квадрат 1.54.013;1.54.013;N;ВР002028360;;404.00;398
6433;база 1.54.030;1.54.030;N;ВР002028359;;1098.00;1076
6434;угловой элемент 1.52.285;1.52.285;N;ВР002028170;N;883.00;864
6435;молдинг 1.51.367;1.51.367;N;ВР002028351;;1891.00;1851
6436;молдинг 1.51.367 гибкий;1.51.367;Y;ВР002028728;;3781.00;3702
6439;молдинг 1.51.368;1.51.368;N;ВР002028355;;1351.00;1323
6440;орнамент 1.60.025;1.60.025;N;ВР002028633;;1443.00;1412
6441;орнамент 1.60.032;1.60.032;N;ВР002028746;;2648.00;2592
6442;орнамент 1.60.020;1.60.020;N;ВР002028006;;521.00;510
6443;орнамент 1.60.120;1.60.120;N;ВР002028007;;521.00;510
6444;торцевой элемент 4.33.332;4.33.332;N;ВР001005117;;431.00;406
6445;торцевой элемент 4.31.232;4.31.232;N;ВР001005031;;2945.00;2782
6446;торцевой элемент 4.81.031;4.81.031;N;ВР001004997;;797.00;755
6447;торцевой элемент 4.81.032;4.81.032;N;ВР001005001;;1066.00;1010
6448;внешний угол 4.32.111;4.32.111;N;ВР001004977;;2570.00;2429
6449;внешний угол 4.32.312;4.32.312;N;ВР001005113;;3007.00;2842
6450;внешний угол 4.81.011;4.81.011;N;ВР001004995;;1588.00;1503
6451;внешний угол 4.81.012;4.81.012;N;ВР001004999;;2027.00;1916
6452;внутренний угол 4.31.222;4.31.222;N;ВР001005030;;4122.00;3895
6453;внутренний угол 4.32.221;4.32.221;N;ВР001005048;;3160.00;2985
6454;внутренний угол 4.81.021;4.81.021;N;ВР001004996;;1588.00;1503
6455;внутренний угол 4.81.022;4.81.022;N;ВР001005000;;2027.00;1916
6456;опорный блок 4.78.101;4.78.101;N;ВР001024117;N;880.00;834
6457;полукрышка 4.73.211;4.73.211;N;ВР002027720;;586.00;556
6458;полукрышка пирамида 4.76.111;4.76.111;N;ВР002025581;N;975.00;923
6459;полуоснование 4.74.111;4.74.111;N;ВР002025391;N;9726.00;9188
6460;полупоручень 4.72.111;4.72.111;N;ВР002025392;N;8753.00;8269
6461;полустолб 4.75.111;4.75.111;N;ВР002025579;N;5836.00;5512
6462;полустолб 4.75.211;4.75.211;N;ВР002027722;N;4670.00;4410
6463;торцевой элемент 4.02.331;4.02.331;N;ВР001023620;;4737.00;4477
6464;торцевой элемент 4.03.131;4.03.131;N;ВР001004945;;431.00;406
6465;торцевой элемент 4.03.132;4.03.132;N;ВР001023974;;520.00;493
6466;торцевой элемент 4.03.332;4.03.332;N;ВР001023976;;451.00;427
6467;полубалясина 4.71.111;4.71.111;N;ВР002025390;N;1946.00;1840
6468;полубалясина 4.71.211;4.71.211;N;ВР002027717;N;1558.00;1473
6469;торцевой элемент 4.33.331;4.33.331;N;ВР001005094;N;431.00;406
6470;торцевой элемент 4.34.131;4.34.131;N;ВР001004969;;703.00;666
6471;торцевой элемент 4.34.231;4.34.231;N;ВР001005035;;538.00;509
6472;внутренний угол 4.32.322;4.32.322;N;ВР001005114;;3007.00;2842
6473;торцевой элемент 4.32.331;4.32.331;N;ВР001005111;;2198.00;2078
6474;торцевой элемент 4.32.332;4.32.332;N;ВР001005115;;2021.00;1909
6475;торцевой элемент 4.33.132;4.33.132;N;ВР001004985;;431.00;406
6476;торцевой элемент 4.33.232;4.33.232;N;ВР001005055;;431.00;406
6477;торцевой элемент 4.04.331;4.04.331;N;ВР001005073;;431.00;406
6478;внешний угол 4.01.111;4.01.111;N;ВР001004935;;5844.00;5519
6479;внешний угол 4.01.113;4.01.113;N;ВР001004939;;8861.00;8371
6480;внешний угол 4.01.211;4.01.211;N;ВР001005005;;5771.00;5453
6481;внешний угол 4.01.212;4.01.212;N;ВР001005009;;6181.00;5840
6482;внешний угол 4.01.311;4.01.311;N;ВР001005065;;5705.00;5389
6483;внешний угол 4.02.111;4.02.111;N;ВР001023603;;6583.00;6217
6484;внешний угол 4.02.211;4.02.211;N;ВР001023615;;5465.00;5161
6485;внешний угол 4.02.311;4.02.311;N;ВР001023616;;6341.00;5989
6486;внутренний угол 4.01.121;4.01.121;N;ВР001004936;;5844.00;5519
6487;внутренний угол 4.01.123;4.01.123;N;ВР001004940;;8861.00;8371
6488;внутренний угол 4.01.221;4.01.221;N;ВР001005006;;5771.00;5453
6489;внутренний угол 4.01.222;4.01.222;N;ВР001005010;;6181.00;5840
6490;внутренний угол 4.01.321;4.01.321;N;ВР001005066;;5705.00;5389
6491;внутренний угол 4.01.322;4.01.322;N;ВР001005070;;6143.00;5804
6492;внутренний угол 4.02.121;4.02.121;N;ВР001023604;;6583.00;6217
6499;карниз 1.50.284 гибкий;1.50.284;Y;ВР002028718;N;1704.00;1671
6500;карниз 1.50.283;1.50.283;N;ВР002028627;;823.00;806
6501;МОНТАЖНЫЙ КОМПЛЕКТ;m_comp_b201;N;ВР001024377;N;8900.00;
6502;внешний угол 4.32.212;4.32.212;N;ВР001005051;;3160.00;2985
6503;внутренний угол 4.32.121;4.32.121;N;ВР001004978;;2570.00;2429
6504;торцевой элемент 4.32.131;4.32.131;N;ВР001004979;;1733.00;1638
6515;полукрышка 4.73.111;4.73.111;N;ВР002025580;;780.00;738
6516;полупоручень 4.72.211;4.72.211;N;ВР002027721;N;7588.00;7167
6517;полуоснование 4.74.211;4.74.211;N;ВР002027719;N;8171.00;7719
6518;полукрышка пирамида 4.76.211;4.76.211;N;ВР002027718;N;586.00;556
6538;орнамент 1.60.026;1.60.026;N;ВР002028698;;321.00;315
6539;орнамент 1.60.029;1.60.029;N;ВР002028747;;961.00;940
6540;карниз 1.50.281;1.50.281;N;ВР002028353;N;4036.00;3953
6541;молдинг 1.51.374;1.51.374;N;ВР002028751;N;1830.00;1793
6542;молдинг 1.51.374 гибкий;1.51.374;Y;ВР002028752;;3658.00;3586
6544;внешний угол 4.32.311;4.32.311;N;ВР001005109;;3266.00;3087
6545;внутренний угол 4.32.321;4.32.321;N;ВР001005110;;3266.00;3087
6546;торцевой элемент 4.32.231;4.32.231;N;ВР001005049;;2088.00;1972
6547;орнамент 1.60.021;1.60.021;N;ВР002028357;;2958.00;2897
6548;орнамент 1.60.022;1.60.022;N;ВР002028358;;3867.00;3784
6549;орнамент 1.60.024;1.60.024;N;ВР002028635;N;1428.00;1399
6550;орнамент 1.60.027;1.60.027;N;ВР002028699;;1428.00;1399
6551;орнамент 1.60.028;1.60.028;N;ВР002028700;;1832.00;1793
6552;кронштейн 1.19.010;1.19.010;N;ВР002028008;;1891.00;1851
6553;карниз 1.50.285;1.50.285;N;ВР002028690;;1856.00;1817
6554;карниз 1.50.286;1.50.286;N;ВР002028692;;916.00;897
6555;карниз 1.50.282;1.50.282;N;ВР002028629;;823.00;806
6565;карниз 1.50.288;1.50.288;N;ВР002029530;;1371.00;1343
6566;молдинг 1.51.375;1.51.375;N;ВР002029527;;1159.00;1135
6581;карниз 1.50.288 гибкий;1.50.288;Y;ВР002029531;;2739.00;2686
6583;орнамент 1.60.034;1.60.034;N;ВР002029484;;1346.00;1320
6584;молдинг 1.51.373;1.51.373;N;ВР002028696;;1137.00;1113
6586;орнамент 1.60.030;1.60.030;N;ВР002028748;;1372.00;1343
6589;орнамент 1.60.031;1.60.031;N;ВР002028749;;1361.00;1334
6590;орнамент 1.60.123;1.60.123;N;ВР002028636;N;1668.00;1635
6591;орнамент 1.60.023;1.60.023;N;ВР002028634;;1668.00;1635
6594;ствол 4.16.004;4.16.004;N;ВР002025491;;4262.00;4027
6595;ствол 4.16.004;4.16.004;N;ВР002025491;;4262.00;4027
6598;база 4.13.002;4.13.002;N;ВР002028129;;8132.00;7683
6599;ствол 4.12.002;4.12.002;N;ВР002028132;;9630.00;9095
6600;ствол 4.12.002;4.12.002;N;ВР002028132;;9630.00;9095
6601;ствол 4.12.004;4.12.004;N;ВР002028134;;9374.00;8853
6602;ствол 4.12.004;4.12.004;N;ВР002028134;;9374.00;8853
6611;карниз 1.50.273 гибкий;1.50.273;Y;ВР002029453;;7410.00;7254
6612;молдинг 1.51.375 гибкий;1.51.375;Y;ВР002029528;;2315.00;2270
6613;внешний угол 4.01.312;4.01.312;N;ВР001005069;;6143.00;5804
6614;сандрик 4.89.001;4.89.001;N;ВР002029721;;5323.00;5029
6615;орнамент 4.99.001;4.99.001;N;ВР002029720;;994.00;940
6616;орнамент 4.99.002;4.99.002;N;ВР002029719;;456.00;431
6617;внутренний угол 4.02.221;4.02.221;N;ВР001023617;;5464.00;5161
6618;внутренний угол 4.02.321;4.02.321;N;ВР001023618;;6341.00;5989
6619;торцевой элемент 4.34.332;4.34.332;N;ВР001005119;;431.00;406
6620;торцевой элемент 4.34.232;4.34.232;N;ВР001005057;;431.00;406
6621;торцевой элемент 4.01.131;4.01.131;N;ВР001004937;;4561.00;4308
6622;торцевой элемент 4.34.132;4.34.132;N;ВР001004987;;431.00;406
6623;торцевой элемент 4.32.232;4.32.232;N;ВР001005053;;2088.00;1972
6624;торцевой элемент 4.01.133;4.01.133;N;ВР001004941;;6936.00;6552
6625;торцевой элемент 4.01.231;4.01.231;N;ВР001005007;;4271.00;4034
6626;внутренний угол 4.32.222;4.32.222;N;ВР001005052;;3160.00;2985
6627;торцевой элемент 4.01.232;4.01.232;N;ВР001005011;;4576.00;4324
6628;внешний угол 4.32.211;4.32.211;N;ВР001005047;;3160.00;2985
6629;торцевой элемент 4.01.331;4.01.331;N;ВР001005067;;4315.00;4076
6630;торцевой элемент 4.34.331;4.34.331;N;ВР001005096;;537.00;509
6631;торцевой элемент 4.01.332;4.01.332;N;ВР001005072;;4645.00;4388
6632;торцевой элемент 4.33.231;4.33.231;N;ВР001005033;;607.00;575
6633;торцевой элемент 4.33.131;4.33.131;N;ВР001004971;;596.00;563
6634;торцевой элемент 4.31.332;4.31.332;N;ВР001005092;;2787.00;2634
6635;торцевой элемент 4.31.331;4.31.331;N;ВР001005088;;3340.00;3156
6636;торцевой элемент 4.31.231;4.31.231;N;ВР001005027;;2678.00;2531
6637;торцевой элемент 4.02.131;4.02.131;N;ВР001023605;;4930.00;4659
6638;торцевой элемент 4.31.131;4.31.131;N;ВР001004960;;5176.00;4890
6639;торцевой элемент 4.02.231;4.02.231;N;ВР001023619;;3991.00;3772
6640;внутренний угол 4.31.322;4.31.322;N;ВР001005091;;3853.00;3640
6642;внутренний угол 4.31.321;4.31.321;N;ВР001005087;;4625.00;4371
6643;торцевой элемент 4.03.231;4.03.231;N;ВР001005013;;431.00;406
6644;внутренний угол 4.31.221;4.31.221;N;ВР001005026;;3749.00;3544
6645;внутренний угол 4.31.121;4.31.121;N;ВР001004959;;6845.00;6465
6646;торцевой элемент 4.03.232;4.03.232;N;ВР001023975;;431.00;406
6647;торцевой элемент 4.03.331;4.03.331;N;ВР001005075;;431.00;406
6648;внешний угол 4.31.312;4.31.312;N;ВР001005090;;3853.00;3640
6649;торцевой элемент 4.04.131;4.04.131;N;ВР001004943;;431.00;406
6650;внешний угол 4.31.311;4.31.311;N;ВР001005086;;4625.00;4371
6651;торцевой элемент 4.04.132;4.04.132;N;ВР001023977;;431.00;406
6652;внешний угол 4.31.212;4.31.212;N;ВР001005029;;4122.00;3895
6653;торцевой элемент 4.04.231;4.04.231;N;ВР001005015;;431.00;406
6654;внешний угол 4.31.211;4.31.211;N;ВР001005025;;3749.00;3544
6655;торцевой элемент 4.04.232;4.04.232;N;ВР001023978;;431.00;406
6656;внешний угол 4.31.111;4.31.111;N;ВР001004958;;6845.00;6465
6657;торцевой элемент 4.04.332;4.04.332;N;ВР001023979;;431.00;406
6658;торцевой элемент 4.82.031;4.82.031;N;ВР001004992;;537.00;509
6659;арочное обрамление 4.87.031 гибкий;4.87.031;Y;ВР002028302;;5836.00;5512
6660;арочное обрамление 4.87.032 гибкий;4.87.032;Y;ВР002028303;;5836.00;5512
6661;арочное обрамление 4.87.033 гибкий;4.87.033;Y;ВР002028304;;3503.00;3309
6662;карниз 1.50.281 гибкий;1.50.281;Y;ВР002028715;N;8071.00;7906
6663;карниз 1.50.282 гибкий;1.50.282;Y;ВР002028716;;1644.00;1612
6664;молдинг 1.51.368 гибкий;1.51.368;Y;ВР002028729;;2702.00;2646
6665;молдинг 1.51.364;1.51.364;N;ВР002028166;N;1034.00;1012
6666;элемент камина 1.64.001;1.64.001;N;ВР002025744;;17870.00;17487
6667;элемент камина 1.64.002;1.64.002;N;ВР002025745;;10430.00;10209
6668;элемент камина 1.64.003;1.64.003;N;ВР002025746;;10430.00;10209
6671;молдинг 1.51.373 гибкий;1.51.373;Y;ВР002028734;N;2272.00;2226
6672;розетка 1.56.050;1.56.050;N;ВР002029526;;2032.00;1989
6674;архитрав 1.26.001 гибкий;1.26.001;Y;ВР002028539;N;3864.00;3780
6675;архитрав 1.26.002 гибкий;1.26.002;Y;ВР002028540;N;3864.00;3780
6683;розетка 1.56.047;1.56.047;N;ВР002029488;;2032.00;1989
6684;кронштейн 1.19.011;1.19.011;N;ВР002028745;;1161.00;1137
6707;молдинг 1.51.369;1.51.369;N;ВР002028361;;963.00;945
6709;розетка 1.56.045;1.56.045;N;ВР002028365;;2878.00;2819
6711;кронштейн 1.19.009;1.19.009;N;ВР002028702;;1135.00;1111
6736;орнамент 1.60.037;1.60.037;N;ВР002029533;;1674.00;1639
6737;орнамент 1.60.038;1.60.038;N;ВР002029734;;1597.00;1563
6738;орнамент 1.60.039;1.60.039;N;ВР002029731;;967.00;947
6739;орнамент 1.60.040;1.60.040;N;ВР002029837;;1034.00;1012
6740;наличник 1.54.014;1.54.014;N;ВР002028750;;3069.00;3006
6741;розетка 1.56.043;1.56.043;N;ВР002025489;;1591.00;1559
6743;розетка 1.56.049;1.56.049;N;ВР002029525;;1535.00;1505
6749;карниз 1.50.290;1.50.290;N;ВР002029832;;853.00;836
6750;угловой элемент 1.52.375;1.52.375;N;ВР002029529;;1001.00;980
6751;кронштейн 1.19.013;1.19.013;N;ВР002029487;;2324.00;2276
6755;молдинг 1.51.338;1.51.338;N;ВР001023157;;999.00;980
6756;угловой элемент 1.52.376;1.52.376;N;ВР002029836;;585.00;572
6757;орнамент 1.60.035;1.60.035;N;ВР002029482;;471.00;463
6758;орнамент 1.60.135;1.60.135;N;ВР002029485;;471.00;463
6761;угловой элемент 1.52.283;1.52.283;N;ВР002029490;;956.00;936
6762;угловой элемент 1.52.284;1.52.284;N;ВР002028701;;919.00;902
6763;кронштейн 1.19.012;1.19.012;N;ВР002028744;;1135.00;1111
6764;розетка 1.56.046;1.56.046;N;ВР002029489;;3377.00;3306
6765;карниз 1.50.225;1.50.225;N;ВР002029918;;1316.00;1289
6766;карниз 1.50.226;1.50.226;N;ВР002029920;;1447.00;1416
6767;орнамент 1.60.036;1.60.036;N;ВР002029536;;3216.00;3147
6768;карниз 1.50.289;1.50.289;N;ВР002029735;;807.00;790
6770;карниз 1.50.283 гибкий;1.50.283;Y;ВР002028717;;1644.00;1612
6772;кронштейн 1.19.014;1.19.014;N;ВР002029486;;1188.00;1163
6773;карниз 1.50.295;1.50.295;N;ВР099020111;;1029.00;1008
6783;карниз 1.50.293;1.50.293;N;ВР099020115;;1601.00;1566
6784;карниз 1.50.294;1.50.294;N;ВР099020117;;1095.00;1073
6785;карниз 1.50.279 гибкий;1.50.279;Y;ВР002028713;;3563.00;3489
6786;карниз 1.50.293 гибкий;1.50.293;Y;ВР099020116;;3201.00;3132
6787;карниз 1.50.294 гибкий;1.50.294;Y;ВР099020118;;2189.00;2146
6807;карниз 1.50.290 гибкий;1.50.290;Y;ВР002029833;N;1704.00;1671
6808;карниз 1.50.289 гибкий;1.50.289;Y;ВР002029736;;1611.00;1580
6809;карниз 1.50.206 гибкий;1.50.206;Y;ВР002028705;;1312.00;1288
6810;карниз 1.50.295 гибкий;1.50.295;Y;ВР099020112;;2057.00;2016
6811;молдинг 1.51.376 гибкий;1.51.376;Y;ВР002029835;;1501.00;1473
6812;молдинг 1.51.338 гибкий;1.51.338;Y;ВР002028721;;1997.00;1960
6817;кронштейн 1.19.018;1.19.018;N;ВР002029831;;1549.00;1516
6818;молдинг 1.51.382;1.51.382;N;ВР099020343;;1233.00;1208
6819;молдинг 1.51.377;1.51.377;N;ВР099020121;N;1031.00;1011
6820;молдинг 1.51.379;1.51.379;N;ВР099020119;N;1016.00;994
6823;молдинг 1.51.379 гибкий;1.51.379;Y;ВР099020120;;2030.00;1988
6826;молдинг 1.51.371;1.51.371;N;ВР002028631;;980.00;959
6828;карниз 1.50.292 гибкий;1.50.292;Y;ВР099020114;;1218.00;1193
6829;карниз 1.50.225 гибкий;1.50.225;Y;ВР002029919;N;2631.00;2578
6830;карниз 1.50.226 гибкий;1.50.226;Y;ВР002029921;N;2892.00;2832
6835;молдинг 1.51.378;1.51.378;N;ВР099020123;N;974.00;953
6836;розетка 1.56.052;1.56.052;N;ВР099020342;;864.00;846
6837;квадрат 1.54.017;1.54.017;N;ВР099020347;;402.00;394
8330;молдинг 1.51.378 гибкий;1.51.378;Y;ВР099020124;N;1946.00;1906
8331;молдинг 1.51.377 гибкий;1.51.377;Y;ВР099020122;N;2061.00;2022
8332;молдинг 1.51.382 гибкий;1.51.382;Y;ВР099020344;;2466.00;2416
8981;кронштейн 1.19.015;1.19.015;N;ВР002029534;;1110.00;1086
12094;карниз 1.50.298;1.50.298;N;ВР099020821;;1073.00;1053
12104;молдинг 1.51.372;1.51.372;N;ВР002028694;;591.00;579
13520;карниз 1.50.296;1.50.296;N;ВР099020297;N;1531.00;1499
14598;угловой элемент 1.52.299;1.52.299;N;ВР002028637;N;1052.00;1031
14599;угловой элемент 1.52.279;1.52.279;N;ВР002029957;N;1052.00;1031
14600;молдинг 1.51.365;1.51.365;N;ВР002028165;;868.00;850
14781;плинтус 1.53.108;1.53.108;N;ВР001023159;N;2037.00;1995
17562;кронштейн 1.19.016;1.19.016;N;ВР002029535;N;1188.00;1163
17563;розетка 1.56.053;1.56.053;N;ВР099020340;N;1523.00;1491
21020;карниз 1.50.227;1.50.227;N;ВР099020813;;4036.00;3953
21021;молдинг 1.51.385;1.51.385;N;ВР099020819;;1828.00;1790
21022;наличник 1.54.015;1.54.015;N;ВР099020341;;1786.00;1748
21023;сандрик 1.63.003;1.63.003;N;ВР099020817;;1999.00;1956
21126;плинтус 1.53.108 гибкий;1.53.108;Y;ВР002028735;;4070.00;3990
21619;карниз 1.50.297;1.50.297;N;ВР099020823;;591.00;579
21620;молдинг 1.51.383;1.51.383;N;ВР099020815;;1275.00;1247
21621;молдинг 1.51.384;1.51.384;N;ВР099020825;;1008.00;987
22331;наличник 1.54.016;1.54.016;N;ВР099020339;;1815.00;1778
22334;молдинг 1.51.385 гибкий;1.51.385;Y;ВР099020820;;3654.00;3580
22339;карниз 1.50.298 гибкий;1.50.298;Y;ВР099020822;;2144.00;2106
26629;карниз 1.50.249;1.50.249;N;ВР099020958;;1531.00;1499
27652;розетка 1.56.054;1.56.054;N;ВР099020348;;5327.00;5214
28243;карниз 1.50.299 гибкий;1.50.299;Y;ВР099020848;;1260.00;1235
28244;карниз 1.50.297 гибкий;1.50.297;Y;ВР099020824;;1181.00;1157
28245;молдинг 1.51.384 гибкий;1.51.384;Y;ВР099020826;;2013.00;1974
29278;карниз 1.50.215;1.50.215;N;ВР099020952;N;1118.00;1098
29860;плинтус 1.53.111;1.53.111;N;ВР099021149;N;1500.00;1467
31363;карниз 1.50.216;1.50.216;N;ВР099020956;;1421.00;1392
33172;кронштейн 1.19.017;1.19.017;N;ВР002029733;;2073.00;2029
33407;карниз 1.50.228;1.50.228;N;ВР099020811;;3173.00;3106
36930;карниз 1.50.249 гибкий;1.50.249;Y;ВР099020959;N;3060.00;2998
38420;панель декоративная 1.59.003;1.59.003;N;ВР099021199;;3151.00;3085
38421;панель декоративная 1.59.004;1.59.004;N;ВР099021200;;3151.00;3085
38422;панель декоративная 1.59.005;1.59.005;N;ВР099021201;;2965.00;2904
42718;карниз 1.50.215 гибкий;1.50.215;Y;ВР099020954;N;2233.00;2196
42720;карниз 1.50.216 гибкий;1.50.216;Y;ВР099020957;N;2840.00;2784
43862;торцевой элемент 4.82.032;4.82.032;N;ВР099021524;N;445.00;420
43863;торцевой элемент 4.82.131;4.82.131;N;ВР099021527;;431.00;406
43864;торцевой элемент 4.82.231;4.82.231;N;ВР099021528;;431.00;406
43865;торцевой элемент 4.82.232;4.82.232;N;ВР099021529;;431.00;406
43866;торцевой элемент 4.82.332;4.82.332;N;ВР099021530;;431.00;406
43867;торцевой элемент 4.82.331;4.82.331;N;ВР099021531;;431.00;406
43868;торцевой элемент 4.82.033;4.82.033;N;ВР099021526;;431.00;406
47206;карниз 1.50.229;1.50.229;N;ВР099021126;N;2056.00;2013
47207;карниз 1.50.621;1.50.621;N;ВР099021482;N;2116.00;2071
47208;карниз 1.50.622;1.50.622;N;ВР099021483;N;2866.00;2804
47209;карниз 1.50.623;1.50.623;N;ВР099021478;N;2184.00;2140
47210;карниз 1.50.624;1.50.624;N;ВР099021479;N;2831.00;2770
47211;молдинг 1.51.601;1.51.601;N;ВР099021349;N;1467.00;1436
47213;молдинг 1.51.603;1.51.603;N;ВР099021351;N;4296.00;4205
47214;молдинг 1.51.604;1.51.604;N;ВР099021352;N;4082.00;3995
47215;молдинг 1.51.605;1.51.605;N;ВР099021486;N;1836.00;1800
47216;молдинг 1.51.606;1.51.606;N;ВР099021487;N;2281.00;2232
48388;карниз 1.50.227 гибкий;1.50.227;Y;ВР099020814;N;8071.00;7906
48390;молдинг 1.51.386;1.51.386;N;ВР099021124;N;984.00;964
48392;плинтус 1.53.112;1.53.112;N;ВР099021474;N;1591.00;1559
65559;молдинг 1.51.387;1.51.387;N;ВР099021541;N;1155.00;1132
65560;молдинг 1.51.388;1.51.388;N;ВР099021542;N;1925.00;1886
65561;база 1.54.040;1.54.040;N;ВР099021537;N;1242.00;1216
65562;база 1.54.040;1.54.040;N;ВР099021537;N;1242.00;1216
65563;база 1.54.050;1.54.050;N;ВР099021538;N;1215.00;1189
65564;база 1.54.050;1.54.050;N;ВР099021538;N;1215.00;1189
65565;элемент 1.54.018;1.54.018;N;ВР099021540;N;752.00;737
65645;карниз 1.50.228 гибкий;1.50.228;Y;ВР099020812;N;6344.00;6212
67964;карниз 1.50.623 гибкий;1.50.623;Y;ВР099021480;N;4367.00;4280
69864;карниз 1.50.501;1.50.501;N;ВР099021735;N;3398.00;3889
69865;карниз 1.50.502;1.50.502;N;ВР099021718;N;4479.00;5125
69866;карниз 1.50.503;1.50.503;N;ВР099021719;N;3809.00;4359
69867;карниз 1.50.504;1.50.504;N;ВР099021850;N;7034.00;8047
69868;карниз 1.50.524;1.50.524;N;ВР099021897;N;7034.00;8047
69873;молдинг 1.51.501;1.51.501;N;ВР099021311;N;2933.00;3356
69874;молдинг 1.51.502;1.51.502;N;ВР099021451;N;3098.00;3544
69875;молдинг 1.51.503;1.51.503;N;ВР099021998;N;2186.00;2503
69876;молдинг 1.51.504;1.51.504;N;ВР099021960;N;1378.00;1577
69877;молдинг 1.51.510;1.51.510;N;ВР099021962;N;2372.00;2715
69878;молдинг 1.51.518;1.51.518;N;ВР099021932;N;7193.00;8232
69879;молдинг 1.51.513;1.51.513;N;ВР099021901;N;2812.00;3218
69890;панель декоративная 1.59.501;1.59.501;N;ВР099021536;N;1995.00;2282
69891;панель декоративная 1.59.503;1.59.503;N;ВР099021725;N;2686.00;3074
69892;плинтус 1.53.501;1.53.501;N;ВР099021905;N;2898.00;3316
69893;орнамент 1.60.501;1.60.501;N;ВР099021453;N;674.00;772
69894;орнамент 1.60.503;1.60.503;N;ВР099021834;N;505.00;581
69895;розетка 1.56.501;1.56.501;N;ВР099021433;N;1876.00;2194
69896;розетка 1.56.502;1.56.502;N;ВР099021449;N;3351.00;3918
69900;розетка 1.56.503;1.56.503;N;ВР099021365;N;7909.00;9246
69901;розетка 1.56.511;1.56.511;N;ВР099021937;N;918.00;1050
69902;арочный элемент 1.61.511 гибкий;1.61.511;Y;ВР099021909;N;11415.00;13060
69903;панель потолочная 1.57.501;1.57.501;N;ВР099021836;N;2745.00;3141
69904;панель потолочная 1.57.502;1.57.502;N;ВР099021723;N;872.00;996
69905;панель потолочная 1.57.503;1.57.503;N;ВР099021724;N;1990.00;2279
69906;панель потолочная 1.57.504;1.57.504;N;ВР099021739;N;913.00;1048
71228;панель декоративная 1.59.001;1.59.001;N;ВР099021197;N;2427.00;2376
73757;плинтус 1.53.112 гибкий;1.53.112;Y;ВР099021475;N;3179.00;3118
74261;карниз 6.50.101;6.50.101;N;ВР099020991;Y;758.00;861
74262;молдинг 6.51.301;6.51.301;N;ВР002029762;Y;392.00;523
74263;плинтус 6.53.101;6.53.101;N;ВР099021008;Y;912.00;1185
74264;карниз 6.50.103;6.50.103;N;ВР002029931;Y;597.00;677
74265;карниз 6.50.105;6.50.105;N;ВР002029803;Y;610.00;692
74266;карниз 6.50.113;6.50.113;N;ВР002029838;Y;807.00;916
74267;карниз 6.50.115;6.50.115;N;ВР099020993;Y;565.00;640
74268;карниз 6.50.130;6.50.130;N;ВР002029767;Y;387.00;440
74269;карниз 6.50.154;6.50.154;N;ВР099020994;Y;207.00;279
74270;карниз 6.50.155;6.50.155;N;ВР099020995;Y;275.00;313
74271;карниз 6.50.157;6.50.157;N;ВР099020996;Y;312.00;356
74272;карниз 6.50.160;6.50.160;N;ВР099020089;Y;724.00;825
74273;карниз 6.50.165;6.50.165;N;ВР099021884;Y;918.00;1041
74274;карниз 6.50.171;6.50.171;N;ВР099021880;Y;488.00;563
74275;карниз 6.50.172;6.50.172;N;ВР099020997;Y;440.00;500
74276;карниз 6.50.174;6.50.174;N;ВР099020998;Y;597.00;677
74277;карниз 6.50.229;6.50.229;N;ВР099021883;Y;1367.00;1553
74278;карниз 6.50.230;6.50.230;N;ВР099021882;Y;1463.00;1660
74279;карниз 6.50.248;6.50.248;N;ВР099021881;Y;1153.00;1310
74280;карниз 6.50.297;6.50.297;N;ВР099020999;Y;233.00;300
74281;карниз 6.50.298;6.50.298;N;ВР099021000;Y;372.00;426
74282;карниз 6.50.299;6.50.299;N;ВР099021001;Y;456.00;519
74283;молдинг 6.51.302;6.51.302;N;ВР002029901;Y;687.00;781
74284;молдинг 6.51.307;6.51.307;N;ВР002029765;Y;896.00;1016
74285;молдинг 6.51.308;6.51.308;N;ВР002029763;Y;379.00;475
74286;молдинг 6.51.321;6.51.321;N;ВР002029764;Y;248.00;283
74287;молдинг 6.51.322;6.51.322;N;ВР099021002;Y;214.00;279
74288;молдинг 6.51.323;6.51.323;N;ВР099021003;Y;306.00;350
74289;молдинг 6.51.345;6.51.345;N;ВР099021886;Y;896.00;1016
74290;молдинг 6.51.362;6.51.362;N;ВР099021004;Y;417.00;475
74291;молдинг 6.51.363;6.51.363;N;ВР099021005;Y;502.00;673
74292;молдинг 6.51.384;6.51.384;N;ВР099021006;Y;421.00;485
74293;молдинг 6.51.385;6.51.385;N;ВР099021007;Y;795.00;979
74294;молдинг 6.51.386;6.51.386;N;ВР099021885;Y;355.00;404
74295;молдинг 6.51.400;6.51.400;N;ВР002029766;Y;392.00;523
74296;плинтус 6.53.102;6.53.102;N;ВР002029768;Y;1064.00;1208
74297;плинтус 6.53.103;6.53.103;N;ВР002029769;Y;744.00;876
74298;плинтус 6.53.104;6.53.104;N;ВР002029770;Y;917.00;1041
74299;плинтус 6.53.105;6.53.105;N;ВР002030015;Y;1155.00;1310
74300;плинтус 6.53.106;6.53.106;N;ВР002030027;Y;587.00;666
74301;плинтус 6.53.107;6.53.107;N;ВР002029771;Y;734.00;876
74302;плинтус 6.53.108;6.53.108;N;ВР099021009;Y;878.00;998
74303;плинтус 6.53.109;6.53.109;N;ВР099020055;Y;777.00;924
74304;плинтус 6.53.112;6.53.112;N;ВР099021887;Y;550.00;706
76545;  1.50.710;1.50.710;N;ВР099021830;N;4200.00;4806
76546;  1.51.701;1.51.701;N;ВР099021504;N;1956.00;2238
76547;  1.51.711;1.51.711;N;ВР099021826;N;2445.00;2799
76560;  6.50.701;6.50.701;N;ВР099021747;N;223.00;254
76561;  6.50.702;6.50.702;N;ВР099021748;N;462.00;526
76562;  6.50.703;6.50.703;N;ВР099021749;N;375.00;426
76563;  6.50.704;6.50.704;N;ВР099021750;N;639.00;726
76564;  6.50.705;6.50.705;N;ВР099021751;N;518.00;588
76565;  6.50.706;6.50.706;N;ВР099021752;N;959.00;1091
76566;  6.50.708;6.50.708;N;ВР099021753;N;399.00;455
76567;  6.50.709;6.50.709;N;ВР099021754;N;878.00;998
76568;  6.51.702;6.51.702;N;ВР099021755;N;429.00;489
76569;  6.51.703;6.51.703;N;ВР099021756;N;592.00;673
76570;  6.51.704;6.51.704;N;ВР099021757;N;506.00;574
76571;  6.51.705;6.51.705;N;ВР099021758;N;341.00;388
76572;  6.51.706;6.51.706;N;ВР099021759;N;472.00;537
76573;  6.51.707;6.51.707;N;ВР099021760;N;506.00;574
76574;  6.51.708;6.51.708;N;ВР099021761;N;639.00;726
76575;  6.51.710;6.51.710;N;ВР099021762;N;763.00;867
76576;  6.53.701;6.53.701;N;ВР099021767;N;1122.00;1277
76577;  6.53.702;6.53.702;N;ВР099021763;N;399.00;455
76578;  6.53.703;6.53.703;N;ВР099021764;N;639.00;726
76579;  6.53.704;6.53.704;N;ВР099021765;N;716.00;815
76580;  6.53.705;6.53.705;N;ВР099021766;N;898.00;1020
76581;розетка 1.56.701;1.56.701;N;ВР099021567;N;2169.00;2481
76582;розетка 1.56.702;1.56.702;N;ВР099021702;N;2189.00;2507
76583;розетка 1.56.703;1.56.703;N;ВР099021704;N;531.00;609
76584;розетка 1.56.705;1.56.705;N;ВР099021707;N;1360.00;1556
76586;розетка 1.56.707;1.56.707;N;ВР099021708;N;1337.00;1529
76587;розетка 1.56.708;1.56.708;N;ВР099021709;N;1636.00;1873
76588;розетка 1.56.709;1.56.709;N;ВР099021700;N;959.00;1098
76589;розетка 1.56.710;1.56.710;N;ВР099021838;N;2115.00;2421
78427;  6.51.710;6.51.710;N;ВР099021762;N;763.00;867
78428;  1.51.711;1.51.711;N;ВР099021826;N;2445.00;2799
78429;  6.53.701;6.53.701;N;ВР099021767;N;1122.00;1277
78430;  6.53.702;6.53.702;N;ВР099021763;N;399.00;455
78431;  6.53.703;6.53.703;N;ВР099021764;N;639.00;726
78432;  6.53.704;6.53.704;N;ВР099021765;N;716.00;815
78433;  6.53.705;6.53.705;N;ВР099021766;N;898.00;1020
79707;  6.50.719;6.50.719;N;ВР099022047;N;878.00;998
83144;плинтус 1.53.111 гибкий;1.53.111;Y;ВР099021150;N;2999.00;2934
84138;карниз 1.50.285 гибкий;1.50.285;Y;ВР002028719;N;3711.00;3633
84701;молдинг 1.51.366;1.51.366;N;ВР002028176;N;827.00;811
93666;база 1.54.060;1.54.060;N;ВР099021539;N;1215.00;1189
93667;база 1.54.070;1.54.070;N;ЧХ099039581;N;1215.00;1189
93749;база 1.54.060;1.54.060;N;ВР099021539;N;1215.00;1189
93750;база 1.54.070;1.54.070;N;ЧХ099039581;N;1215.00;1189
98517;элемент 1.65.501;1.65.501;N;ВР099022021;N;675.00;772
98518;элемент 1.65.502;1.65.502;N;ВР099022030;N;608.00;695
98519;элемент 1.65.503;1.65.503;N;ВР099022031;N;552.00;630
99041;панель потолочная 1.51.518;1.51.518;N;ВР099021932;N;7193.00;8232
99042;панель декоративная 1.51.518;1.51.518;N;ВР099021932;N;7193.00;8232
99043;панель потолочная 1.57.502;1.57.502;N;ВР099021723;N;872.00;996
99044;панель потолочная 1.57.503;1.57.503;N;ВР099021724;N;1990.00;2279
99045;панель потолочная 1.57.504;1.57.504;N;ВР099021739;N;913.00;1048
104199;карниз 6.50.108;6.50.108;N;ВР099020992;Y;1287.00;1460
104753;молдинг 1.51.383 гибкий;1.51.383;Y;ВР099020816;N;2547.00;2494
107084;элемент 1.65.001;1.65.001;N;ВР099022291;N;2251.00;2205
107087;элемент 1.65.002;1.65.002;N;ВР099022292;N;2010.00;
107088;элемент 1.65.003;1.65.003;N;ВР099022293;N;1807.00;
109457;розетка 1.56.512;1.56.512;N;ВР099022003;N;939.00;1075
126248;карниз 1.50.229 гибкий;1.50.229;Y;ВР099021127;N;4112.00;4026
126269;карниз 1.50.624 гибкий;1.50.624;Y;ВР099021481;N;5659.00;5540
127537; 1.51.701 гибкий;1.51.701;Y;ВР099021505;N;3911.00;4476
142167;арочный элемент 1.61.511;1.61.511;N;ВР099022127;N;5708.00;6672
158448;E13.S.60 / Клей Европласт стыковочный PU 60 мл.;E13.S.60;N;ВР099022867;N;520.00;668
158449;E12.S.290 / Клей Европласт стыковочный PU 290 мл.;E12.S.290;N;ВР099022866;N;1399.00;1 778
159097;плинтус 6.53.110;6.53.110;N;ВР099021010;Y;1104.00;1256
164888;молдинг 1.51.386 гибкий;1.51.386;Y;ВР099021148;N;1967.00;1928
165150;кронштейн 1.19.801;1.19.801;N;ВР099022734;N;2051.00;2580
165153;панель декоративная 6.59.801;6.59.801;N;ВР099022794;N;2970.00;3740
165154;панель декоративная 6.59.802;6.59.802;N;ВР099022795;N;2970.00;3740
165155;панель декоративная 6.59.803;6.59.803;N;ВР099022796;N;2860.00;3599
165156;декоративный элемент 1.62.801;1.62.801;N;ВР099022750;N;928.00;1170
165157;декоративный элемент 1.62.802;1.62.802;N;ВР099022749;N;933.00;1175
165158;декоративный элемент 1.62.803;1.62.803;N;ЧХ099045628;N;938.00;1181
165159;декоративный элемент 1.62.804;1.62.804;N;ВР099022797;N;951.00;1196
165160;декоративный элемент левый 1.62.805;1.62.805;N;ВР099022798;N;926.00;1166
165161;декоративный элемент правый 1.62.806;1.62.806;N;ВР099022799;N;926.00;1166
165162;карниз 6.50.801;6.50.801;N;ВР099022784;N;2282.00;2871
165163;карниз 6.50.802;6.50.802;N;ВР099022785;N;3025.00;3810
165164;карниз 6.50.803;6.50.803;N;ВР099022786;N;3117.00;3923
165165;молдинг 1.51.803;1.51.803;N;ВР099022739;N;1510.00;1901
165166;молдинг 1.51.804;1.51.804;N;ВР099022738;N;1613.00;2030
165167;молдинг 1.51.805;1.51.805;N;ВР099022737;N;1582.00;1994
165168;молдинг 1.51.806;1.51.806;N;ВР099022736;N;1582.00;1994
165169;молдинг 1.51.807;1.51.807;N;ВР099022800;N;2053.00;2584
165170;молдинг 1.51.811;1.51.811;N;ВР099022735;N;1461.00;1839
165171;молдинг 6.51.801;6.51.801;N;ВР099022787;N;598.00;753
165172;молдинг 6.51.802;6.51.802;N;ВР099022788;N;1210.00;1524
165173;молдинг 6.51.808;6.51.808;N;ВР099022791;N;440.00;555
165174;молдинг 6.51.809;6.51.809;N;ВР099022790;N;275.00;347
165175;молдинг 6.51.810;6.51.810;N;ВР099022789;N;550.00;694
165176;молдинг 6.51.815;6.51.815;N;ВР099022792;N;440.00;555
165177;плинтус 6.53.801;6.53.801;N;ВР099022782;N;604.00;761
165178;плинтус 6.53.802;6.53.802;N;ВР099022783;N;2496.00;3141
165179;плинтус 6.53.803;6.53.803;N;ВР099022780;N;1010.00;1274
165180;плинтус 6.53.804;6.53.804;N;ВР099022781;N;1203.00;1513
165181;плинтус 6.53.805;6.53.805;N;ВР099022806;N;2397.00;3020
165182;розетка 1.56.801;1.56.801;N;ВР099022740;N;1705.00;2148
165183;розетка 1.56.802;1.56.802;N;ВР099022741;Y;5060.00;6367
165184;розетка 1.56.803;1.56.803;N;ВР099022742;N;3300.00;4153
165185;розетка 1.56.804;1.56.804;N;ВР099022743;N;6050.00;7614
165186;розетка 1.56.805;1.56.805;N;ВР099022744;N;1705.00;2148
165187;розетка 1.56.806;1.56.806;N;ВР099022745;N;5005.00;6300
165188;угловой элемент 1.52.810;1.52.810;N;ВР099022803;N;962.00;1211
165189;угловой элемент 1.52.812;1.52.812;N;ВР099022804;N;962.00;1211
165190;угловой элемент 1.52.815;1.52.815;N;ВР099022801;N;974.00;1226
165191;угловой элемент 1.52.816;1.52.816;N;ВР099022802;N;988.00;1245
165200;элемент камина 1.64.801;1.64.801;N;ВР099022747;N;28599.00;35982
165201;элемент камина 1.64.803;1.64.803;N;ВР099022746;N;21999.00;27679
165901;элемент камина 1.64.801;1.64.801;N;ВР099022747;N;28599.00;35982
165902;элемент камина 1.64.801;1.64.801;N;ВР099022747;N;28599.00;35982
165903;элемент камина 1.64.803;1.64.803;N;ВР099022746;N;21999.00;27679
165904;элемент камина 1.64.803;1.64.803;N;ВР099022746;N;21999.00;27679
167039;панель декоративная 6.59.801-280;6.59.801-280;N;ВР099024026;N;4158.00;5234
167040;панель декоративная 6.59.802-280;6.59.802-280;N;ВР099024027;N;4158.00;5234
167041;панель декоративная 6.59.803-280;6.59.803-280;N;ВР099024028;N;4004.00;5038
170175;панель декоративная 6.59.806;6.59.806;N;ВР099024118;N;2860.00;3599
170176;панель декоративная 6.59.806-280;6.59.806-280;N;ВР099024119;N;4004.00;5038
170214;панель декоративная 6.59.804;6.59.804;N;ВР099024115;N;2860.00;3599
170215;панель декоративная 6.59.804-280;6.59.804-280;N;ВР099024116;N;4004.00;5038
173408;карниз 6.50.238;6.50.238;N;ВР099022765;Y;363.00;414
173409;карниз 6.50.239;6.50.239;N;ВР099022764;Y;363.00;414
173410;карниз 6.50.240;6.50.240;N;ВР099022763;Y;363.00;414
173411;карниз 6.50.241;6.50.241;N;ВР099022770;Y;1719.00;1948
173412;карниз 6.50.242;6.50.242;N;ВР099022769;Y;2640.00;2988
173413;карниз 6.50.243;6.50.243;N;ВР099022767;Y;2385.00;2703
173414;карниз 6.50.244;6.50.244;N;ВР099022768;Y;1356.00;1534
173415;карниз 6.50.245;6.50.245;N;ВР099022762;Y;1522.00;1722
173416;карниз 6.50.246;6.50.246;N;ВР099022766;Y;1382.00;1565
173417;карниз 6.50.247;6.50.247;N;ВР099022761;Y;1005.00;1138
173418;молдинг 6.51.389;6.51.389;N;ВР099022771;Y;381.00;435
173419;молдинг 6.51.390;6.51.390;N;ВР099022772;Y;1404.00;1590
173420;молдинг 6.51.391;6.51.391;N;ВР099022773;Y;456.00;516
173421;молдинг 6.51.392;6.51.392;N;ВР099022774;Y;1404.00;1590
173422;плинтус 6.53.113;6.53.113;N;ВР099022775;Y;1253.00;1420
173423;плинтус 6.53.114;6.53.114;N;ВР099022776;Y;1138.00;1288
173424;плинтус 6.53.115;6.53.115;N;ВР099022777;;706.00;802
173425;плинтус 6.53.116;6.53.116;N;ВР099022778;;951.00;1079
173426;плинтус 6.53.117;6.53.117;N;ВР099022807;;1738.00;1970
173427;плинтус 6.53.118;6.53.118;N;ВР099022808;;2255.00;2554
173949;угловой элемент 1.52.817;1.52.817;N;ВР099024131;N;1000.00;
240667;молдинг 1.51.817;1.51.817;N;ВР099024138;N;1668.00;
240672;молдинг 6.51.812;6.51.812;N;ВР099024101;N;481.00;
240675;молдинг 6.51.813;6.51.813;N;ВР099024102;N;481.00;
240679;молдинг 6.51.814;6.51.814;N;ВР099024103;N;416.00;
240680;молдинг 6.51.816;6.51.816;N;ВР099024104;N;582.00;
240683;карниз 6.50.804;6.50.804;N;ВР099024106;N;2031.00;
240687;плинтус 6.53.806;6.53.806;N;ВР099024105;N;1397.00;
240694;панель декоративная 1.59.817;1.59.817;N;ВР099024136;N;2301.00;
306553;панель декоративная 6.59.805;6.59.805;N;ВР099024401;N;2860.00;
306606;панель декоративная 6.59.805-280;6.59.805-280;N;ВР099024402;N;4004.00;
308748;карниз 1.50.805;1.50.805;N;ВР099024247;N;4180.00;
308753;молдинг 1.51.818;1.51.818;N;ВР099024262;N;1885.00;
308755;молдинг 1.51.819;1.51.819;N;ВР099024253;N;2183.00;
308766;угловой элемент 1.52.818;1.52.818;N;ВР099024277;N;1056.00;
308767;угловой элемент 1.52.819;1.52.819;N;ВР099024280;N;1056.00;
308770;панель декоративная 1.59.818;1.59.818;N;ВР099024244;N;2914.00;
308771;панель декоративная 1.59.820;1.59.820;N;ВР099024271;N;2914.00;
