IE_XML_ID;IE_NAME;IP_PROP142;IP_PROP157;CV_PRICE_1;IP_PROP565
4774;карниз 1.50.114;1.50.114;Нет;899.00;44,5
4775;карниз 1.50.115;1.50.115;Нет;726.00;35,9
4776;карниз 1.50.116;1.50.116;Нет;1834.00;90,8
4777;карниз 1.50.117;1.50.117;Нет;1829.00;90,5
4778;карниз 1.50.118;1.50.118;Нет;2035.00;100,7
4779;карниз 1.50.119;1.50.119;Нет;999.00;49,5
4780;карниз 1.50.120;1.50.120;Нет;2032.00;100,6
4781;карниз 1.50.121;1.50.121;Нет;980.00;48,5
4782;карниз 1.50.122;1.50.122;Нет;644.00;31,9
4783;карниз 1.50.100;1.50.100;Нет;892.00;0
4784;карниз 1.50.102;1.50.102;Нет;716.00;35,4
4785;карниз 1.50.103;1.50.103;Нет;722.00;35,7
4786;карниз 1.50.104;1.50.104;Нет;1783.00;88,3
4787;карниз 1.50.105;1.50.105;Нет;879.00;43,5
4788;карниз 1.50.106;1.50.106;Нет;949.00;47
4789;карниз 1.50.107;1.50.107;Нет;1874.00;92,8
4790;карниз 1.50.109;1.50.109;Нет;2035.00;100,7
4791;карниз 1.50.110;1.50.110;Нет;2303.00;114
4792;карниз 1.50.111;1.50.111;Нет;1885.00;93,3
4793;карниз 1.50.112;1.50.112;Нет;935.00;46,3
4794;карниз 1.50.113;1.50.113;Нет;991.00;49,1
4795;карниз 1.50.123;1.50.123;Нет;666.00;33
4796;карниз 1.50.124;1.50.124;Нет;1699.00;84,1
4797;карниз 1.50.125;1.50.125;Нет;1397.00;69,2
4798;карниз 1.50.126;1.50.126;Нет;979.00;48,5
4799;карниз 1.50.127;1.50.127;Нет;949.00;47
4800;карниз 1.50.128;1.50.128;Нет;1661.00;82,2
4801;карниз 1.50.129;1.50.129;Нет;958.00;47,4
4802;карниз 1.50.130;1.50.130;Нет;671.00;33,2
4803;карниз 1.50.131;1.50.131;Нет;1636.00;81
4804;карниз 1.50.132;1.50.132;Нет;2439.00;120,7
4805;карниз 1.50.133;1.50.133;Нет;1510.00;74,7
4806;карниз 1.50.134;1.50.134;Нет;2356.00;116,6
4807;карниз 1.50.135;1.50.135;Нет;1699.00;84,1
4808;карниз 1.50.136;1.50.136;Нет;1904.00;94,2
4809;карниз 1.50.137;1.50.137;Нет;2493.00;123,4
4810;карниз 1.50.138;1.50.138;Нет;2089.00;103,4
4811;карниз 1.50.139;1.50.139;Нет;1599.00;79,2
4812;карниз 1.50.140;1.50.140;Нет;932.00;46,1
4813;карниз 1.50.141;1.50.141;Нет;932.00;46,1
4814;карниз 1.50.142;1.50.142;Нет;2089.00;103,4
4815;карниз 1.50.143;1.50.143;Нет;899.00;44,5
4816;карниз 1.50.144;1.50.144;Нет;999.00;49,5
4817;карниз 1.50.145;1.50.145;Нет;2652.00;131,3
4818;карниз 1.50.146;1.50.146;Нет;1690.00;83,7
4819;карниз 1.50.147;1.50.147;Нет;2089.00;103,4
4820;карниз 1.50.148;1.50.148;Нет;1778.00;88
4822;карниз 1.50.150;1.50.150;Нет;685.00;33,9
4823;карниз 1.50.151;1.50.151;Нет;2692.00;133,3
4824;карниз 1.50.152;1.50.152;Нет;2692.00;133,3
4825;карниз 1.50.153;1.50.153;Нет;2692.00;133,3
4826;карниз 1.50.154;1.50.154;Нет;625.00;30,9
4827;карниз 1.50.155;1.50.155;Нет;620.00;30,7
4828;карниз 1.50.156;1.50.156;Нет;688.00;34,1
4829;карниз 1.50.157;1.50.157;Нет;639.00;31,6
4830;карниз 1.50.158;1.50.158;Нет;646.00;32
4831;карниз 1.50.159;1.50.159;Нет;664.00;32,9
4832;карниз 1.50.160;1.50.160;Нет;879.00;43,5
4833;карниз 1.50.162;1.50.162;Нет;899.00;44,5
4834;карниз 1.50.163;1.50.163;Нет;1753.00;86,8
4835;карниз 1.50.164;1.50.164;Нет;1928.00;95,4
4836;карниз 1.50.165;1.50.165;Нет;917.00;45,4
4837;карниз 1.50.166;1.50.166;Нет;1859.00;92
4838;карниз 1.50.167;1.50.167;Нет;1885.00;93,3
4839;карниз 1.50.168;1.50.168;Нет;1885.00;93,3
4840;карниз 1.50.169;1.50.169;Нет;1778.00;88
4841;карниз 1.50.170;1.50.170;Нет;999.00;49,5
4842;карниз 1.50.171;1.50.171;Нет;660.00;32,7
4843;карниз 1.50.172;1.50.172;Нет;684.00;33,9
4844;карниз 1.50.173;1.50.173;Нет;688.00;34,1
4845;карниз 1.50.174;1.50.174;Нет;699.00;34,6
4846;карниз 1.50.175;1.50.175;Нет;1874.00;92,8
4847;карниз 1.50.176;1.50.176;Нет;1699.00;84,1
4848;карниз 1.50.177;1.50.177;Нет;1022.00;50,6
4849;карниз 1.50.180;1.50.180;Нет;1740.00;86,1
4850;карниз 1.50.181;1.50.181;Нет;980.00;48,5
4851;карниз 1.50.182;1.50.182;Нет;964.00;47,7
4852;карниз 1.50.183;1.50.183;Нет;1047.00;51,8
4853;карниз 1.50.184;1.50.184;Нет;1047.00;51,8
4854;карниз 1.50.185;1.50.185;Нет;1834.00;90,8
4855;карниз 1.50.186;1.50.186;Нет;1047.00;51,8
4856;карниз 1.50.187;1.50.187;Нет;930.00;46
4857;карниз 1.50.188;1.50.188;Нет;930.00;46
4858;карниз 1.50.190;1.50.190;Нет;697.00;34,5
4859;карниз 1.50.191;1.50.191;Нет;683.00;33,8
4860;карниз 1.50.192;1.50.192;Нет;948.00;46,9
4861;карниз 1.50.193;1.50.193;Нет;977.00;48,4
4862;карниз 1.50.194;1.50.194;Нет;899.00;44,5
4863;карниз 1.50.195;1.50.195;Нет;980.00;48,5
4864;карниз 1.50.196;1.50.196;Нет;948.00;46,9
4865;карниз 1.50.197;1.50.197;Нет;1047.00;51,8
4866;карниз 1.50.198;1.50.198;Нет;1027.00;50,8
4867;карниз 1.50.200;1.50.200;Нет;930.00;46
4868;карниз 1.50.201;1.50.201;Нет;2317.00;114,7
4869;карниз 1.50.202;1.50.202;Нет;1673.00;82,8
4870;карниз 1.50.203;1.50.203;Нет;1885.00;93,3
4871;карниз 1.50.204;1.50.204;Нет;899.00;44,5
4872;карниз 1.50.208;1.50.208;Нет;999.00;49,5
4873;карниз 1.50.209;1.50.209;Нет;2170.00;107,4
4874;карниз 1.50.210;1.50.210;Нет;2267.00;112,2
4875;карниз 1.50.211;1.50.211;Нет;2323.00;115
4876;карниз 1.50.212;1.50.212;Нет;2323.00;115
4877;карниз 1.50.220;1.50.220;Нет;2011.00;99,5
4878;карниз 1.50.221;1.50.221;Нет;2355.00;116,6
4879;карниз 1.50.222;1.50.222;Нет;2598.00;128,6
4880;карниз 1.50.250;1.50.250;Нет;1699.00;84,1
4881;карниз 1.50.251;1.50.251;Нет;658.00;32,6
4882;карниз 1.50.252;1.50.252;Нет;1982.00;98,1
4883;карниз 1.50.253;1.50.253;Нет;980.00;48,5
4884;карниз 1.50.254;1.50.254;Нет;1481.00;73,3
4885;карниз 1.50.255;1.50.255;Нет;1664.00;82,4
4886;карниз 1.50.256;1.50.256;Нет;1912.00;94,6
4887;карниз 1.50.257;1.50.257;Нет;682.00;33,8
4888;карниз 1.50.258;1.50.258;Нет;628.00;31,1
4889;карниз 1.50.259;1.50.259;Нет;899.00;44,5
4890;карниз 1.50.260;1.50.260;Нет;2321.00;114,9
4891;карниз 1.50.261;1.50.261;Нет;1565.00;77,5
4892;карниз 1.50.262;1.50.262;Нет;1931.00;95,6
4893;карниз 1.50.264;1.50.264;Нет;2367.00;117,2
4894;карниз 1.50.265;1.50.265;Нет;999.00;49,5
4895;карниз 1.50.266;1.50.266;Нет;899.00;44,5
4896;карниз 1.50.267;1.50.267;Нет;1939.00;96
4897;карниз 1.50.268;1.50.268;Нет;1994.00;98,7
4898;карниз 1.50.269;1.50.269;Нет;2102.00;104
4899;карниз 1.50.270;1.50.270;Нет;2262.00;112
4900;карниз 1.50.271;1.50.271;Нет;2897.00;143,4
4901;карниз 1.50.273;1.50.273;Нет;2420.00;119,8
4902;карниз 1.50.114 гибкий;1.50.114;Да;1798.00;89
4903;карниз 1.50.115 гибкий;1.50.115;Да;1452.00;71,9
4904;карниз 1.50.116 гибкий;1.50.116;Да;3668.00;181,6
4905;карниз 1.50.117 гибкий;1.50.117;Да;3658.00;181,1
4906;карниз 1.50.118 гибкий;1.50.118;Да;4070.00;201,5
4907;карниз 1.50.119 гибкий;1.50.119;Да;1998.00;98,9
4908;карниз 1.50.120 гибкий;1.50.120;Да;4064.00;201,2
4909;карниз 1.50.121 гибкий;1.50.121;Да;1960.00;97
4910;карниз 1.50.122 гибкий;1.50.122;Да;1288.00;63,8
4911;карниз 1.50.100 гибкий;1.50.100;Да;1784.00;88,3
4912;карниз 1.50.102 гибкий;1.50.102;Да;1432.00;70,9
4913;карниз 1.50.103 гибкий;1.50.103;Да;1444.00;71,5
4914;карниз 1.50.104 гибкий;1.50.104;Да;3566.00;176,5
4915;карниз 1.50.105 гибкий;1.50.105;Да;1758.00;87
4916;карниз 1.50.106 гибкий;1.50.106;Да;1898.00;94
4917;карниз 1.50.107 гибкий;1.50.107;Да;3748.00;185,5
4918;карниз 1.50.109 гибкий;1.50.109;Да;4070.00;201,5
4919;карниз 1.50.110 гибкий;1.50.110;Да;4606.00;228
4920;карниз 1.50.111 гибкий;1.50.111;Да;3770.00;186,6
4921;карниз 1.50.112 гибкий;1.50.112;Да;1870.00;92,6
4922;карниз 1.50.113 гибкий;1.50.113;Да;1982.00;98,1
4923;карниз 1.50.123 гибкий;1.50.123;Да;1332.00;65,9
4924;карниз 1.50.124 гибкий;1.50.124;Да;3398.00;168,2
4925;карниз 1.50.125 гибкий;1.50.125;Да;2794.00;138,3
4926;карниз 1.50.126 гибкий;1.50.126;Да;1958.00;96,9
4927;карниз 1.50.127 гибкий;1.50.127;Да;1898.00;94
4928;карниз 1.50.128 гибкий;1.50.128;Да;3322.00;164,4
4929;карниз 1.50.129 гибкий;1.50.129;Да;1916.00;94,8
4930;карниз 1.50.130 гибкий;1.50.130;Да;1342.00;66,4
4931;карниз 1.50.131 гибкий;1.50.131;Да;3272.00;162
4932;карниз 1.50.132 гибкий;1.50.132;Да;4878.00;241,5
4933;карниз 1.50.133 гибкий;1.50.133;Да;3020.00;149,5
4934;карниз 1.50.134 гибкий;1.50.134;Да;4712.00;233,2
4935;карниз 1.50.135 гибкий;1.50.135;Да;3398.00;168,2
4936;карниз 1.50.136 гибкий;1.50.136;Да;3808.00;188,5
4937;карниз 1.50.137 гибкий;1.50.137;Да;4986.00;246,8
4938;карниз 1.50.138 гибкий;1.50.138;Да;4178.00;206,8
4939;карниз 1.50.139 гибкий;1.50.139;Да;3198.00;158,3
4940;карниз 1.50.140 гибкий;1.50.140;Да;1864.00;92,3
4941;карниз 1.50.141 гибкий;1.50.141;Да;1864.00;92,3
4942;карниз 1.50.142 гибкий;1.50.142;Да;4178.00;206,8
4943;карниз 1.50.143 гибкий;1.50.143;Да;1798.00;89
4944;карниз 1.50.144 гибкий;1.50.144;Да;1998.00;98,9
4945;карниз 1.50.145 гибкий;1.50.145;Да;5304.00;262,5
4946;карниз 1.50.146 гибкий;1.50.146;Да;3380.00;167,3
4947;карниз 1.50.147 гибкий;1.50.147;Да;4178.00;206,8
4948;карниз 1.50.148 гибкий;1.50.148;Да;3556.00;176
4950;карниз 1.50.150 гибкий;1.50.150;Да;1370.00;67,8
4951;карниз 1.50.151 гибкий;1.50.151;Да;5384.00;266,5
4952;карниз 1.50.152 гибкий;1.50.152;Да;5384.00;266,5
4953;карниз 1.50.153 гибкий;1.50.153;Да;5384.00;266,5
4954;карниз 1.50.154 гибкий;1.50.154;Да;1250.00;61,9
4955;карниз 1.50.155 гибкий;1.50.155;Да;1240.00;61,4
4956;карниз 1.50.156 гибкий;1.50.156;Да;1376.00;68,1
4957;карниз 1.50.157 гибкий;1.50.157;Да;1278.00;63,3
4958;карниз 1.50.158 гибкий;1.50.158;Да;1292.00;64
4959;карниз 1.50.159 гибкий;1.50.159;Да;1328.00;65,7
4960;карниз 1.50.160 гибкий;1.50.160;Да;1758.00;87
4961;карниз 1.50.162 гибкий;1.50.162;Да;1798.00;89
4962;карниз 1.50.163 гибкий;1.50.163;Да;3506.00;173,5
4963;карниз 1.50.164 гибкий;1.50.164;Да;3856.00;190,9
4964;карниз 1.50.165 гибкий;1.50.165;Да;1834.00;90,8
4965;карниз 1.50.166 гибкий;1.50.166;Да;3718.00;184
4966;карниз 1.50.168 гибкий;1.50.168;Да;3770.00;186,6
4967;карниз 1.50.169 гибкий;1.50.169;Да;3556.00;176
4968;карниз 1.50.170 гибкий;1.50.170;Да;1998.00;98,9
4969;карниз 1.50.171 гибкий;1.50.171;Да;1320.00;65,3
4970;карниз 1.50.172 гибкий;1.50.172;Да;1368.00;67,7
4971;карниз 1.50.173 гибкий;1.50.173;Да;1376.00;68,1
4972;карниз 1.50.174 гибкий;1.50.174;Да;1398.00;69,2
4973;карниз 1.50.175 гибкий;1.50.175;Да;3748.00;185,5
4974;карниз 1.50.176 гибкий;1.50.176;Да;3398.00;168,2
4975;карниз 1.50.177 гибкий;1.50.177;Да;2044.00;101,2
4976;карниз 1.50.180 гибкий;1.50.180;Да;3480.00;172,3
4977;карниз 1.50.181 гибкий;1.50.181;Да;1960.00;97
4978;карниз 1.50.182 гибкий;1.50.182;Да;1928.00;95,4
4979;карниз 1.50.183 гибкий;1.50.183;Да;2094.00;103,7
4980;карниз 1.50.184 гибкий;1.50.184;Да;2094.00;103,7
4981;карниз 1.50.185 гибкий;1.50.185;Да;3668.00;181,6
4982;карниз 1.50.186 гибкий;1.50.186;Да;2094.00;103,7
4983;карниз 1.50.187 гибкий;1.50.187;Да;1860.00;92,1
4984;карниз 1.50.188 гибкий;1.50.188;Да;1860.00;92,1
4985;карниз 1.50.190 гибкий;1.50.190;Да;1394.00;69
4986;карниз 1.50.191 гибкий;1.50.191;Да;1366.00;67,6
4987;карниз 1.50.192 гибкий;1.50.192;Да;1896.00;93,9
4988;карниз 1.50.193 гибкий;1.50.193;Да;1954.00;96,7
4989;карниз 1.50.194 гибкий;1.50.194;Да;1798.00;89
4990;карниз 1.50.195 гибкий;1.50.195;Да;1960.00;97
4991;карниз 1.50.197 гибкий;1.50.197;Да;2094.00;103,7
4992;карниз 1.50.200 гибкий;1.50.200;Да;1860.00;92,1
4993;карниз 1.50.202 гибкий;1.50.202;Да;3346.00;165,6
4994;карниз 1.50.203 гибкий;1.50.203;Да;3770.00;186,6
5000;карниз 1.50.250 гибкий;1.50.250;Да;3398.00;168,2
5001;карниз 1.50.251 гибкий;1.50.251;Да;1316.00;65,1
5002;карниз 1.50.252 гибкий;1.50.252;Да;3964.00;196,2
5003;карниз 1.50.253 гибкий;1.50.253;Да;1960.00;97
5004;карниз 1.50.254 гибкий;1.50.254;Да;2962.00;146,6
5005;карниз 1.50.255 гибкий;1.50.255;Да;3328.00;164,7
5006;карниз 1.50.256 гибкий;1.50.256;Да;3824.00;189,3
5007;карниз 1.50.257 гибкий;1.50.257;Да;1364.00;67,5
5008;карниз 1.50.258 гибкий;1.50.258;Да;1256.00;62,2
5009;карниз 1.50.259 гибкий;1.50.259;Да;1798.00;89
5010;карниз 1.50.260 гибкий;1.50.260;Да;4642.00;229,8
5012;карниз 1.50.262 гибкий;1.50.262;Да;3862.00;191,2
5013;карниз 1.50.264 гибкий;1.50.264;Да;4734.00;234,3
5014;карниз 1.50.265 гибкий;1.50.265;Да;1998.00;98,9
5015;карниз 1.50.266 гибкий;1.50.266;Да;1798.00;89
5016;карниз 1.50.267 гибкий;1.50.267;Да;3878.00;192
5017;карниз 1.50.268 гибкий;1.50.268;Да;3988.00;197,4
5018;карниз 1.50.269 гибкий;1.50.269;Да;4204.00;208,1
5019;карниз 1.50.270 гибкий;1.50.270;Да;4524.00;223,9
5020;молдинг 1.51.311;1.51.311;Нет;1299.00;64,3
5021;молдинг 1.51.314;1.51.314;Нет;789.00;39,1
5022;молдинг 1.51.327;1.51.327;Нет;1075.00;53,2
5023;молдинг 1.51.301;1.51.301;Нет;677.00;36,6
5024;молдинг 1.51.305;1.51.305;Нет;649.00;32,1
5025;молдинг 1.51.321;1.51.321;Нет;611.00;30,2
5026;молдинг 1.51.400;1.51.400;Нет;651.00;32,2
5027;молдинг 1.51.302;1.51.302;Нет;780.00;38,6
5028;молдинг 1.51.303;1.51.303;Нет;845.00;41,8
5029;молдинг 1.51.304;1.51.304;Нет;799.00;39,6
5030;молдинг 1.51.306;1.51.306;Нет;666.00;33
5031;молдинг 1.51.307;1.51.307;Нет;1261.00;62,4
5032;молдинг 1.51.324;1.51.324;Нет;611.00;30,2
5033;молдинг 1.51.352;1.51.352;Нет;755.00;37,4
5034;молдинг 1.51.325;1.51.325;Нет;1343.00;66,5
5035;молдинг 1.51.312;1.51.312;Нет;743.00;36,8
5036;молдинг 1.51.332;1.51.332;Нет;783.00;38,8
5037;молдинг 1.51.350;1.51.350;Нет;1353.00;67
5038;молдинг 1.51.326;1.51.326;Нет;778.00;38,5
5039;молдинг 1.51.308;1.51.308;Нет;743.00;36,8
5040;молдинг 1.51.309;1.51.309;Нет;831.00;41,1
5041;молдинг 1.51.310;1.51.310;Нет;1261.00;62,4
5042;молдинг 1.51.313;1.51.313;Нет;789.00;39,1
5043;молдинг 1.51.315;1.51.315;Нет;816.00;40,4
5044;молдинг 1.51.316;1.51.316;Нет;755.00;37,4
5045;молдинг 1.51.317;1.51.317;Нет;1194.00;59,1
5046;молдинг 1.51.318;1.51.318;Нет;845.00;41,8
5047;молдинг 1.51.319;1.51.319;Нет;1365.00;67,6
5048;молдинг 1.51.320;1.51.320;Нет;1299.00;64,3
5049;молдинг 1.51.322;1.51.322;Нет;623.00;30,8
5050;молдинг 1.51.328;1.51.328;Нет;778.00;38,5
5051;молдинг 1.51.330;1.51.330;Нет;820.00;40,6
5053;молдинг 1.51.340;1.51.340;Нет;769.00;38,1
5054;молдинг 1.51.341;1.51.341;Нет;846.00;41,9
5055;молдинг 1.51.342;1.51.342;Нет;815.00;40,3
5056;молдинг 1.51.343;1.51.343;Нет;799.00;39,6
5057;молдинг 1.51.344;1.51.344;Нет;815.00;40,3
5058;молдинг 1.51.351;1.51.351;Нет;799.00;39,6
5059;молдинг 1.51.380;1.51.380;Нет;1793.00;88,8
5060;молдинг 1.51.401;1.51.401;Нет;613.00;30,3
5061;молдинг 1.51.323;1.51.323;Нет;634.00;31,4
5062;молдинг 1.51.339;1.51.339;Нет;799.00;39,6
5063;молдинг 1.51.331;1.51.331;Нет;831.00;41,1
5064;молдинг 1.51.336;1.51.336;Нет;783.00;38,8
5065;молдинг 1.51.334;1.51.334;Нет;756.00;37,4
5066;молдинг 1.51.335;1.51.335;Нет;833.00;41,2
5067;молдинг 1.51.337;1.51.337;Нет;815.00;40,3
5068;молдинг 1.51.348;1.51.348;Нет;789.00;39,1
5069;молдинг 1.51.349;1.51.349;Нет;1299.00;64,3
5070;молдинг 1.51.329;1.51.329;Нет;646.00;32
5071;молдинг 1.51.347;1.51.347;Нет;1239.00;61,3
5072;молдинг 1.51.355;1.51.355;Нет;1282.00;63,5
5073;молдинг 1.51.354;1.51.354;Нет;817.00;40,4
5074;молдинг 1.51.311 гибкий;1.51.311;Да;2598.00;128,6
5075;молдинг 1.51.314 гибкий;1.51.314;Да;1578.00;78,1
5076;молдинг 1.51.327 гибкий;1.51.327;Да;2150.00;106,4
5077;молдинг 1.51.301 гибкий;1.51.301;Да;1354.00;67
5078;молдинг 1.51.305 гибкий;1.51.305;Да;1298.00;64,3
5079;молдинг 1.51.321 гибкий;1.51.321;Да;1222.00;60,5
5080;молдинг 1.51.400 гибкий;1.51.400;Да;1302.00;64,4
5081;молдинг 1.51.302 гибкий;1.51.302;Да;1560.00;77,2
5082;молдинг 1.51.303 гибкий;1.51.303;Да;1690.00;83,7
5083;молдинг 1.51.304 гибкий;1.51.304;Да;1598.00;79,1
5084;молдинг 1.51.306 гибкий;1.51.306;Да;1332.00;65,9
5085;молдинг 1.51.307 гибкий;1.51.307;Да;2522.00;124,8
5086;молдинг 1.51.324 гибкий;1.51.324;Да;1222.00;60,5
5087;молдинг 1.51.352 гибкий;1.51.352;Да;1510.00;74,7
5088;молдинг 1.51.325 гибкий;1.51.325;Да;2686.00;133
5089;молдинг 1.51.312 гибкий;1.51.312;Да;1486.00;73,6
5090;молдинг 1.51.332 гибкий;1.51.332;Да;1566.00;77,5
5091;молдинг 1.51.350 гибкий;1.51.350;Да;2706.00;133,9
5092;молдинг 1.51.326 гибкий;1.51.326;Да;1556.00;77
5093;молдинг 1.51.308 гибкий;1.51.308;Да;1486.00;73,6
5094;молдинг 1.51.309 гибкий;1.51.309;Да;1662.00;82,3
5095;молдинг 1.51.310 гибкий;1.51.310;Да;2522.00;124,8
5096;молдинг 1.51.313 гибкий;1.51.313;Да;1578.00;78,1
5097;молдинг 1.51.315 гибкий;1.51.315;Да;1632.00;80,8
5098;молдинг 1.51.316 гибкий;1.51.316;Да;1510.00;74,7
5099;молдинг 1.51.317 гибкий;1.51.317;Да;2388.00;118,2
5100;молдинг 1.51.318 гибкий;1.51.318;Да;1690.00;83,7
5101;молдинг 1.51.319 гибкий;1.51.319;Да;2730.00;135,1
5102;молдинг 1.51.320 гибкий;1.51.320;Да;2598.00;128,6
5103;молдинг 1.51.322 гибкий;1.51.322;Да;1246.00;61,7
5104;молдинг 1.51.328 гибкий;1.51.328;Да;1556.00;77
5105;молдинг 1.51.330 гибкий;1.51.330;Да;1640.00;81,2
5107;молдинг 1.51.340 гибкий;1.51.340;Да;1538.00;76,1
5108;молдинг 1.51.341 гибкий;1.51.341;Да;1692.00;83,8
5109;молдинг 1.51.342 гибкий;1.51.342;Да;1630.00;80,7
5110;молдинг 1.51.343 гибкий;1.51.343;Да;1598.00;79,1
5111;молдинг 1.51.344 гибкий;1.51.344;Да;1630.00;80,7
5112;молдинг 1.51.351 гибкий;1.51.351;Да;1598.00;79,1
5113;молдинг 1.51.380 гибкий;1.51.380;Да;3586.00;177,5
5114;молдинг 1.51.401 гибкий;1.51.401;Да;1226.00;60,7
5115;молдинг 1.51.323 гибкий;1.51.323;Да;1268.00;62,8
5116;молдинг 1.51.339 гибкий;1.51.339;Да;1598.00;79,1
5117;молдинг 1.51.331 гибкий;1.51.331;Да;1662.00;82,3
5118;молдинг 1.51.336 гибкий;1.51.336;Да;1566.00;77,5
5119;молдинг 1.51.334 гибкий;1.51.334;Да;1512.00;74,8
5120;молдинг 1.51.335 гибкий;1.51.335;Да;1666.00;82,5
5121;молдинг 1.51.337 гибкий;1.51.337;Да;1630.00;80,7
5122;молдинг 1.51.348 гибкий;1.51.348;Да;1578.00;78,1
5123;молдинг 1.51.349 гибкий;1.51.349;Да;2598.00;128,6
5124;молдинг 1.51.329 гибкий;1.51.329;Да;1292.00;64
5125;молдинг 1.51.347 гибкий;1.51.347;Да;2478.00;122,7
5126;молдинг 1.51.355 гибкий;1.51.355;Да;2564.00;126,9
5127;молдинг 1.51.354 гибкий;1.51.354;Да;1634.00;80,9
5128;плинтус 1.53.102;1.53.102;Нет;1430.00;70,8
5129;плинтус 1.53.103;1.53.103;Нет;1299.00;64,3
5130;плинтус 1.53.104;1.53.104;Нет;1334.00;66
5131;плинтус 1.53.105;1.53.105;Нет;1471.00;72,8
5132;плинтус 1.53.106;1.53.106;Нет;1196.00;59,2
5133;плинтус 1.53.107;1.53.107;Нет;1150.00;56,9
5134;плинтус 1.53.109;1.53.109;Нет;1287.00;63,7
5135;плинтус 1.53.101;1.53.101;Нет;1383.00;68,5
5136;плинтус 1.53.102 гибкий;1.53.102;Да;2860.00;141,6
5137;плинтус 1.53.103 гибкий;1.53.103;Да;2598.00;128,6
5138;плинтус 1.53.104 гибкий;1.53.104;Да;2668.00;132,1
5139;плинтус 1.53.105 гибкий;1.53.105;Да;2942.00;145,6
5140;плинтус 1.53.106 гибкий;1.53.106;Да;2392.00;118,4
5141;плинтус 1.53.107 гибкий;1.53.107;Да;2300.00;113,8
5142;плинтус 1.53.109 гибкий;1.53.109;Да;2574.00;127,4
5143;плинтус 1.53.101 гибкий;1.53.101;Да;2766.00;136,9
5144;угловой элемент 1.52.326;1.52.326;Нет;682.00;33,8
5145;угловой элемент 1.52.301;1.52.301;Нет;584.00;28,9
5146;угловой элемент 1.52.302;1.52.302;Нет;600.00;29,7
5147;угловой элемент 1.52.290;1.52.290;Нет;634.00;31,4
5148;угловой элемент 1.52.293;1.52.293;Нет;634.00;31,4
5149;угловой элемент 1.52.292;1.52.292;Нет;649.00;32,1
5150;угловой элемент 1.52.288;1.52.288;Нет;662.00;32,8
5151;угловой элемент 1.52.294;1.52.294;Нет;662.00;32,8
5152;угловой элемент 1.52.291;1.52.291;Нет;604.00;29,9
5153;угловой элемент 1.52.295;1.52.295;Нет;604.00;29,9
5154;угловой элемент 1.52.328;1.52.328;Нет;604.00;29,9
5155;угловой элемент 1.52.400;1.52.400;Нет;637.00;31,5
5156;угловой элемент 1.52.289;1.52.289;Нет;586.00;29
5157;угловой элемент 1.52.296;1.52.296;Нет;726.00;35,9
5158;угловой элемент 1.52.297;1.52.297;Нет;591.00;29,3
5159;угловой элемент 1.52.298;1.52.298;Нет;591.00;29,3
5160;угловой элемент 1.52.300;1.52.300;Нет;604.00;29,9
5161;угловой элемент 1.52.303;1.52.303;Нет;604.00;29,9
5162;угловой элемент 1.52.308;1.52.308;Нет;579.00;28,7
5163;угловой элемент 1.52.312;1.52.312;Нет;584.00;28,9
5164;угловой элемент 1.52.313;1.52.313;Нет;1251.00;61,9
5165;угловой элемент 1.52.314;1.52.314;Нет;726.00;35,9
5166;угловой элемент 1.52.318;1.52.318;Нет;619.00;30,6
5167;кронштейн 1.19.001;1.19.001;Нет;1690.00;83,7
5168;кронштейн 1.19.137;1.19.137;Нет;249.00;12,3
5169;кронштейн 1.19.002;1.19.002;Нет;1264.00;62,6
5170;кронштейн 1.19.005;1.19.005;Нет;1397.00;69,2
5171;кронштейн 1.19.003;1.19.003;Нет;1268.00;62,8
5172;кронштейн 1.19.004;1.19.004;Нет;1269.00;62,8
5174;розетка 1.56.017;1.56.017;Нет;1782.00;88,2
5175;розетка 1.56.001;1.56.001;Нет;2427.00;120,1
5176;розетка 1.56.002;1.56.002;Нет;1725.00;85,4
5177;розетка 1.56.004;1.56.004;Нет;1407.00;69,6
5178;розетка 1.56.007;1.56.007;Нет;1459.00;72,2
5179;розетка 1.56.013;1.56.013;Нет;963.00;47,7
5180;розетка 1.56.014;1.56.014;Нет;1003.00;49,6
5181;розетка 1.56.015;1.56.015;Нет;1896.00;93,9
5182;розетка 1.56.016;1.56.016;Нет;1725.00;85,4
5183;розетка 1.56.018;1.56.018;Нет;3373.00;167
5184;розетка 1.56.019;1.56.019;Нет;1841.00;91,1
5185;розетка 1.56.020;1.56.020;Нет;1841.00;91,1
5186;розетка 1.56.022;1.56.022;Нет;1725.00;85,4
5187;розетка 1.56.023;1.56.023;Нет;2364.00;117
5188;розетка 1.56.024;1.56.024;Нет;1782.00;88,2
5189;розетка 1.56.025;1.56.025;Нет;4443.00;219,9
5190;розетка 1.56.005;1.56.005;Нет;2362.00;116,9
5191;розетка 1.56.010;1.56.010;Нет;586.00;29
5192;розетка 1.56.028;1.56.028;Нет;3295.00;163,1
5193;розетка 1.56.029;1.56.029;Нет;2427.00;120,1
5194;розетка 1.56.030;1.56.030;Нет;1033.00;51,1
5195;розетка 1.56.003;1.56.003;Нет;1841.00;91,1
5196;розетка 1.56.031;1.56.031;Нет;2364.00;117
5197;розетка 1.56.021;1.56.021;Нет;1896.00;93,9
5198;розетка 1.56.026;1.56.026;Нет;3216.00;159,2
5199;розетка 1.56.006;1.56.006;Нет;982.00;48,6
5200;розетка 1.56.009;1.56.009;Нет;1003.00;49,6
5201;розетка 1.56.032;1.56.032;Нет;1023.00;50,6
5202;розетка 1.56.011;1.56.011;Нет;579.00;28,7
5203;розетка 1.56.037;1.56.037;Нет;1004.00;49,7
5204;розетка 1.56.034;1.56.034;Нет;1783.00;88,3
5205;розетка 1.56.033;1.56.033;Нет;1725.00;85,4
5206;розетка 1.56.038;1.56.038;Нет;1063.00;52,6
5207;розетка 1.56.012;1.56.012;Нет;1841.00;91,1
5208;розетка 1.56.027;1.56.027;Нет;980.00;48,5
5209;розетка 1.56.039;1.56.039;Нет;2459.00;121,7
5210;розетка 1.56.035;1.56.035;Нет;1782.00;88,2
5211;розетка 1.56.042;1.56.042;Нет;586.00;29
5212;орнамент 1.60.114;1.60.114;Нет;729.00;36,1
5213;орнамент 1.60.014;1.60.014;Нет;729.00;36,1
5214;орнамент 1.60.011;1.60.011;Нет;317.00;15,7
5215;орнамент 1.60.111;1.60.111;Нет;317.00;15,7
5216;орнамент 1.60.007;1.60.007;Нет;294.00;14,6
5217;орнамент 1.60.005;1.60.005;Нет;294.00;14,6
5218;орнамент 1.60.012;1.60.012;Нет;790.00;39,1
5219;орнамент 1.60.008;1.60.008;Нет;277.00;13,7
5220;орнамент 1.60.010;1.60.010;Нет;284.00;14,1
5221;орнамент 1.60.002;1.60.002;Нет;318.00;15,7
5222;орнамент 1.60.003;1.60.003;Нет;277.00;13,7
5223;орнамент 1.60.004;1.60.004;Нет;284.00;14,1
5224;орнамент 1.60.006;1.60.006;Нет;288.00;14,3
5225;орнамент 1.60.009;1.60.009;Нет;284.00;14,1
5226;орнамент 1.60.015;1.60.015;Нет;297.00;14,7
5227;орнамент 1.60.017;1.60.017;Нет;319.00;15,8
5228;орнамент 1.60.018;1.60.018;Нет;329.00;16,3
5229;орнамент 1.60.019;1.60.019;Нет;790.00;39,1
5230;орнамент 1.60.108;1.60.108;Нет;277.00;13,7
5231;орнамент 1.60.109;1.60.109;Нет;284.00;14,1
5232;орнамент 1.60.110;1.60.110;Нет;284.00;14,1
5233;орнамент 1.60.001;1.60.001;Нет;289.00;14,3
5234;кессон 1.57.002;1.57.002;Нет;2218.00;109,8
5235;кессон 1.57.003;1.57.003;Нет;2334.00;115,5
5236;кессон 1.57.001;1.57.001;Нет;2043.00;101,1
5237;кессон 1.57.004;1.57.004;Нет;3029.00;149,9
5238;купол 1.58.001;1.58.001;Нет;11171.00;553
5239;капитель 1.11.001;1.11.001;Нет;9741.00;482,2
5240;капитель 1.11.010;1.11.010;Нет;5292.00;262
5241;капитель 1.11.003;1.11.003;Нет;7567.00;374,6
5242;капитель 1.11.002;1.11.002;Нет;5621.00;278,2
5243;капитель 1.11.004;1.11.004;Нет;7567.00;374,6
5244;капитель 1.11.005;1.11.005;Нет;3900.00;193
5245;капитель 1.11.006;1.11.006;Нет;7262.00;359,5
5246;капитель 1.11.008;1.11.008;Нет;4401.00;217,8
5247;капитель 1.11.009;1.11.009;Нет;4382.00;216,9
5248;капитель 1.15.002;1.15.002;Нет;2400.00;118,8
5249;капитель 1.15.003;1.15.003;Нет;3374.00;167
5250;капитель 1.15.004;1.15.004;Нет;3374.00;167
5251;капитель 1.15.005;1.15.005;Нет;1750.00;86,6
5252;капитель 1.15.006;1.15.006;Нет;3243.00;160,5
5253;капитель 1.15.008;1.15.008;Нет;2202.00;109
5254;капитель 1.15.001;1.15.001;Нет;4122.00;204
5255;капитель 1.15.009;1.15.009;Нет;2190.00;108,4
5256;капитель 1.15.010;1.15.010;Нет;2648.00;131,1
5257;капитель 1.21.003;1.21.003;Нет;1505.00;74,5
5258;капитель 1.21.001;1.21.001;Нет;1352.00;66,9
5259;капитель 1.21.002;1.21.002;Нет;1720.00;85,1
5260;капитель 1.21.004;1.21.004;Нет;1573.00;77,9
5261;капитель 1.21.005;1.21.005;Нет;1696.00;84
5262;капитель 1.21.006;1.21.006;Нет;1607.00;79,5
5263;капитель 1.21.007;1.21.007;Нет;1522.00;75,3
5264;ствол 1.12.020;1.12.020;Нет;14236.00;704,7
5265;ствол 1.12.010;1.12.010;Нет;14236.00;704,7
5266;ствол 1.12.030;1.12.030;Нет;18131.00;897,5
5267;ствол 1.12.050;1.12.050;Нет;8382.00;414,9
5268;ствол 1.12.060;1.12.060;Нет;7654.00;378,9
5269;ствол 1.12.061;1.12.061;Нет;10338.00;511,7
5270;ствол 1.12.080;1.12.080;Нет;7654.00;378,9
5271;ствол 1.12.081;1.12.081;Нет;10338.00;511,7
5272;ствол 1.12.070;1.12.070;Нет;7654.00;378,9
5273;ствол 1.12.071;1.12.071;Нет;10338.00;511,7
5274;ствол 1.16.080;1.16.080;Нет;3828.00;189,5
5275;ствол 1.16.081;1.16.081;Нет;5170.00;255,9
5276;ствол 1.16.030;1.16.030;Нет;8317.00;411,7
5277;ствол 1.16.070;1.16.070;Нет;3828.00;189,5
5278;ствол 1.16.050;1.16.050;Нет;3748.00;185,5
5279;ствол 1.16.060;1.16.060;Нет;3828.00;189,5
5280;ствол 1.16.071;1.16.071;Нет;5170.00;255,9
5281;ствол 1.16.010;1.16.010;Нет;6372.00;315,4
5282;ствол 1.16.011;1.16.011;Нет;6548.00;324,1
5283;ствол 1.16.020;1.16.020;Нет;6372.00;315,4
5284;ствол 1.16.061;1.16.061;Нет;5170.00;255,9
5285;ствол 1.22.010;1.22.010;Нет;1964.00;97,2
5286;ствол 1.22.020;1.22.020;Нет;3100.00;153,5
5287;ствол 1.22.030;1.22.030;Нет;2364.00;117
5288;ствол 1.22.200;1.22.200;Нет;3556.00;176
5289;ствол 1.22.040;1.22.040;Нет;2514.00;124,4
5290;кольцо 1.11.100;1.11.100;Нет;238.00;11,8
5291;кольцо 1.11.200;1.11.200;Нет;238.00;11,8
5292;кольцо 1.11.300;1.11.300;Нет;345.00;17,1
5293;кольцо 1.15.100;1.15.100;Нет;120.00;5,9
5294;кольцо 1.15.200;1.15.200;Нет;120.00;5,9
5295;кольцо 1.15.300;1.15.300;Нет;177.00;8,8
5296;база 1.13.900;1.13.900;Нет;3479.00;172,2
5297;база 1.13.300;1.13.300;Нет;13110.00;648,9
5298;база 1.13.400;1.13.400;Нет;5808.00;287,5
5299;база 1.13.800;1.13.800;Нет;3479.00;172,2
5300;база 1.13.500;1.13.500;Нет;3900.00;193
5301;база 1.13.100;1.13.100;Нет;10113.00;500,6
5302;база 1.13.200;1.13.200;Нет;5024.00;248,7
5303;база 1.13.700;1.13.700;Нет;3410.00;168,8
5304;база 1.17.900;1.17.900;Нет;1740.00;86,1
5305;база 1.17.300;1.17.300;Нет;5997.00;296,9
5306;база 1.17.400;1.17.400;Нет;2625.00;129,9
5307;база 1.17.100;1.17.100;Нет;4498.00;222,7
5308;база 1.17.800;1.17.800;Нет;1740.00;86,1
5309;база 1.17.500;1.17.500;Нет;1750.00;86,6
5310;база 1.17.600;1.17.600;Нет;3279.00;162,3
5311;база 1.17.700;1.17.700;Нет;1706.00;84,4
5312;база 1.17.200;1.17.200;Нет;1951.00;96,6
5313;база 1.23.100;1.23.100;Нет;1607.00;79,5
5314;база 1.23.200;1.23.200;Нет;2299.00;113,8
5315;база 1.23.300;1.23.300;Нет;1813.00;89,7
5316;база 1.23.400;1.23.400;Нет;2455.00;121,5
5317;база 1.23.500;1.23.500;Нет;1763.00;87,3
5318;пьедестал 1.14.001;1.14.001;Нет;6778.00;335,5
5319;пьедестал 1.14.002;1.14.002;Нет;7156.00;354,2
5320;пьедестал 1.14.003;1.14.003;Нет;7156.00;354,2
5321;пьедестал 1.18.001;1.18.001;Нет;3579.00;177,2
5322;пьедестал 1.18.002;1.18.002;Нет;3391.00;167,9
5323;пьедестал 1.18.003;1.18.003;Нет;3579.00;177,2
5324;база 1.54.010;1.54.010;Нет;757.00;37,5
5325;обрамление арок 1.55.003;1.55.003;Нет;306.00;15,1
5326;обрамление арок 1.55.004;1.55.004;Нет;318.00;15,7
5327;обрамление арок 1.55.001;1.55.001;Нет;868.00;43
5328;замковый камень 1.55.005;1.55.005;Нет;317.00;15,7
5329;обрамление арок 1.55.002;1.55.002;Нет;868.00;43
5330;база 1.54.020;1.54.020;Нет;686.00;34
5331;боковой элемент 1.54.009;1.54.009;Нет;299.00;14,8
5332;боковой элемент 1.54.019;1.54.019;Нет;299.00;14,8
5333;квадрат 1.54.001;1.54.001;Нет;272.00;13,5
5334;квадрат 1.54.002;1.54.002;Нет;263.00;13
5335;наличник 1.54.003;1.54.003;Нет;1091.00;54
5336;наличник 1.54.004;1.54.004;Нет;1830.00;90,6
5337;элемент 1.54.008;1.54.008;Нет;307.00;15,2
5338;элемент 1.54.006;1.54.006;Нет;375.00;18,6
5339;элемент 1.54.005;1.54.005;Нет;362.00;17,9
5340;элемент 1.54.007;1.54.007;Нет;297.00;14,7
5341;элемент 1.54.012;1.54.012;Нет;750.00;37,1
5342;элемент 1.54.011;1.54.011;Нет;740.00;36,6
5343;ствол 1.12.011;1.12.011;Нет;14663.00;725,8
5861;карниз 1.50.205;1.50.205;Нет;999.00;49,5
5862;карниз 1.50.196 гибкий;1.50.196;Да;1896.00;93,9
5863;карниз 1.50.198 гибкий;1.50.198;Да;2054.00;101,7
5864;карниз 1.50.201 гибкий;1.50.201;Да;4634.00;229,4
5865;карниз 1.50.205 гибкий;1.50.205;Да;1998.00;98,9
5866;молдинг 1.51.345;1.51.345;Нет;1282.00;63,5
5867;молдинг 1.51.357;1.51.357;Нет;771.00;38,2
5868;молдинг 1.51.358;1.51.358;Нет;1199.00;59,4
5869;молдинг 1.51.361;1.51.361;Нет;833.00;41,2
5870;молдинг 1.51.381;1.51.381;Нет;1977.00;97,9
5871;молдинг 1.51.345 гибкий;1.51.345;Да;2564.00;126,9
5872;молдинг 1.51.357 гибкий;1.51.357;Да;1542.00;76,3
5873;молдинг 1.51.358 гибкий;1.51.358;Да;2398.00;118,7
5874;молдинг 1.51.361 гибкий;1.51.361;Да;1666.00;82,5
5875;молдинг 1.51.381 гибкий;1.51.381;Да;3954.00;195,7
5876;архитрав 1.26.001;1.26.001;Нет;2102.00;104
5877;архитрав 1.26.002;1.26.002;Нет;2102.00;104
5878;архитрав 1.26.003;1.26.003;Нет;2153.00;106,6
5879;розетка 1.56.036;1.56.036;Нет;3829.00;189,5
5881;ниша 1.61.101;1.61.101;Нет;4203.00;208
5882;ниша 1.61.102;1.61.102;Нет;6441.00;318,8
5883;ниша с полкой 1.61.110;1.61.110;Нет;3891.00;192,6
5884;ниша с полкой 1.61.120;1.61.120;Нет;7949.00;393,5
5885;сандрик 1.63.001;1.63.001;Нет;2173.00;107,6
5886;сандрик 1.63.002;1.63.002;Нет;2044.00;101,2
5887;карниз 4.02.201;4.02.201;Нет;9644.00;477,4
5888;карниз 4.01.201;4.01.201;Нет;9783.00;484,3
5889;карниз 4.01.101;4.01.101;Нет;8385.00;415,1
5890;карниз 4.01.301;4.01.301;Нет;9085.00;449,7
5891;карниз 4.32.202;4.32.202;Нет;6988.00;345,9
5892;карниз 4.01.103;4.01.103;Нет;12579.00;622,7
5893;карниз 4.31.301;4.31.301;Нет;8385.00;415,1
5894;карниз 4.32.201;4.32.201;Нет;6988.00;345,9
5895;карниз 4.81.002;4.81.002;Нет;6290.00;311,4
5896;карниз 4.32.302;4.32.302;Нет;6430.00;318,3
5897;карниз 4.01.202;4.01.202;Нет;10483.00;518,9
5898;карниз 4.01.302;4.01.302;Нет;9783.00;484,3
5899;карниз 4.02.101;4.02.101;Нет;10483.00;518,9
5900;карниз 4.31.101;4.31.101;Нет;10901.00;539,6
5901;карниз 4.31.201;4.31.201;Нет;6988.00;345,9
5902;карниз 4.31.202;4.31.202;Нет;7688.00;380,6
5903;карниз 4.31.302;4.31.302;Нет;6988.00;345,9
5904;карниз 4.32.101;4.32.101;Нет;5590.00;276,7
5905;карниз 4.32.301;4.32.301;Нет;6988.00;345,9
5906;карниз 4.81.001;4.81.001;Нет;5172.00;256
5907;карниз 4.02.301;4.02.301;Нет;10483.00;518,9
5908;фриз 4.03.101;4.03.101;Нет;4893.00;242,2
5909;фриз 4.03.102;4.03.102;Нет;4752.00;235,2
5910;фриз 4.03.201;4.03.201;Нет;3495.00;173
5911;фриз 4.03.202;4.03.202;Нет;3914.00;193,7
5912;фриз 4.03.301;4.03.301;Нет;2516.00;124,5
5913;фриз 4.33.301;4.33.301;Нет;2516.00;124,5
5914;фриз 4.03.302;4.03.302;Нет;3914.00;193,7
5915;фриз 4.33.101;4.33.101;Нет;4193.00;207,6
5916;фриз 4.33.102;4.33.102;Нет;2098.00;103,9
5917;фриз 4.33.201;4.33.201;Нет;4893.00;242,2
5918;фриз 4.33.202;4.33.202;Нет;2657.00;131,5
5919;архитрав 4.04.201;4.04.201;Нет;3495.00;173
5920;архитрав 4.34.201;4.34.201;Нет;3215.00;159,1
5921;архитрав 4.34.202;4.34.202;Нет;2795.00;138,4
5922;архитрав 4.04.101;4.04.101;Нет;2795.00;138,4
5923;архитрав 4.04.102;4.04.102;Нет;3774.00;186,8
5924;архитрав 4.04.202;4.04.202;Нет;4473.00;221,4
5925;архитрав 4.04.301;4.04.301;Нет;2657.00;131,5
5926;архитрав 4.04.302;4.04.302;Нет;4473.00;221,4
5927;архитрав 4.34.101;4.34.101;Нет;4193.00;207,6
5928;архитрав 4.34.102;4.34.102;Нет;2516.00;124,5
5929;архитрав 4.34.301;4.34.301;Нет;3495.00;173
5930;архитрав 4.34.302;4.34.302;Нет;2516.00;124,5
5931;балясина 4.71.101;4.71.101;Нет;2098.00;103,9
5932;балясина 4.71.201;4.71.201;Нет;1818.00;90
5933;столб 4.75.101;4.75.101;Нет;6988.00;345,9
5934;столб 4.75.201;4.75.201;Нет;5590.00;276,7
5935;крышка (пирамида) 4.76.101;4.76.101;Нет;1119.00;55,4
5936;крышка (пирамида) 4.76.201;4.76.201;Нет;631.00;31,2
5937;крышка столба (плоская) 4.73.101;4.73.101;Нет;911.00;45,1
5938;крышка столба (плоская) 4.73.201;4.73.201;Нет;700.00;34,7
5939;крышка (шар) 4.77.101;4.77.101;Нет;1119.00;55,4
5940;крышка (шар) 4.77.201;4.77.201;Нет;911.00;45,1
5941;основание 4.74.101;4.74.101;Нет;11880.00;588,1
5942;основание 4.74.201;4.74.201;Нет;9783.00;484,3
5943;поручень 4.72.101;4.72.101;Нет;10204.00;505,1
5944;поручень 4.72.201;4.72.201;Нет;9085.00;449,7
5945;наличник 4.84.001;4.84.001;Нет;3495.00;173
5946;наличник 4.84.002;4.84.002;Нет;3015.00;149,2
5947;наличник 4.84.003;4.84.003;Нет;2325.00;115,1
5948;наличник 4.84.051;4.84.051;Нет;3634.00;179,9
5949;наличник 4.84.052;4.84.052;Нет;2878.00;142,5
5950;наличник 4.84.053;4.84.053;Нет;2196.00;108,7
5951;арочное обрамление 4.87.031;4.87.031;Нет;3215.00;159,1
5952;арочное обрамление 4.87.032;4.87.032;Нет;2587.00;128,1
5953;арочное обрамление 4.87.033;4.87.033;Нет;1678.00;83,1
5954;замковый камень 4.85.001;4.85.001;Нет;952.00;47,1
5955;замковый камень 4.85.002;4.85.002;Нет;839.00;41,5
5956;замковый камень 4.85.003;4.85.003;Нет;839.00;41,5
5957;подоконный элемент 4.82.001;4.82.001;Нет;4193.00;207,6
5958;подоконный элемент 4.82.002;4.82.002;Нет;2795.00;138,4
5959;подоконный элемент 4.82.003;4.82.003;Нет;2795.00;138,4
5960;подоконный элемент 4.82.101;4.82.101;Нет;2028.00;100,4
5961;подоконный элемент 4.82.201;4.82.201;Нет;2098.00;103,9
5962;подоконный элемент 4.82.202;4.82.202;Нет;2098.00;103,9
5963;подоконный элемент 4.82.301;4.82.301;Нет;2098.00;103,9
5964;подоконный элемент 4.82.302;4.82.302;Нет;2098.00;103,9
5965;кронштейн-пьедестал 4.83.101;4.83.101;Нет;2236.00;110,7
5966;кронштейн-пьедестал 4.83.102;4.83.102;Нет;1364.00;67,5
5967;кронштейн-пьедестал 4.83.201;4.83.201;Нет;1539.00;76,2
5968;кронштейн-пьедестал 4.83.202;4.83.202;Нет;1575.00;78
5969;кронштейн-пьедестал 4.83.301;4.83.301;Нет;1398.00;69,2
5970;кронштейн-пьедестал 4.83.302;4.83.302;Нет;1258.00;62,3
5971;руст 4.86.003;4.86.003;Нет;911.00;45,1
5972;руст 4.86.004;4.86.004;Нет;560.00;27,7
5973;руст 4.86.005;4.86.005;Нет;911.00;45,1
5974;руст 4.86.001;4.86.001;Нет;1539.00;76,2
5975;руст 4.86.002;4.86.002;Нет;979.00;48,5
5982;угловой элемент 1.52.361;1.52.361;Нет;662.00;32,8
5983;база 4.17.302;4.17.302;Нет;1957.00;96,9
5984;база 4.53.201;4.53.201;Нет;736.00;36,4
5985;база 4.53.301;4.53.301;Нет;526.00;26
5986;база 4.17.101;4.17.101;Нет;1957.00;96,9
5987;база 4.17.201;4.17.201;Нет;1957.00;96,9
5988;база 4.17.202;4.17.202;Нет;1398.00;69,2
5989;база 4.17.301;4.17.301;Нет;1539.00;76,2
5990;база 4.23.101;4.23.101;Нет;1470.00;72,8
5991;база 4.23.201;4.23.201;Нет;1470.00;72,8
5992;база 4.23.301;4.23.301;Нет;1470.00;72,8
5993;база 4.43.101;4.43.101;Нет;1753.00;86,8
5994;база 4.43.201;4.43.201;Нет;1616.00;80
5995;база 4.43.202;4.43.202;Нет;1846.00;91,4
5996;база 4.43.301;4.43.301;Нет;1846.00;91,4
5997;база 4.43.302;4.43.302;Нет;1846.00;91,4
5998;база 4.47.101;4.47.101;Нет;798.00;39,5
5999;база 4.47.201;4.47.201;Нет;736.00;36,4
6000;база 4.47.202;4.47.202;Нет;839.00;41,5
6001;база 4.47.301;4.47.301;Нет;839.00;41,5
6002;база 4.47.302;4.47.302;Нет;839.00;41,5
6003;база 4.53.101;4.53.101;Нет;631.00;31,2
6004;база 4.53.302;4.53.302;Нет;526.00;26
6005;база 4.13.101;4.13.101;Нет;4305.00;213,1
6006;база 4.13.201;4.13.201;Нет;4305.00;213,1
6007;база 4.13.202;4.13.202;Нет;3076.00;152,3
6008;база 4.13.301;4.13.301;Нет;3384.00;167,5
6009;база 4.13.302;4.13.302;Нет;4305.00;213,1
6010;база 4.17.002;4.17.002;Нет;2657.00;131,5
6011;база 4.17.001;4.17.001;Нет;2377.00;117,7
6012;капитель 4.51.301;4.51.301;Нет;839.00;41,5
6013;капитель 4.15.101;4.15.101;Нет;1888.00;93,5
6014;капитель 4.15.201;4.15.201;Нет;1678.00;83,1
6015;капитель 4.15.301;4.15.301;Нет;2377.00;117,7
6016;капитель 4.21.101;4.21.101;Нет;1470.00;72,8
6017;капитель 4.21.201;4.21.201;Нет;1470.00;72,8
6018;капитель 4.21.301;4.21.301;Нет;2098.00;103,9
6019;капитель 4.41.101;4.41.101;Нет;2446.00;121,1
6020;капитель 4.41.201;4.41.201;Нет;1616.00;80
6021;капитель 4.41.301;4.41.301;Нет;1846.00;91,4
6022;капитель 4.45.101;4.45.101;Нет;1112.00;55
6023;капитель 4.45.201;4.45.201;Нет;736.00;36,4
6024;капитель 4.45.301;4.45.301;Нет;839.00;41,5
6025;капитель 4.51.101;4.51.101;Нет;631.00;31,2
6026;капитель 4.51.201;4.51.201;Нет;631.00;31,2
6027;капитель 4.11.101;4.11.101;Нет;4153.00;205,6
6028;капитель 4.11.201;4.11.201;Нет;3691.00;182,7
6029;капитель 4.11.301;4.11.301;Нет;5227.00;258,7
6030;капитель 4.15.102;4.15.102;Нет;3146.00;155,7
6031;регул 4.37.101;4.37.101;Нет;184.00;9,1
6032;регул 4.07.101;4.07.101;Нет;184.00;9,1
6033;мутул 4.05.102;4.05.102;Нет;944.00;46,7
6034;мутул 4.35.102;4.35.102;Нет;281.00;13,9
6035;мутул 4.35.101;4.35.101;Нет;365.00;18,1
6036;мутул 4.05.101;4.05.101;Нет;1008.00;49,9
6037;модильон 4.08.301;4.08.301;Нет;296.00;14,7
6038;модильон 4.08.302;4.08.302;Нет;184.00;9,1
6039;модильон 4.38.301;4.38.301;Нет;184.00;9,1
6040;модильон 4.38.302;4.38.302;Нет;184.00;9,1
6041;триглиф 4.36.101;4.36.101;Нет;252.00;12,5
6042;триглиф 4.06.101;4.06.101;Нет;531.00;26,3
6043;ствол 4.52.102;4.52.102;Нет;2795.00;138,4
6044;ствол 4.52.301;4.52.301;Нет;2098.00;103,9
6045;ствол 4.16.101;4.16.101;Нет;11180.00;553,4
6046;ствол 4.16.102;4.16.102;Нет;6988.00;345,9
6047;ствол 4.16.201;4.16.201;Нет;9085.00;449,7
6048;ствол 4.16.202;4.16.202;Нет;8385.00;415,1
6049;ствол 4.16.301;4.16.301;Нет;6988.00;345,9
6050;ствол 4.22.101;4.22.101;Нет;6988.00;345,9
6051;ствол 4.22.102;4.22.102;Нет;6290.00;311,4
6052;ствол 4.22.201;4.22.201;Нет;6290.00;311,4
6053;ствол 4.22.202;4.22.202;Нет;6290.00;311,4
6054;ствол 4.22.301;4.22.301;Нет;6430.00;318,3
6055;ствол 4.22.302;4.22.302;Нет;5590.00;276,7
6056;ствол 4.42.101;4.42.101;Нет;6766.00;334,9
6057;ствол 4.42.201;4.42.201;Нет;5535.00;274
6058;ствол 4.42.301;4.42.301;Нет;4613.00;228,3
6059;ствол 4.46.101;4.46.101;Нет;3076.00;152,3
6060;ствол 4.46.201;4.46.201;Нет;2516.00;124,5
6061;ствол 4.46.301;4.46.301;Нет;2098.00;103,9
6062;ствол 4.52.101;4.52.101;Нет;2795.00;138,4
6063;ствол 4.52.201;4.52.201;Нет;2795.00;138,4
6064;ствол 4.52.202;4.52.202;Нет;3355.00;166,1
6065;ствол 4.52.302;4.52.302;Нет;1678.00;83,1
6066;верхний фрагмент ствола 4.16.001;4.16.001;Нет;3076.00;152,3
6067;фрагмент ствола 4.16.002;4.16.002;Нет;3146.00;155,7
6068;ствол 4.12.301;4.12.301;Нет;15374.00;761
6069;ствол 4.12.101;4.12.101;Нет;24597.00;1217,6
6070;ствол 4.12.102;4.12.102;Нет;15374.00;761
6071;ствол 4.12.202;4.12.202;Нет;18448.00;913,2
6072;ствол 4.12.201;4.12.201;Нет;19986.00;989,3
6104;E01.M.290 / Клей Европласт Монтажный 290 мл.;E01.M.290;Нет;420.00;19,36
6105;E04.U.290 / Клей Европласт универсальный 290 мл.;E04.U.290;Нет;636.00;29,28
6107;E02.S.290 / Клей Европласт стыковочный 290 мл.;E02.S.290;Нет;827.00;38,09
6108;карниз 1.50.101;1.50.101;Нет;946.00;46,8
6109;карниз 1.50.101 гибкий;1.50.101;Да;1892.00;93,7
6110;карниз 1.50.199 гибкий;1.50.199;Да;1998.00;98,9
6111;карниз 1.50.199;1.50.199;Нет;999.00;49,5
6112;молдинг 1.51.353;1.51.353;Нет;613.00;30,3
6113;молдинг 1.51.353 гибкий;1.51.353;Да;1226.00;60,7
6114;молдинг 1.51.356;1.51.356;Нет;771.00;38,2
6115;молдинг 1.51.356 гибкий;1.51.356;Да;1542.00;76,3
6135;откос 4.88.001;4.88.001;Нет;2448.00;121,2
6168;элемент камина 1.64.004;1.64.004;Нет;10341.00;511,9
6169;элемент камина 1.64.005;1.64.005;Нет;5245.00;259,6
6171;элемент камина 1.64.005;1.64.005;Нет;5245.00;259,6
6172;карниз 1.50.108;1.50.108;Нет;1829.00;90,5
6173;карниз 1.50.161;1.50.161;Нет;999.00;49,5
6174;карниз 1.50.179;1.50.179;Нет;961.00;47,6
6175;карниз 1.50.189;1.50.189;Нет;999.00;49,5
6176;карниз 1.50.207;1.50.207;Нет;994.00;49,2
6177;карниз 1.50.274;1.50.274;Нет;999.00;49,5
6178;карниз 1.50.275;1.50.275;Нет;1855.00;91,8
6179;молдинг 1.51.346;1.51.346;Нет;660.00;32,7
6180;розетка 1.56.040;1.56.040;Нет;3216.00;159,2
6181;розетка 1.56.041;1.56.041;Нет;2234.00;110,6
6182;кронштейн 1.19.007;1.19.007;Нет;1234.00;61,1
6183;кронштейн 1.19.008;1.19.008;Нет;1234.00;61,1
6184;капитель 1.21.008;1.21.008;Нет;1268.00;62,8
6185;ствол 1.22.050;1.22.050;Нет;1870.00;92,6
6186;база 1.23.600;1.23.600;Нет;1329.00;65,8
6188;карниз 4.91.001;4.91.001;Нет;6655.00;329,4
6189;карниз 4.91.004;4.91.004;Нет;8652.00;428,3
6195;карниз 1.50.204 гибкий;1.50.204;Да;1798.00;89
6196;карниз 1.50.189 гибкий;1.50.189;Да;1998.00;98,9
6198;замковый камень 4.85.004;4.85.004;Нет;879.00;43,5
6199;замковый камень 4.85.005;4.85.005;Нет;1198.00;59,3
6200;карниз 4.91.002;4.91.002;Нет;9983.00;494,2
6201;наличник 4.84.005;4.84.005;Нет;1464.00;72,5
6202;кронштейн-пьедестал 4.83.003;4.83.003;Нет;420.00;20,8
6206;молдинг 1.51.359;1.51.359;Нет;771.00;38,2
6207;карниз 1.50.161 гибкий;1.50.161;Да;1998.00;98,9
6208;молдинг 1.51.359 гибкий;1.51.359;Да;1542.00;76,3
6211;наличник 4.84.004;4.84.004;Нет;1904.00;94,2
6212;наличник 4.84.006;4.84.006;Нет;2928.00;144,9
6213;карниз 4.91.003;4.91.003;Нет;6150.00;304,4
6214;карниз 4.91.005;4.91.005;Нет;6589.00;326,2
6215;фриз 4.33.302;4.33.302;Нет;2098.00;103,9
6216;кронштейн-пьедестал 4.83.002;4.83.002;Нет;504.00;24,9
6217;фрагмент ствола 4.16.002;4.16.002;Нет;3146.00;155,7
6218;фрагмент ствола 4.16.002;4.16.002;Нет;3146.00;155,7
6313;молдинг 1.51.346 гибкий;1.51.346;Да;1320.00;65,3
6355;угловой элемент 1.52.322;1.52.322;Нет;554.00;27,4
6356;угловой элемент 1.52.348;1.52.348;Нет;586.00;29
6357;угловой элемент 1.52.286;1.52.286;Нет;579.00;28,7
6358;угловой элемент 1.52.287;1.52.287;Нет;615.00;30,4
6359;карниз 1.50.108 гибкий;1.50.108;Да;3658.00;181,1
6362;карниз 1.50.279;1.50.279;Нет;1939.00;96
6363;карниз 1.50.276;1.50.276;Нет;994.00;49,2
6364;карниз 1.50.276 гибкий;1.50.276;Да;1988.00;98,4
6365;карниз 1.50.278;1.50.278;Нет;1047.00;51,8
6366;карниз 1.50.278 гибкий;1.50.278;Да;2094.00;103,7
6367;розетка 1.56.044;1.56.044;Нет;2108.00;104,3
6368;молдинг 1.51.360;1.51.360;Нет;754.00;37,3
6369;молдинг 1.51.360 гибкий;1.51.360;Да;1508.00;74,6
6370;молдинг 1.51.363;1.51.363;Нет;816.00;40,4
6371;молдинг 1.51.363 гибкий;1.51.363;Да;1632.00;80,8
6372;молдинг 1.51.362;1.51.362;Нет;770.00;38,1
6373;молдинг 1.51.362 гибкий;1.51.362;Да;1540.00;76,2
6374;молдинг 1.51.370;1.51.370;Нет;846.00;41,9
6375;молдинг 1.51.370 гибкий;1.51.370;Да;1692.00;83,8
6376;плинтус 1.53.110;1.53.110;Нет;1399.00;69,3
6377;плинтус 1.53.110 гибкий;1.53.110;Да;2798.00;138,5
6380;карниз 1.50.179 гибкий;1.50.179;Да;1922.00;95,1
6381;карниз 1.50.207 гибкий;1.50.207;Да;1988.00;98,4
6382;карниз 1.50.275 гибкий;1.50.275;Да;3710.00;183,6
6385;ствол 4.16.003;4.16.003;Нет;2197.00;108,8
6386;ствол 4.16.004;4.16.004;Нет;3061.00;151,5
6387;ствол 4.16.005;4.16.005;Нет;2197.00;108,8
6388;капитель 4.15.202;4.15.202;Нет;4392.00;217,4
6389;капитель 4.15.302;4.15.302;Нет;6589.00;326,2
6390;капитель 4.11.102;4.11.102;Нет;6919.00;342,5
6391;капитель 4.11.202;4.11.202;Нет;9664.00;478,4
6392;капитель 4.11.302;4.11.302;Нет;14495.00;717,5
6393;база 4.13.001;4.13.001;Нет;5227.00;258,7
6394;ствол 4.12.001;4.12.001;Нет;6766.00;334,9
6395;ствол 4.12.002;4.12.002;Нет;6920.00;342,5
6396;ствол 4.12.003;4.12.003;Нет;4832.00;239,2
6397;ствол 4.12.004;4.12.004;Нет;6735.00;333,4
6398;ствол 4.12.005;4.12.005;Нет;4832.00;239,2
6423;карниз 1.50.271 гибкий;1.50.271;Да;5794.00;286,8
6424;карниз 1.50.274 гибкий;1.50.274;Да;1998.00;98,9
6429;E03.S.60 / Клей Европласт стыковочный 60 мл.;E03.S.60;Нет;347.00;15,97
6430;база 1.54.030;1.54.030;Нет;716.00;35,4
6431;квадрат 1.54.013;1.54.013;Нет;263.00;13
6432;квадрат 1.54.013;1.54.013;Нет;263.00;13
6433;база 1.54.030;1.54.030;Нет;716.00;35,4
6434;угловой элемент 1.52.285;1.52.285;Нет;575.00;28,5
6435;молдинг 1.51.367;1.51.367;Нет;1234.00;61,1
6436;молдинг 1.51.367 гибкий;1.51.367;Да;2468.00;122,2
6438;карниз 1.50.280;1.50.280;Нет;2583.00;127,9
6439;молдинг 1.51.368;1.51.368;Нет;1470.00;72,8
6440;орнамент 1.60.025;1.60.025;Нет;941.00;46,6
6441;орнамент 1.60.032;1.60.032;Нет;1729.00;85,6
6442;орнамент 1.60.020;1.60.020;Нет;339.00;16,8
6443;орнамент 1.60.120;1.60.120;Нет;339.00;16,8
6444;торцевой элемент 4.33.332;4.33.332;Нет;309.00;15,3
6445;торцевой элемент 4.31.232;4.31.232;Нет;2115.00;104,7
6446;торцевой элемент 4.81.031;4.81.031;Нет;571.00;28,3
6447;торцевой элемент 4.81.032;4.81.032;Нет;765.00;37,9
6448;внешний угол 4.32.111;4.32.111;Нет;1846.00;91,4
6449;внешний угол 4.32.312;4.32.312;Нет;2160.00;106,9
6450;внешний угол 4.81.011;4.81.011;Нет;1140.00;56,4
6451;внешний угол 4.81.012;4.81.012;Нет;1455.00;72
6452;внутренний угол 4.31.222;4.31.222;Нет;2961.00;146,6
6453;внутренний угол 4.32.221;4.32.221;Нет;2270.00;112,4
6454;внутренний угол 4.81.021;4.81.021;Нет;1140.00;56,4
6455;внутренний угол 4.81.022;4.81.022;Нет;1455.00;72
6456;опорный блок 4.78.101;4.78.101;Нет;631.00;31,2
6457;полукрышка 4.73.211;4.73.211;Нет;420.00;20,8
6458;полукрышка пирамида 4.76.111;4.76.111;Нет;700.00;34,7
6459;полуоснование 4.74.111;4.74.111;Нет;6988.00;345,9
6460;полупоручень 4.72.111;4.72.111;Нет;6290.00;311,4
6461;полустолб 4.75.111;4.75.111;Нет;4193.00;207,6
6462;полустолб 4.75.211;4.75.211;Нет;3355.00;166,1
6463;торцевой элемент 4.02.331;4.02.331;Нет;3403.00;168,4
6464;торцевой элемент 4.03.131;4.03.131;Нет;309.00;15,3
6465;торцевой элемент 4.03.132;4.03.132;Нет;372.00;18,4
6466;торцевой элемент 4.03.332;4.03.332;Нет;323.00;16
6467;полубалясина 4.71.111;4.71.111;Нет;1398.00;69,2
6468;полубалясина 4.71.211;4.71.211;Нет;1119.00;55,4
6469;торцевой элемент 4.33.331;4.33.331;Нет;309.00;15,3
6470;торцевой элемент 4.34.131;4.34.131;Нет;504.00;24,9
6471;торцевой элемент 4.34.231;4.34.231;Нет;386.00;19,1
6472;внутренний угол 4.32.322;4.32.322;Нет;2160.00;106,9
6473;торцевой элемент 4.32.331;4.32.331;Нет;1579.00;78,2
6474;торцевой элемент 4.32.332;4.32.332;Нет;1451.00;71,8
6475;торцевой элемент 4.33.132;4.33.132;Нет;309.00;15,3
6476;торцевой элемент 4.33.232;4.33.232;Нет;309.00;15,3
6477;торцевой элемент 4.04.331;4.04.331;Нет;309.00;15,3
6478;внешний угол 4.01.111;4.01.111;Нет;4199.00;207,9
6479;внешний угол 4.01.113;4.01.113;Нет;6367.00;315,2
6480;внешний угол 4.01.211;4.01.211;Нет;4146.00;205,2
6481;внешний угол 4.01.212;4.01.212;Нет;4441.00;219,8
6482;внешний угол 4.01.311;4.01.311;Нет;4099.00;202,9
6483;внешний угол 4.02.111;4.02.111;Нет;4730.00;234,1
6484;внешний угол 4.02.211;4.02.211;Нет;3927.00;194,4
6485;внешний угол 4.02.311;4.02.311;Нет;4556.00;225,5
6486;внутренний угол 4.01.121;4.01.121;Нет;4199.00;207,9
6487;внутренний угол 4.01.123;4.01.123;Нет;6367.00;315,2
6488;внутренний угол 4.01.221;4.01.221;Нет;4146.00;205,2
6489;внутренний угол 4.01.222;4.01.222;Нет;4441.00;219,8
6490;внутренний угол 4.01.321;4.01.321;Нет;4099.00;202,9
6491;внутренний угол 4.01.322;4.01.322;Нет;4413.00;218,4
6492;внутренний угол 4.02.121;4.02.121;Нет;4730.00;234,1
6498;карниз 1.50.284;1.50.284;Нет;927.00;45,9
6499;карниз 1.50.284 гибкий;1.50.284;Да;1854.00;91,8
6500;карниз 1.50.283;1.50.283;Нет;894.00;44,3
6501;МОНТАЖНЫЙ КОМПЛЕКТ;m_comp_b201;Нет;4400.00;218
6502;внешний угол 4.32.212;4.32.212;Нет;2270.00;112,4
6503;внутренний угол 4.32.121;4.32.121;Нет;1846.00;91,4
6504;торцевой элемент 4.32.131;4.32.131;Нет;1244.00;61,6
6515;полукрышка 4.73.111;4.73.111;Нет;560.00;27,7
6516;полупоручень 4.72.211;4.72.211;Нет;5452.00;269,9
6517;полуоснование 4.74.211;4.74.211;Нет;5871.00;290,6
6518;полукрышка пирамида 4.76.211;4.76.211;Нет;420.00;20,8
6538;орнамент 1.60.026;1.60.026;Нет;347.00;17,2
6539;орнамент 1.60.029;1.60.029;Нет;1045.00;51,7
6540;карниз 1.50.281;1.50.281;Нет;2636.00;130,5
6541;молдинг 1.51.374;1.51.374;Нет;1194.00;59,1
6542;молдинг 1.51.374 гибкий;1.51.374;Да;2388.00;118,2
6544;внешний угол 4.32.311;4.32.311;Нет;2346.00;116,1
6545;внутренний угол 4.32.321;4.32.321;Нет;2346.00;116,1
6546;торцевой элемент 4.32.231;4.32.231;Нет;1500.00;74,2
6547;орнамент 1.60.021;1.60.021;Нет;1931.00;95,6
6548;орнамент 1.60.022;1.60.022;Нет;2525.00;125
6549;орнамент 1.60.024;1.60.024;Нет;931.00;46,1
6550;орнамент 1.60.027;1.60.027;Нет;931.00;46,1
6551;орнамент 1.60.028;1.60.028;Нет;1195.00;59,2
6552;кронштейн 1.19.010;1.19.010;Нет;1234.00;61,1
6553;карниз 1.50.285;1.50.285;Нет;2019.00;99,9
6554;карниз 1.50.286;1.50.286;Нет;996.00;49,3
6555;карниз 1.50.282;1.50.282;Нет;894.00;44,3
6564;карниз 1.50.286 гибкий;1.50.286;Да;1992.00;98,6
6565;карниз 1.50.288;1.50.288;Нет;894.00;44,3
6566;молдинг 1.51.375;1.51.375;Нет;755.00;37,4
6581;карниз 1.50.288 гибкий;1.50.288;Да;1788.00;88,5
6582;карниз 1.50.280 гибкий;1.50.280;Да;5166.00;255,7
6583;орнамент 1.60.034;1.60.034;Нет;878.00;43,5
6584;молдинг 1.51.373;1.51.373;Нет;1236.00;61,2
6585;орнамент 1.60.033;1.60.033;Нет;891.00;44,1
6586;орнамент 1.60.030;1.60.030;Нет;895.00;44,3
6587;карниз 1.50.277;1.50.277;Нет;1992.00;98,6
6588;розетка 1.56.008;1.56.008;Нет;1629.00;80,6
6589;орнамент 1.60.031;1.60.031;Нет;888.00;44
6590;орнамент 1.60.123;1.60.123;Нет;1089.00;53,9
6591;орнамент 1.60.023;1.60.023;Нет;1089.00;53,9
6594;ствол 4.16.004;4.16.004;Нет;3061.00;151,5
6595;ствол 4.16.004;4.16.004;Нет;3061.00;151,5
6598;база 4.13.002;4.13.002;Нет;5842.00;289,2
6599;ствол 4.12.002;4.12.002;Нет;6920.00;342,5
6600;ствол 4.12.002;4.12.002;Нет;6920.00;342,5
6601;ствол 4.12.004;4.12.004;Нет;6735.00;333,4
6602;ствол 4.12.004;4.12.004;Нет;6735.00;333,4
6611;карниз 1.50.273 гибкий;1.50.273;Да;4840.00;239,6
6612;молдинг 1.51.375 гибкий;1.51.375;Да;1510.00;74,7
6613;внешний угол 4.01.312;4.01.312;Нет;4413.00;218,4
6614;сандрик 4.89.001;4.89.001;Нет;3824.00;189,3
6615;орнамент 4.99.001;4.99.001;Нет;713.00;35,3
6616;орнамент 4.99.002;4.99.002;Нет;327.00;16,2
6617;внутренний угол 4.02.221;4.02.221;Нет;3926.00;194,3
6618;внутренний угол 4.02.321;4.02.321;Нет;4556.00;225,5
6619;торцевой элемент 4.34.332;4.34.332;Нет;309.00;15,3
6620;торцевой элемент 4.34.232;4.34.232;Нет;309.00;15,3
6621;торцевой элемент 4.01.131;4.01.131;Нет;3277.00;162,2
6622;торцевой элемент 4.34.132;4.34.132;Нет;309.00;15,3
6623;торцевой элемент 4.32.232;4.32.232;Нет;1500.00;74,2
6624;торцевой элемент 4.01.133;4.01.133;Нет;4983.00;246,7
6625;торцевой элемент 4.01.231;4.01.231;Нет;3068.00;151,9
6626;внутренний угол 4.32.222;4.32.222;Нет;2270.00;112,4
6627;торцевой элемент 4.01.232;4.01.232;Нет;3288.00;162,8
6628;внешний угол 4.32.211;4.32.211;Нет;2270.00;112,4
6629;торцевой элемент 4.01.331;4.01.331;Нет;3100.00;153,5
6630;торцевой элемент 4.34.331;4.34.331;Нет;385.00;19,1
6631;торцевой элемент 4.01.332;4.01.332;Нет;3337.00;165,2
6632;торцевой элемент 4.33.231;4.33.231;Нет;435.00;21,5
6633;торцевой элемент 4.33.131;4.33.131;Нет;427.00;21,1
6634;торцевой элемент 4.31.332;4.31.332;Нет;2001.00;99
6635;торцевой элемент 4.31.331;4.31.331;Нет;2400.00;118,8
6636;торцевой элемент 4.31.231;4.31.231;Нет;1923.00;95,2
6637;торцевой элемент 4.02.131;4.02.131;Нет;3541.00;175,3
6638;торцевой элемент 4.31.131;4.31.131;Нет;3719.00;184,1
6639;торцевой элемент 4.02.231;4.02.231;Нет;2867.00;141,9
6640;внутренний угол 4.31.322;4.31.322;Нет;2768.00;137
6642;внутренний угол 4.31.321;4.31.321;Нет;3322.00;164,4
6643;торцевой элемент 4.03.231;4.03.231;Нет;309.00;15,3
6644;внутренний угол 4.31.221;4.31.221;Нет;2693.00;133,3
6645;внутренний угол 4.31.121;4.31.121;Нет;4918.00;243,4
6646;торцевой элемент 4.03.232;4.03.232;Нет;309.00;15,3
6647;торцевой элемент 4.03.331;4.03.331;Нет;309.00;15,3
6648;внешний угол 4.31.312;4.31.312;Нет;2768.00;137
6649;торцевой элемент 4.04.131;4.04.131;Нет;309.00;15,3
6650;внешний угол 4.31.311;4.31.311;Нет;3322.00;164,4
6651;торцевой элемент 4.04.132;4.04.132;Нет;309.00;15,3
6652;внешний угол 4.31.212;4.31.212;Нет;2961.00;146,6
6653;торцевой элемент 4.04.231;4.04.231;Нет;309.00;15,3
6654;внешний угол 4.31.211;4.31.211;Нет;2693.00;133,3
6655;торцевой элемент 4.04.232;4.04.232;Нет;309.00;15,3
6656;внешний угол 4.31.111;4.31.111;Нет;4918.00;243,4
6657;торцевой элемент 4.04.332;4.04.332;Нет;309.00;15,3
6658;торцевой элемент 4.82.031;4.82.031;Нет;385.00;19,1
6659;арочное обрамление 4.87.031 гибкий;4.87.031;Да;4193.00;208
6660;арочное обрамление 4.87.032 гибкий;4.87.032;Да;4193.00;208
6661;арочное обрамление 4.87.033 гибкий;4.87.033;Да;2516.00;125
6662;карниз 1.50.281 гибкий;1.50.281;Да;5272.00;261
6663;карниз 1.50.282 гибкий;1.50.282;Да;1788.00;88,5
6664;молдинг 1.51.368 гибкий;1.51.368;Да;2940.00;145,5
6665;молдинг 1.51.364;1.51.364;Нет;1124.00;55,6
6666;элемент камина 1.64.001;1.64.001;Нет;11673.00;577,8
6667;элемент камина 1.64.002;1.64.002;Нет;6812.00;337,2
6668;элемент камина 1.64.003;1.64.003;Нет;6812.00;337,2
6670;карниз 1.50.277 гибкий;1.50.277;Да;3984.00;197,2
6671;молдинг 1.51.373 гибкий;1.51.373;Да;2472.00;122,4
6672;розетка 1.56.050;1.56.050;Нет;1327.00;65,7
6674;архитрав 1.26.001 гибкий;1.26.001;Да;4204.00;
6675;архитрав 1.26.002 гибкий;1.26.002;Да;4204.00;
6676;архитрав 1.26.003 гибкий;1.26.003;Да;4306.00;
6683;розетка 1.56.047;1.56.047;Нет;1327.00;65,7
6684;кронштейн 1.19.011;1.19.011;Нет;1263.00;62,5
6707;молдинг 1.51.369;1.51.369;Нет;1047.00;51,8
6708;молдинг 1.51.376;1.51.376;Нет;816.00;40,4
6709;розетка 1.56.045;1.56.045;Нет;3132.00;155
6710;угловой элемент 1.52.352;1.52.352;Нет;650.00;32,2
6711;кронштейн 1.19.009;1.19.009;Нет;1234.00;61,1
6736;орнамент 1.60.037;1.60.037;Нет;1091.00;54
6737;орнамент 1.60.038;1.60.038;Нет;1041.00;51,5
6738;орнамент 1.60.039;1.60.039;Нет;1051.00;52
6739;орнамент 1.60.040;1.60.040;Нет;1124.00;55,6
6740;наличник 1.54.014;1.54.014;Нет;2004.00;99,2
6741;розетка 1.56.043;1.56.043;Нет;1038.00;51,4
6742;розетка 1.56.048;1.56.048;Нет;1038.00;51,4
6743;розетка 1.56.049;1.56.049;Нет;1001.00;49,5
6749;карниз 1.50.290;1.50.290;Нет;927.00;45,9
6750;угловой элемент 1.52.375;1.52.375;Нет;653.00;32,3
6751;кронштейн 1.19.013;1.19.013;Нет;1517.00;75,1
6755;молдинг 1.51.338;1.51.338;Нет;651.00;32,2
6756;угловой элемент 1.52.376;1.52.376;Нет;635.00;31,4
6757;орнамент 1.60.035;1.60.035;Нет;307.00;15,2
6758;орнамент 1.60.135;1.60.135;Нет;307.00;15,2
6761;угловой элемент 1.52.283;1.52.283;Нет;623.00;30,8
6762;угловой элемент 1.52.284;1.52.284;Нет;600.00;29,7
6763;кронштейн 1.19.012;1.19.012;Нет;1234.00;61,1
6764;розетка 1.56.046;1.56.046;Нет;3674.00;181,9
6765;карниз 1.50.225;1.50.225;Нет;859.00;42,5
6766;карниз 1.50.226;1.50.226;Нет;944.00;46,7
6767;орнамент 1.60.036;1.60.036;Нет;2100.00;104
6768;карниз 1.50.289;1.50.289;Нет;876.00;43,4
6770;карниз 1.50.283 гибкий;1.50.283;Да;1788.00;88,5
6771;карниз 1.50.206;1.50.206;Нет;713.00;35,3
6772;кронштейн 1.19.014;1.19.014;Нет;1291.00;63,9
6773;карниз 1.50.295;1.50.295;Нет;671.00;33,2
6783;карниз 1.50.293;1.50.293;Нет;1045.00;51,7
6784;карниз 1.50.294;1.50.294;Нет;714.00;35,3
6785;карниз 1.50.279 гибкий;1.50.279;Да;3878.00;192
6786;карниз 1.50.293 гибкий;1.50.293;Да;2090.00;103,5
6787;карниз 1.50.294 гибкий;1.50.294;Да;1428.00;70,7
6807;карниз 1.50.290 гибкий;1.50.290;Да;1854.00;91,8
6808;карниз 1.50.289 гибкий;1.50.289;Да;1752.00;86,7
6809;карниз 1.50.206 гибкий;1.50.206;Да;1426.00;70,6
6810;карниз 1.50.295 гибкий;1.50.295;Да;1342.00;66,4
6811;молдинг 1.51.376 гибкий;1.51.376;Да;1632.00;80,8
6812;молдинг 1.51.338 гибкий;1.51.338;Да;1302.00;64,4
6817;кронштейн 1.19.018;1.19.018;Нет;1685.00;83,4
6818;молдинг 1.51.382;1.51.382;Нет;1341.00;66,4
6819;молдинг 1.51.377;1.51.377;Нет;672.00;33,3
6820;молдинг 1.51.379;1.51.379;Нет;662.00;32,8
6821;карниз 1.50.272;1.50.272;Нет;714.00;35,3
6823;молдинг 1.51.379 гибкий;1.51.379;Да;1324.00;65,5
6824;карниз 1.50.272 гибкий;1.50.272;Да;1428.00;70,7
6826;молдинг 1.51.371;1.51.371;Нет;1064.00;52,7
6827;карниз 1.50.292;1.50.292;Нет;662.00;32,8
6828;карниз 1.50.292 гибкий;1.50.292;Да;1324.00;65,5
6835;молдинг 1.51.378;1.51.378;Нет;635.00;31,4
6836;розетка 1.56.052;1.56.052;Нет;939.00;46,5
6837;квадрат 1.54.017;1.54.017;Нет;261.00;12,9
8330;молдинг 1.51.378 гибкий;1.51.378;Да;1270.00;62,9
8331;молдинг 1.51.377 гибкий;1.51.377;Да;1344.00;66,5
8332;молдинг 1.51.382 гибкий;1.51.382;Да;2682.00;132,8
8981;кронштейн 1.19.015;1.19.015;Нет;1207.00;59,7
12094;карниз 1.50.298;1.50.298;Нет;700.00;34,7
12104;молдинг 1.51.372;1.51.372;Нет;641.00;31,7
13520;карниз 1.50.296;1.50.296;Нет;999.00;49,5
14598;угловой элемент 1.52.299;1.52.299;Нет;686.00;34
14599;угловой элемент 1.52.279;1.52.279;Нет;686.00;34
14600;молдинг 1.51.365;1.51.365;Нет;943.00;46,7
14781;плинтус 1.53.108;1.53.108;Нет;1329.00;65,8
17562;кронштейн 1.19.016;1.19.016;Нет;1291.00;63,9
17563;розетка 1.56.053;1.56.053;Нет;1656.00;82
21020;карниз 1.50.227;1.50.227;Нет;2636.00;130,5
21021;молдинг 1.51.385;1.51.385;Нет;1192.00;59
21022;наличник 1.54.015;1.54.015;Нет;1943.00;96,2
21023;сандрик 1.63.003;1.63.003;Нет;2175.00;107,7
21126;плинтус 1.53.108 гибкий;1.53.108;Да;2658.00;131,6
21618;карниз 1.50.299;1.50.299;Нет;685.00;33,9
21619;карниз 1.50.297;1.50.297;Нет;641.00;31,7
21620;молдинг 1.51.383;1.51.383;Нет;831.00;41,1
21621;молдинг 1.51.384;1.51.384;Нет;657.00;32,5
21623;розетка 1.56.055;1.56.055;Нет;3662.00;181,3
22331;наличник 1.54.016;1.54.016;Нет;1975.00;97,8
22334;молдинг 1.51.385 гибкий;1.51.385;Да;2384.00;118
22336;карниз 1.50.296 гибкий;1.50.296;Да;1998.00;98,9
22339;карниз 1.50.298 гибкий;1.50.298;Да;1400.00;69,3
26629;карниз 1.50.249;1.50.249;Нет;999.00;49,5
27652;розетка 1.56.054;1.56.054;Нет;3479.00;172,2
28243;карниз 1.50.299 гибкий;1.50.299;Да;1370.00;67,8
28244;карниз 1.50.297 гибкий;1.50.297;Да;1282.00;63,5
28245;молдинг 1.51.384 гибкий;1.51.384;Да;1314.00;65
29278;карниз 1.50.215;1.50.215;Нет;729.00;36,1
29860;плинтус 1.53.111;1.53.111;Нет;979.00;48,5
31363;карниз 1.50.216;1.50.216;Нет;927.00;45,9
31409;розетка 1.56.057;1.56.057;Нет;2200.00;108,9
33172;кронштейн 1.19.017;1.19.017;Нет;1353.00;67
33407;карниз 1.50.228;1.50.228;Нет;2071.00;102,5
36930;карниз 1.50.249 гибкий;1.50.249;Да;1998.00;98,9
37766;розетка 1.56.056;1.56.056;Нет;1543.00;76,4
38420;декоративная панель 1.59.003;1.59.003;Нет;2057.00;101,8
38421;декоративная панель 1.59.004;1.59.004;Нет;2057.00;101,8
38422;декоративная панель 1.59.005;1.59.005;Нет;1936.00;95,8
43862;торцевой элемент 4.82.032;4.82.032;Нет;319.00;15,8
43863;торцевой элемент 4.82.131;4.82.131;Нет;309.00;15,3
43864;торцевой элемент 4.82.231;4.82.231;Нет;309.00;15,3
43865;торцевой элемент 4.82.232;4.82.232;Нет;309.00;15,3
43866;торцевой элемент 4.82.332;4.82.332;Нет;309.00;15,3
43867;торцевой элемент 4.82.331;4.82.331;Нет;309.00;15,3
43868;торцевой элемент 4.82.033;4.82.033;Нет;309.00;15,3
47206;карниз 1.50.229;1.50.229;Нет;1342.00;66,4
47207;карниз 1.50.621;1.50.621;Нет;1381.00;68,4
47208;карниз 1.50.622;1.50.622;Нет;1871.00;92,6
47209;карниз 1.50.623;1.50.623;Нет;1426.00;70,6
47210;карниз 1.50.624;1.50.624;Нет;1848.00;91,5
47211;молдинг 1.51.601;1.51.601;Нет;1596.00;79
47212;молдинг 1.51.602;1.51.602;Нет;3274.00;162,1
47213;молдинг 1.51.603;1.51.603;Нет;4677.00;231,5
47214;молдинг 1.51.604;1.51.604;Нет;4443.00;219,9
47215;молдинг 1.51.605;1.51.605;Нет;1199.00;59,4
47216;молдинг 1.51.606;1.51.606;Нет;1489.00;73,7
48390;молдинг 1.51.386;1.51.386;Нет;641.00;31,7
48392;плинтус 1.53.112;1.53.112;Нет;1038.00;51,4
65559;молдинг 1.51.387;1.51.387;Нет;1256.00;62,2
65560;молдинг 1.51.388;1.51.388;Нет;1256.00;62,2
65561;база 1.54.040;1.54.040;Нет;810.00;40,1
65562;база 1.54.040;1.54.040;Нет;810.00;40,1
65563;база 1.54.050;1.54.050;Нет;792.00;39,2
65564;база 1.54.050;1.54.050;Нет;792.00;39,2
65565;Элемент 1.54.018;1.54.018;Нет;817.00;40,4
69864;карниз 1.50.501;1.50.501;Нет;2219.00;109,8
69865;карниз 1.50.502;1.50.502;Нет;2925.00;144,8
69866;карниз 1.50.503;1.50.503;Нет;2487.00;123,1
69867;карниз 1.50.504;1.50.504;Нет;4594.00;227,4
69868;карниз 1.50.524;1.50.524;Нет;4594.00;227,4
69873;молдинг 1.51.501;1.51.501;Нет;1915.00;94,8
69874;молдинг 1.51.502;1.51.502;Нет;2022.00;100,1
69875;молдинг 1.51.503;1.51.503;Нет;1427.00;70,6
69876;молдинг 1.51.504;1.51.504;Нет;899.00;44,5
69877;молдинг 1.51.510;1.51.510;Нет;1548.00;76,6
69878;молдинг 1.51.518;1.51.518;Нет;4699.00;232,6
69879;молдинг 1.51.513;1.51.513;Нет;1836.00;90,9
69890;декоративная панель 1.59.501;1.59.501;Нет;1301.00;64,4
69891;декоративная панель 1.59.503;1.59.503;Нет;1753.00;86,8
69892;плинтус 1.53.501;1.53.501;Нет;1891.00;93,6
69893;орнамент 1.60.501;1.60.501;Нет;439.00;21,7
69894;орнамент 1.60.503;1.60.503;Нет;329.00;16,3
69895;розетка 1.56.501;1.56.501;Нет;1224.00;60,6
69896;розетка 1.56.502;1.56.502;Нет;2188.00;108,3
69900;розетка 1.56.503;1.56.503;Нет;5166.00;255,7
69901;розетка гибкая 1.56.511;1.56.511;Нет;599.00;29,7
69902;арочный элемент 1.61.511 гибкий;1.61.511;Да;7456.00;369,1
69903;потолочная панель 1.57.501;1.57.501;Нет;1791.00;88,7
69904;потолочная панель 1.57.502;1.57.502;Нет;568.00;28,1
69905;потолочная панель 1.57.503;1.57.503;Нет;1300.00;64,4
69906;потолочная панель 1.57.504;1.57.504;Нет;595.00;29,5
71228;декоративная панель 1.59.001;1.59.001;Нет;1584.00;78,4
73757;плинтус 1.53.112 гибкий;1.53.112;Да;2076.00;102,8
74261;карниз 6.50.101;6.50.101;Нет;569.00;
74262;молдинг 6.51.301;6.51.301;Нет;344.00;
74263;плинтус 6.53.101;6.53.101;Нет;782.00;
74264;карниз 6.50.103;6.50.103;Нет;447.00;
74265;карниз 6.50.105;6.50.105;Нет;457.00;
74266;карниз 6.50.113;6.50.113;Нет;605.00;
74267;карниз 6.50.115;6.50.115;Нет;423.00;
74268;карниз 6.50.130;6.50.130;Нет;290.00;
74269;карниз 6.50.154;6.50.154;Нет;183.00;
74270;карниз 6.50.155;6.50.155;Нет;206.00;
74271;карниз 6.50.157;6.50.157;Нет;233.00;
74272;карниз 6.50.160;6.50.160;Нет;543.00;
74273;карниз 6.50.165;6.50.165;Нет;689.00;
74274;карниз 6.50.171;6.50.171;Нет;372.00;
74275;карниз 6.50.172;6.50.172;Нет;330.00;
74276;карниз 6.50.174;6.50.174;Нет;447.00;
74277;карниз 6.50.229;6.50.229;Нет;1026.00;
74278;карниз 6.50.230;6.50.230;Нет;1099.00;
74279;карниз 6.50.248;6.50.248;Нет;865.00;
74280;карниз 6.50.297;6.50.297;Нет;208.00;
74281;карниз 6.50.298;6.50.298;Нет;279.00;
74282;карниз 6.50.299;6.50.299;Нет;341.00;
74283;молдинг 6.51.302;6.51.302;Нет;515.00;
74284;молдинг 6.51.307;6.51.307;Нет;672.00;
74285;молдинг 6.51.308;6.51.308;Нет;313.00;
74286;молдинг 6.51.321;6.51.321;Нет;185.00;
74287;молдинг 6.51.322;6.51.322;Нет;184.00;
74288;молдинг 6.51.323;6.51.323;Нет;229.00;
74289;молдинг 6.51.345;6.51.345;Нет;672.00;
74290;молдинг 6.51.362;6.51.362;Нет;312.00;
74291;молдинг 6.51.363;6.51.363;Нет;445.00;
74292;молдинг 6.51.384;6.51.384;Нет;320.00;
74293;молдинг 6.51.385;6.51.385;Нет;647.00;
74294;молдинг 6.51.386;6.51.386;Нет;265.00;
74295;молдинг 6.51.400;6.51.400;Нет;344.00;
74296;плинтус 6.53.102;6.53.102;Нет;799.00;
74297;плинтус 6.53.103;6.53.103;Нет;580.00;
74298;плинтус 6.53.104;6.53.104;Нет;688.00;
74299;плинтус 6.53.105;6.53.105;Нет;867.00;
74300;плинтус 6.53.106;6.53.106;Нет;440.00;
74301;плинтус 6.53.107;6.53.107;Нет;580.00;
74302;плинтус 6.53.108;6.53.108;Нет;659.00;
74303;плинтус 6.53.109;6.53.109;Нет;610.00;
74304;плинтус 6.53.112;6.53.112;Нет;549.00;
76545;  1.50.710;1.50.710;Нет;2743.00;135,8
76546;  1.51.701;1.51.701;Нет;1277.00;63,2
76547;  1.51.711;1.51.711;Нет;1596.00;79
76560;  6.50.701;6.50.701;Нет;278.00;
76561;  6.50.702;6.50.702;Нет;578.00;
76562;  6.50.703;6.50.703;Нет;468.00;
76563;  6.50.704;6.50.704;Нет;799.00;
76564;  6.50.705;6.50.705;Нет;646.00;
76565;  6.50.706;6.50.706;Нет;1199.00;
76566;  6.50.708;6.50.708;Нет;499.00;
76567;  6.50.709;6.50.709;Нет;1099.00;
76568;  6.51.702;6.51.702;Нет;321.00;
76569;  6.51.703;6.51.703;Нет;444.00;
76570;  6.51.704;6.51.704;Нет;631.00;
76571;  6.51.705;6.51.705;Нет;426.00;
76572;  6.51.706;6.51.706;Нет;590.00;
76573;  6.51.707;6.51.707;Нет;631.00;
76574;  6.51.708;6.51.708;Нет;799.00;
76575;  6.51.710;6.51.710;Нет;572.00;
76576;  6.53.701;6.53.701;Нет;842.00;
76577;  6.53.702;6.53.702;Нет;499.00;
76578;  6.53.703;6.53.703;Нет;799.00;
76579;  6.53.704;6.53.704;Нет;894.00;
76580;  6.53.705;6.53.705;Нет;673.00;
76581;розетка 1.56.701;1.56.701;Нет;2360.00;116,8
76582;розетка 1.56.702;1.56.702;Нет;1429.00;70,7
76583;розетка 1.56.703;1.56.703;Нет;576.00;28,5
76584;розетка 1.56.705;1.56.705;Нет;1480.00;73,3
76586;розетка 1.56.707;1.56.707;Нет;1454.00;72
76587;розетка 1.56.708;1.56.708;Нет;1780.00;88,1
76588;розетка 1.56.709;1.56.709;Нет;1041.00;51,5
76589;розетка 1.56.710;1.56.710;Нет;2301.00;113,9
78407;  6.50.711;6.50.711;Нет;278.00;
78408;  6.50.712;6.50.712;Нет;578.00;
78427;  6.51.710;6.51.710;Нет;572.00;
78428;  1.51.711;1.51.711;Нет;1596.00;79
78429;  6.53.701;6.53.701;Нет;842.00;
78430;  6.53.702;6.53.702;Нет;499.00;
78431;  6.53.703;6.53.703;Нет;799.00;
78432;  6.53.704;6.53.704;Нет;894.00;
78433;  6.53.705;6.53.705;Нет;673.00;
79707;  6.50.719;6.50.719;Нет;1099.00;
83144;плинтус 1.53.111 гибкий;1.53.111;Да;1958.00;96,9
84138;карниз 1.50.285 гибкий;1.50.285;Да;4038.00;199,9
84701;молдинг 1.51.366;1.51.366;Нет;899.00;44,5
93666;база 1.54.060;1.54.060;Нет;792.00;39,2
93667;база 1.54.070;1.54.070;Нет;792.00;39,2
93749;база 1.54.060;1.54.060;Нет;792.00;39,2
93750;база 1.54.070;1.54.070;Нет;792.00;39,2
98517;элемент 1.65.501;1.65.501;Нет;440.00;21,8
98518;элемент 1.65.502;1.65.502;Нет;396.00;19,6
98519;элемент 1.65.503;1.65.503;Нет;359.00;17,8
99041;молдинг 1.51.518;1.51.518;Нет;4699.00;232,6
99042;молдинг 1.51.518;1.51.518;Нет;4699.00;232,6
99043;потолочная панель 1.57.502;1.57.502;Нет;568.00;28,1
99044;потолочная панель 1.57.503;1.57.503;Нет;1300.00;64,4
99045;потолочная панель 1.57.504;1.57.504;Нет;595.00;29,5
104199;карниз 6.50.108;6.50.108;Нет;966.00;
104753;молдинг 1.51.383 гибкий;1.51.383;Да;1662.00;82,3
109457;розетка 1.56.512;1.56.512;Нет;566.00;
