IE_XML_ID;IE_NAME;IP_PROP142;IP_PROP163;IP_PROP164
4774;карниз;1.50.114;4,00;72,50
4775;карниз;1.50.115;4,00;72,50
4776;карниз;1.50.116;4,00;93,00
4777;карниз;1.50.117;4,50;103,00
4778;карниз;1.50.118;4,00;93,00
4779;карниз;1.50.119;4,00;93,00
4780;карниз;1.50.120;4,00;93,00
4781;карниз;1.50.121;4,00;93,00
4782;карниз;1.50.122;4,00;72,50
4783;карниз;1.50.100;4,00;93,00
4784;карниз;1.50.102;4,00;72,50
4785;карниз;1.50.103;4,00;72,50
4786;карниз;1.50.104;4,00;72,50
4787;карниз;1.50.105;4,00;72,50
4788;карниз;1.50.106;4,00;93,00
4789;карниз;1.50.107;4,00;93,00
4790;карниз;1.50.109;4,00;93,00
4791;карниз;1.50.110;4,50;103,00
4792;карниз;1.50.111;4,50;82,80
4793;карниз;1.50.112;4,00;72,50
4794;карниз;1.50.113;4,00;93,00
4795;карниз;1.50.123;4,00;93,00
4796;карниз;1.50.124;4,00;93,00
4797;карниз;1.50.125;4,00;72,50
4798;карниз;1.50.126;4,00;72,50
4799;карниз;1.50.127;4,00;93,00
4800;карниз;1.50.128;4,00;93,00
4801;карниз;1.50.129;4,00;93,00
4802;карниз;1.50.130;4,00;93,00
4803;карниз;1.50.131;4,00;93,00
4804;карниз;1.50.132;4,50;103,00
4805;карниз;1.50.133;4,50;82,80
4806;карниз;1.50.134;4,00;93,00
4807;карниз;1.50.135;4,00;93,00
4808;карниз;1.50.136;4,50;103,00
4809;карниз;1.50.137;4,50;103,00
4810;карниз;1.50.138;4,50;103,00
4811;карниз;1.50.139;4,00;93,00
4812;карниз;1.50.140;4,00;93,00
4813;карниз;1.50.141;4,00;93,00
4814;карниз;1.50.142;4,00;93,00
4815;карниз;1.50.143;4,00;93,00
4816;карниз;1.50.144;4,00;93,00
4817;карниз;1.50.145;4,50;103,00
4818;карниз;1.50.146;4,00;93,00
4819;карниз;1.50.147;4,50;103,00
4820;карниз;1.50.148;4,00;93,00
4821;карниз;1.50.149;4,50;103,00
4822;карниз;1.50.150;4,00;72,50
4823;карниз;1.50.151;4,50;103,00
4824;карниз;1.50.152;4,50;103,00
4825;карниз;1.50.153;4,50;103,00
4826;карниз;1.50.154;4,00;93,00
4827;карниз;1.50.155;4,00;93,00
4828;карниз;1.50.156;4,00;93,00
4829;карниз;1.50.157;4,00;93,00
4830;карниз;1.50.158;4,00;93,00
4831;карниз;1.50.159;4,00;93,00
4832;карниз;1.50.160;4,00;93,00
4833;карниз;1.50.162;4,00;72,50
4834;карниз;1.50.163;4,00;93,00
4835;карниз;1.50.164;4,00;93,00
4836;карниз;1.50.165;4,00;93,00
4837;карниз;1.50.166;4,00;72,50
4838;карниз;1.50.167;4,00;93,00
4839;карниз;1.50.168;4,00;93,00
4840;карниз;1.50.169;4,00;93,00
4841;карниз;1.50.170;4,00;93,00
4842;карниз;1.50.171;4,00;93,00
4843;карниз;1.50.172;4,00;72,50
4844;карниз;1.50.173;4,00;93,00
4845;карниз;1.50.174;4,00;93,00
4846;карниз;1.50.175;4,00;93,00
4847;карниз;1.50.176;4,00;93,00
4848;карниз;1.50.177;4,00;93,00
4849;карниз;1.50.180;4,00;103,00
4850;карниз;1.50.181;4,00;93,00
4851;карниз;1.50.182;4,00;93,00
4852;карниз;1.50.183;4,00;93,00
4853;карниз;1.50.184;4,00;93,00
4854;карниз;1.50.185;4,00;93,00
4855;карниз;1.50.186;4,00;93,00
4856;карниз;1.50.187;4,00;72,50
4857;карниз;1.50.188;4,00;93,00
4858;карниз;1.50.190;4,00;93,00
4859;карниз;1.50.191;4,00;93,00
4860;карниз;1.50.192;4,00;93,00
4861;карниз;1.50.193;4,00;93,00
4862;карниз;1.50.194;4,00;93,00
4863;карниз;1.50.195;4,00;93,00
4864;карниз;1.50.196;4,00;93,00
4865;карниз;1.50.197;4,00;93,00
4866;карниз;1.50.198;4,00;93,00
4867;карниз;1.50.200;4,00;93,00
4868;карниз;1.50.201;4,50;103,00
4869;карниз;1.50.202;4,00;93,00
4870;карниз;1.50.203;4,50;103,00
4871;карниз;1.50.204;4,00;93,00
4872;карниз;1.50.208;4,00;103,00
4873;карниз;1.50.209;4,00;103,00
4874;карниз;1.50.210;4,00;103,00
4875;карниз;1.50.211;4,00;103,00
4876;карниз;1.50.212;4,50;93,00
4877;карниз;1.50.220;4,00;93,00
4878;карниз;1.50.221;4,00;93,00
4879;карниз;1.50.222;4,50;103,00
4880;карниз;1.50.250;4,50;103,00
4881;карниз;1.50.251;4,00;72,50
4882;карниз;1.50.252;4,00;93,00
4883;карниз;1.50.253;4,00;72,50
4884;карниз;1.50.254;4,00;93,00
4885;карниз;1.50.255;4,00;93,00
4886;карниз;1.50.256;4,50;103,00
4887;карниз;1.50.257;4,00;72,50
4888;карниз;1.50.258;4,00;93,00
4889;карниз;1.50.259;4,00;93,00
4890;карниз;1.50.260;4,50;103,00
4891;карниз;1.50.261;4,00;93,00
4892;карниз;1.50.262;4,00;93,00
4893;карниз;1.50.264;4,50;103,00
4894;карниз;1.50.265;4,00;93,00
4895;карниз;1.50.266;4,00;93,00
4896;карниз;1.50.267;4,50;103,00
4897;карниз;1.50.268;4,50;103,00
4898;карниз;1.50.269;4,50;103,00
4899;карниз;1.50.270;4,50;103,00
4900;карниз;1.50.271;4,50;103,00
4901;карниз;1.50.273;4,50;103,00
4902;карниз FLEX;1.50.114;4,00;72,50
4903;карниз FLEX;1.50.115;4,00;72,50
4904;карниз FLEX;1.50.116;4,00;93,00
4905;карниз FLEX;1.50.117;4,50;103,00
4906;карниз FLEX;1.50.118;4,00;93,00
4907;карниз FLEX;1.50.119;4,00;93,00
4908;карниз FLEX;1.50.120;4,00;93,00
4909;карниз FLEX;1.50.121;4,00;93,00
4910;карниз FLEX;1.50.122;4,00;72,50
4911;карниз FLEX;1.50.100;4,00;93,00
4912;карниз FLEX;1.50.102;4,00;72,50
4913;карниз FLEX;1.50.103;4,00;72,50
4914;карниз FLEX;1.50.104;4,00;72,50
4915;карниз FLEX;1.50.105;4,00;72,50
4916;карниз FLEX;1.50.106;4,00;93,00
4917;карниз FLEX;1.50.107;4,00;93,00
4918;карниз FLEX;1.50.109;4,00;93,00
4919;карниз FLEX;1.50.110;4,50;103,00
4920;карниз FLEX;1.50.111;4,50;82,80
4921;карниз FLEX;1.50.112;4,00;72,50
4922;карниз FLEX;1.50.113;4,00;93,00
4923;карниз FLEX;1.50.123;4,00;93,00
4924;карниз FLEX;1.50.124;4,00;93,00
4925;карниз FLEX;1.50.125;4,00;72,50
4926;карниз FLEX;1.50.126;4,00;72,50
4927;карниз FLEX;1.50.127;4,00;93,00
4928;карниз FLEX;1.50.128;4,00;93,00
4929;карниз FLEX;1.50.129;4,00;93,00
4930;карниз FLEX;1.50.130;4,00;93,00
4931;карниз FLEX;1.50.131;4,00;93,00
4932;карниз FLEX;1.50.132;4,50;103,00
4933;карниз FLEX;1.50.133;4,50;82,80
4934;карниз FLEX;1.50.134;4,00;93,00
4935;карниз FLEX;1.50.135;4,00;93,00
4936;карниз FLEX;1.50.136;4,50;103,00
4937;карниз FLEX;1.50.137;4,50;103,00
4938;карниз FLEX;1.50.138;4,50;103,00
4939;карниз FLEX;1.50.139;4,00;93,00
4940;карниз FLEX;1.50.140;4,00;93,00
4941;карниз FLEX;1.50.141;4,00;93,00
4942;карниз FLEX;1.50.142;4,00;93,00
4943;карниз FLEX;1.50.143;4,00;93,00
4944;карниз FLEX;1.50.144;4,00;93,00
4945;карниз FLEX;1.50.145;4,50;103,00
4946;карниз FLEX;1.50.146;4,00;93,00
4947;карниз FLEX;1.50.147;4,50;103,00
4948;карниз FLEX;1.50.148;4,00;93,00
4949;карниз FLEX;1.50.149;4,50;103,00
4950;карниз FLEX;1.50.150;4,00;72,50
4951;карниз FLEX;1.50.151;4,50;103,00
4952;карниз FLEX;1.50.152;4,50;103,00
4953;карниз FLEX;1.50.153;4,50;103,00
4954;карниз FLEX;1.50.154;4,00;93,00
4955;карниз FLEX;1.50.155;4,00;93,00
4956;карниз FLEX;1.50.156;4,00;93,00
4957;карниз FLEX;1.50.157;4,00;93,00
4958;карниз FLEX;1.50.158;4,00;93,00
4959;карниз FLEX;1.50.159;4,00;93,00
4960;карниз FLEX;1.50.160;4,00;93,00
4961;карниз FLEX;1.50.162;4,00;72,50
4962;карниз FLEX;1.50.163;4,00;93,00
4963;карниз FLEX;1.50.164;4,00;93,00
4964;карниз FLEX;1.50.165;4,00;93,00
4965;карниз FLEX;1.50.166;4,00;72,50
4966;карниз FLEX;1.50.168;4,00;93,00
4967;карниз FLEX;1.50.169;4,00;93,00
4968;карниз FLEX;1.50.170;4,00;93,00
4969;карниз FLEX;1.50.171;4,00;93,00
4970;карниз FLEX;1.50.172;4,00;72,50
4971;карниз FLEX;1.50.173;4,00;93,00
4972;карниз FLEX;1.50.174;4,00;93,00
4973;карниз FLEX;1.50.175;4,00;93,00
4974;карниз FLEX;1.50.176;4,00;93,00
4975;карниз FLEX;1.50.177;4,00;93,00
4976;карниз FLEX;1.50.180;4,00;103,00
4977;карниз FLEX;1.50.181;4,00;93,00
4978;карниз FLEX;1.50.182;4,00;93,00
4979;карниз FLEX;1.50.183;4,00;93,00
4980;карниз FLEX;1.50.184;4,00;93,00
4981;карниз FLEX;1.50.185;4,00;93,00
4982;карниз FLEX;1.50.186;4,00;93,00
4983;карниз FLEX;1.50.187;4,00;72,50
4984;карниз FLEX;1.50.188;4,00;93,00
4985;карниз FLEX;1.50.190;4,00;93,00
4986;карниз FLEX;1.50.191;4,00;93,00
4987;карниз FLEX;1.50.192;4,00;93,00
4988;карниз FLEX;1.50.193;4,00;93,00
4989;карниз FLEX;1.50.194;4,00;93,00
4990;карниз FLEX;1.50.195;4,00;93,00
4991;карниз FLEX;1.50.197;4,00;93,00
4992;карниз FLEX;1.50.200;4,00;93,00
4993;карниз FLEX;1.50.202;4,00;93,00
4994;карниз FLEX;1.50.203;4,50;103,00
4995;карниз FLEX;1.50.209;4,00;103,00
4996;карниз FLEX;1.50.210;4,00;103,00
4997;карниз FLEX;1.50.220;4,00;93,00
4998;карниз FLEX;1.50.221;4,00;93,00
4999;карниз FLEX;1.50.222;4,50;103,00
5000;карниз FLEX;1.50.250;4,50;103,00
5001;карниз FLEX;1.50.251;4,00;72,50
5002;карниз FLEX;1.50.252;4,00;93,00
5003;карниз FLEX;1.50.253;4,00;72,50
5004;карниз FLEX;1.50.254;4,00;93,00
5005;карниз FLEX;1.50.255;4,00;93,00
5006;карниз FLEX;1.50.256;4,50;103,00
5007;карниз FLEX;1.50.257;4,00;72,50
5008;карниз FLEX;1.50.258;4,00;93,00
5009;карниз FLEX;1.50.259;4,00;93,00
5010;карниз FLEX;1.50.260;4,50;103,00
5011;карниз FLEX;1.50.261;4,00;93,00
5012;карниз FLEX;1.50.262;4,00;93,00
5013;карниз FLEX;1.50.264;4,50;103,00
5014;карниз FLEX;1.50.265;4,00;93,00
5015;карниз FLEX;1.50.266;4,00;93,00
5016;карниз FLEX;1.50.267;4,50;103,00
5017;карниз FLEX;1.50.268;4,50;103,00
5018;карниз FLEX;1.50.269;4,50;103,00
5019;карниз FLEX;1.50.270;4,50;103,00
5020;молдинг;1.51.311;4,00;93,00
5021;молдинг;1.51.314;4,00;93,00
5022;молдинг;1.51.327;4,00;93,00
5023;молдинг;1.51.301;4,00;72,50
5024;молдинг;1.51.305;4,00;72,50
5025;молдинг;1.51.321;4,00;72,50
5026;молдинг;1.51.400;4,00;72,50
5027;молдинг;1.51.302;4,00;93,00
5028;молдинг;1.51.303;4,00;72,50
5029;молдинг;1.51.304;4,00;72,50
5030;молдинг;1.51.306;4,00;93,00
5031;молдинг;1.51.307;4,00;93,00
5032;молдинг;1.51.324;4,00;93,00
5033;молдинг;1.51.352;4,00;93,00
5034;молдинг;1.51.325;4,00;93,00
5035;молдинг;1.51.312;4,00;72,50
5036;молдинг;1.51.332;4,00;93,00
5037;молдинг;1.51.350;4,00;93,00
5038;молдинг;1.51.326;4,00;72,50
5039;молдинг;1.51.308;4,00;72,50
5040;молдинг;1.51.309;4,00;93,00
5041;молдинг;1.51.310;4,00;93,00
5042;молдинг;1.51.313;4,00;93,00
5043;молдинг;1.51.315;4,00;93,00
5044;молдинг;1.51.316;4,00;93,00
5045;молдинг;1.51.317;4,00;93,00
5046;молдинг;1.51.318;4,00;93,00
5047;молдинг;1.51.319;4,00;93,00
5048;молдинг;1.51.320;4,00;93,00
5049;молдинг;1.51.322;4,00;93,00
5050;молдинг;1.51.328;4,00;93,00
5051;молдинг;1.51.330;4,00;93,00
5052;молдинг;1.51.333;4,00;93,00
5053;молдинг;1.51.340;4,00;93,00
5054;молдинг;1.51.341;4,00;93,00
5055;молдинг;1.51.342;4,00;93,00
5056;молдинг;1.51.343;4,00;93,00
5057;молдинг;1.51.344;4,00;93,00
5058;молдинг;1.51.351;4,00;93,00
5059;молдинг;1.51.380;4,50;103,00
5060;молдинг;1.51.401;4,00;93,00
5061;молдинг;1.51.323;4,00;93,00
5062;молдинг;1.51.339;4,00;93,00
5063;молдинг;1.51.331;4,00;93,00
5064;молдинг;1.51.336;4,00;93,00
5065;молдинг;1.51.334;4,00;93,00
5066;молдинг;1.51.335;4,00;93,00
5067;молдинг;1.51.337;4,00;93,00
5068;молдинг;1.51.348;4,00;93,00
5069;молдинг;1.51.349;4,00;93,00
5070;молдинг;1.51.329;4,00;93,00
5071;молдинг;1.51.347;4,00;93,00
5072;молдинг;1.51.355;4,00;93,00
5073;молдинг;1.51.354;4,00;93,00
5074;молдинг FLEX;1.51.311;4,00;93,00
5075;молдинг FLEX;1.51.314;4,00;93,00
5076;молдинг FLEX;1.51.327;4,00;93,00
5077;молдинг FLEX;1.51.301;4,00;72,50
5078;молдинг FLEX;1.51.305;4,00;72,50
5079;молдинг FLEX;1.51.321;4,00;72,50
5080;молдинг FLEX;1.51.400;4,00;72,50
5081;молдинг FLEX;1.51.302;4,00;93,00
5082;молдинг FLEX;1.51.303;4,00;72,50
5083;молдинг FLEX;1.51.304;4,00;72,50
5084;молдинг FLEX;1.51.306;4,00;93,00
5085;молдинг FLEX;1.51.307;4,00;93,00
5086;молдинг FLEX;1.51.324;4,00;93,00
5087;молдинг FLEX;1.51.352;4,00;93,00
5088;молдинг FLEX;1.51.325;4,00;93,00
5089;молдинг FLEX;1.51.312;4,00;72,50
5090;молдинг FLEX;1.51.332;4,00;93,00
5091;молдинг FLEX;1.51.350;4,00;93,00
5092;молдинг FLEX;1.51.326;4,00;72,50
5093;молдинг FLEX;1.51.308;4,00;72,50
5094;молдинг FLEX;1.51.309;4,00;93,00
5095;молдинг FLEX;1.51.310;4,00;93,00
5096;молдинг FLEX;1.51.313;4,00;93,00
5097;молдинг FLEX;1.51.315;4,00;93,00
5098;молдинг FLEX;1.51.316;4,00;93,00
5099;молдинг FLEX;1.51.317;4,00;93,00
5100;молдинг FLEX;1.51.318;4,00;93,00
5101;молдинг FLEX;1.51.319;4,00;93,00
5102;молдинг FLEX;1.51.320;4,00;93,00
5103;молдинг FLEX;1.51.322;4,00;93,00
5104;молдинг FLEX;1.51.328;4,00;93,00
5105;молдинг FLEX;1.51.330;4,00;93,00
5106;молдинг FLEX;1.51.333;4,00;93,00
5107;молдинг FLEX;1.51.340;4,00;93,00
5108;молдинг FLEX;1.51.341;4,00;93,00
5109;молдинг FLEX;1.51.342;4,00;93,00
5110;молдинг FLEX;1.51.343;4,00;93,00
5111;молдинг FLEX;1.51.344;4,00;93,00
5112;молдинг FLEX;1.51.351;4,00;93,00
5113;молдинг FLEX;1.51.380;4,50;103,00
5114;молдинг FLEX;1.51.401;4,00;93,00
5115;молдинг FLEX;1.51.323;4,00;93,00
5116;молдинг FLEX;1.51.339;4,00;93,00
5117;молдинг FLEX;1.51.331;4,00;93,00
5118;молдинг FLEX;1.51.336;4,00;93,00
5119;молдинг FLEX;1.51.334;4,00;93,00
5120;молдинг FLEX;1.51.335;4,00;93,00
5121;молдинг FLEX;1.51.337;4,00;93,00
5122;молдинг FLEX;1.51.348;4,00;93,00
5123;молдинг FLEX;1.51.349;4,00;93,00
5124;молдинг FLEX;1.51.329;4,00;93,00
5125;молдинг FLEX;1.51.347;4,00;93,00
5126;молдинг FLEX;1.51.355;4,00;93,00
5127;молдинг FLEX;1.51.354;4,00;93,00
5128;плинтус;1.53.102;4,00;93,00
5129;плинтус;1.53.103;4,00;93,00
5130;плинтус;1.53.104;4,00;93,00
5131;плинтус;1.53.105;4,50;103,00
5132;плинтус;1.53.106;4,00;93,00
5133;плинтус;1.53.107;4,00;93,00
5134;плинтус;1.53.109;4,00;93,00
5135;плинтус;1.53.101;4,00;93,00
5136;плинтус FLEX;1.53.102;4,00;93,00
5137;плинтус FLEX;1.53.103;4,00;93,00
5138;плинтус FLEX;1.53.104;4,00;93,00
5139;плинтус FLEX;1.53.105;4,50;103,00
5140;плинтус FLEX;1.53.106;4,00;93,00
5141;плинтус FLEX;1.53.107;4,00;93,00
5142;плинтус FLEX;1.53.109;4,00;93,00
5143;плинтус FLEX;1.53.101;4,00;93,00
5144;угловой элемент;1.52.326;4,00;28,00
5145;угловой элемент;1.52.301;4,00;24,00
5146;угловой элемент;1.52.302;4,00;24,00
5147;угловой элемент;1.52.290;4,00;18,10
5148;угловой элемент;1.52.293;4,00;18,10
5149;угловой элемент;1.52.292;4,00;24,00
5150;угловой элемент;1.52.288;4,00;24,00
5151;угловой элемент;1.52.294;4,00;24,00
5152;угловой элемент;1.52.291;4,00;18,10
5153;угловой элемент;1.52.295;4,00;18,10
5154;угловой элемент;1.52.328;4,00;24,00
5155;угловой элемент;1.52.400;4,00;24,00
5156;угловой элемент;1.52.289;4,00;18,10
5157;угловой элемент;1.52.296;4,00;28,00
5158;угловой элемент;1.52.297;4,00;24,00
5159;угловой элемент;1.52.298;4,00;24,00
5160;угловой элемент;1.52.300;4,00;24,00
5161;угловой элемент;1.52.303;4,00;24,00
5162;угловой элемент;1.52.308;4,00;18,10
5163;угловой элемент;1.52.312;4,00;24,00
5164;угловой элемент;1.52.313;4,00;28,00
5165;угловой элемент;1.52.314;4,00;24,00
5166;угловой элемент;1.52.318;4,00;18,10
5167;кронштейн;1.19.001;;25,00
5168;кронштейн;1.19.137;;25,00
5169;кронштейн;1.19.002;;25,00
5170;кронштейн;1.19.005;;25,00
5171;кронштейн;1.19.003;;25,00
5172;кронштейн;1.19.004;;25,00
5173;кронштейн;1.19.006;;25,00
5174;розетка;1.56.017;;15,00
5175;розетка;1.56.001;;17,00
5176;розетка;1.56.002;;17,00
5177;розетка;1.56.004;;15,00
5178;розетка;1.56.007;;15,00
5179;розетка;1.56.013;;15,00
5180;розетка;1.56.014;;15,00
5181;розетка;1.56.015;;15,00
5182;розетка;1.56.016;;15,00
5183;розетка;1.56.018;;17,00
5184;розетка;1.56.019;;15,00
5185;розетка;1.56.020;;15,00
5186;розетка;1.56.022;;17,00
5187;розетка;1.56.023;;17,00
5188;розетка;1.56.024;;17,00
5189;розетка;1.56.025;;18,00
5190;розетка;1.56.005;;17,00
5191;розетка;1.56.010;;15,00
5192;розетка;1.56.028;;17,00
5193;розетка;1.56.029;;19,00
5194;розетка;1.56.030;;15,00
5195;розетка;1.56.003;;17,00
5196;розетка;1.56.031;;17,00
5197;розетка;1.56.021;;15,00
5198;розетка;1.56.026;;17,00
5199;розетка;1.56.006;;15,00
5200;розетка;1.56.009;;15,00
5201;розетка;1.56.032;;15,00
5202;розетка;1.56.011;;15,00
5203;розетка;1.56.037;;15,00
5204;розетка;1.56.034;;17,00
5205;розетка;1.56.033;;15,00
5206;розетка;1.56.038;;15,00
5207;розетка;1.56.012;;17,00
5208;розетка;1.56.027;;17,00
5209;розетка;1.56.039;;15,00
5210;розетка;1.56.035;;15,00
5211;розетка;1.56.042;;15,00
5212;орнамент;1.60.114;;8,05
5213;орнамент;1.60.014;;8,05
5214;орнамент;1.60.011;;8,05
5215;орнамент;1.60.111;;8,05
5216;орнамент;1.60.007;;8,05
5217;орнамент;1.60.005;;8,05
5218;орнамент;1.60.012;;10,00
5219;орнамент;1.60.008;;8,05
5220;орнамент;1.60.010;;8,05
5221;орнамент;1.60.002;;8,05
5222;орнамент;1.60.003;;8,05
5223;орнамент;1.60.004;;8,05
5224;орнамент;1.60.006;;8,05
5225;орнамент;1.60.009;;8,05
5226;орнамент;1.60.015;;8,05
5227;орнамент;1.60.017;;8,05
5228;орнамент;1.60.018;;8,05
5229;орнамент;1.60.019;;10,00
5230;орнамент;1.60.108;;8,05
5231;орнамент;1.60.109;;8,05
5232;орнамент;1.60.110;;8,05
5233;орнамент;1.60.001;;8,05
5234;кессон;1.57.002;;48,00
5235;кессон;1.57.003;;48,00
5236;кессон;1.57.001;;48,00
5237;кессон;1.57.004;;50,00
5238;купол;1.58.001;;96,00
5239;капитель;1.11.001;7,00;40,00
5240;капитель;1.11.010;7,00;33,00
5241;капитель;1.11.003;7,00;40,00
5242;капитель;1.11.002;7,00;33,00
5243;капитель;1.11.004;7,00;40,00
5244;капитель;1.11.005;7,00;33,00
5245;капитель;1.11.006;7,00;33,00
5246;капитель;1.11.008;7,00;33,00
5247;капитель;1.11.009;7,00;33,00
5248;капитель;1.15.002;7,00;33,00
5249;капитель;1.15.003;7,00;40,00
5250;капитель;1.15.004;7,00;40,00
5251;капитель;1.15.005;7,00;33,00
5252;капитель;1.15.006;7,00;33,00
5253;капитель;1.15.008;7,00;33,00
5254;капитель;1.15.001;7,00;40,00
5255;капитель;1.15.009;7,00;33,00
5256;капитель;1.15.010;7,00;33,00
5257;капитель;1.21.003;7,00;33,00
5258;капитель;1.21.001;7,00;33,00
5259;капитель;1.21.002;7,00;40,00
5260;капитель;1.21.004;7,00;40,00
5261;капитель;1.21.005;7,00;40,00
5262;капитель;1.21.006;7,00;40,00
5263;капитель;1.21.007;7,00;33,00
5264;ствол;1.12.020;7,00;113,60
5265;ствол;1.12.010;7,00;113,60
5266;ствол;1.12.030;7,00;93,60
5267;ствол;1.12.050;7,00;97,40
5268;ствол;1.12.060;7,00;97,40
5269;ствол;1.12.061;7,00;113,60
5270;ствол;1.12.080;7,00;97,40
5271;ствол;1.12.081;7,00;113,60
5272;ствол;1.12.070;7,00;97,40
5273;ствол;1.12.071;7,00;113,60
5274;ствол;1.16.080;7,00;97,40
5275;ствол;1.16.081;7,00;113,60
5276;ствол;1.16.030;7,00;113,60
5277;ствол;1.16.070;4,00;97,40
5278;ствол;1.16.050;7,00;97,40
5279;ствол;1.16.060;7,00;97,40
5280;ствол;1.16.071;7,00;113,60
5281;ствол;1.16.010;7,00;113,60
5282;ствол;1.16.011;7,00;113,60
5283;ствол;1.16.020;7,00;113,60
5284;ствол;1.16.061;7,00;113,60
5285;ствол;1.22.010;7,00;95,60
5286;ствол;1.22.020;7,00;95,60
5287;ствол;1.22.030;7,00;95,60
5288;ствол;1.22.200;7,00;95,60
5289;ствол;1.22.040;7,00;95,60
5290;кольцо;1.11.100;;40,00
5291;кольцо;1.11.200;;40,00
5292;кольцо;1.11.300;;40,00
5293;кольцо;1.15.100;4,00;18,00
5294;кольцо;1.15.200;4,00;18,00
5295;кольцо;1.15.300;4,00;18,00
5296;база;1.13.900;7,00;20,00
5297;база;1.13.300;7,00;20,00
5298;база;1.13.400;7,00;20,00
5299;база;1.13.800;7,00;20,00
5300;база;1.13.500;7,00;20,00
5301;база;1.13.100;7,00;20,00
5302;база;1.13.200;7,00;20,00
5303;база;1.13.700;7,00;20,00
5304;база;1.17.900;7,00;20,00
5305;база;1.17.300;7,00;20,00
5306;база;1.17.400;7,00;20,00
5307;база;1.17.100;7,00;20,00
5308;база;1.17.800;7,00;20,00
5309;база;1.17.500;7,00;20,00
5310;база;1.17.600;7,00;28,00
5311;база;1.17.700;7,00;20,00
5312;база;1.17.200;7,00;20,00
5313;база;1.23.100;7,00;28,00
5314;база;1.23.200;7,00;28,00
5315;база;1.23.300;7,00;28,00
5316;база;1.23.400;7,00;28,00
5317;база;1.23.500;7,00;28,00
5318;пьедестал;1.14.001;;25,00
5319;пьедестал;1.14.002;;25,00
5320;пьедестал;1.14.003;;25,00
5321;пьедестал;1.18.001;;25,00
5322;пьедестал;1.18.002;;25,00
5323;пьедестал;1.18.003;;25,00
5324;база;1.54.010;7,00;28,00
5325;обрамление арок;1.55.003;4,00;30,00
5326;обрамление арок;1.55.004;4,00;30,00
5327;обрамление арок;1.55.001;4,00;18,00
5328;замковый камень;1.55.005;4,00;18,00
5329;обрамление арок;1.55.002;4,00;18,00
5330;база;1.54.020;7,00;28,00
5331;боковой элемент;1.54.009;;11,00
5332;боковой элемент;1.54.019;;11,00
5333;квадрат;1.54.001;;50,00
5334;квадрат;1.54.002;;50,00
5335;наличник;1.54.003;4,00;50,00
5336;наличник;1.54.004;4,00;56,00
5337;элемент;1.54.008;;11,00
5338;элемент;1.54.006;;11,00
5339;элемент;1.54.005;;11,00
5340;элемент;1.54.007;;11,00
5341;элемент;1.54.012;;11,00
5342;элемент;1.54.011;;11,00
5343;ствол;1.12.011;7,00;113,60
5344;пилястра;1.20.301;;
5345;пилястра;1.20.302;;
5346;пилястра;1.20.303;;
5347;пилястра;1.20.201;;
5348;пилястра;1.20.202;;
5349;пилястра;1.20.101;;
5350;пилястра;1.20.102;;
5351;пилястра;1.20.001;;
5352;пилястра;1.20.002;;
5353;полуколонна;1.10.301;;
5354;полуколонна;1.10.302;;
5355;полуколонна;1.10.303;;
5356;полуколонна;1.10.304;;
5357;полуколонна;1.10.201;;
5358;полуколонна;1.10.202;;
5359;полуколонна;1.10.203;;
5360;полуколонна;1.10.204;;
5361;полуколонна;1.10.205;;
5362;полуколонна;1.10.206;;
5363;полуколонна;1.10.207;;
5364;полуколонна;1.10.208;;
5365;полуколонна;1.10.209;;
5366;полуколонна;1.10.210;;
5367;полуколонна;1.10.211;;
5368;полуколонна;1.10.212;;
5369;полуколонна;1.10.213;;
5370;полуколонна;1.10.214;;
5371;полуколонна;1.10.101;;
5372;полуколонна;1.10.102;;
5373;полуколонна;1.10.103;;
5374;полуколонна;1.10.104;;
5375;полуколонна;1.10.105;;
5376;полуколонна;1.10.106;;
5377;колонна;1.30.301;;
5378;колонна;1.30.302;;
5379;колонна;1.30.303;;
5380;колонна;1.30.304;;
5381;колонна;1.30.201;;
5382;колонна;1.30.202;;
5383;колонна;1.30.204;;
5384;колонна;1.30.205;;
5385;колонна;1.30.206;;
5386;колонна;1.30.207;;
5387;колонна;1.30.208;;
5388;колонна;1.30.209;;
5389;колонна;1.30.210;;
5390;колонна;1.30.211;;
5391;колонна;1.30.212;;
5392;колонна;1.30.213;;
5393;колонна;1.30.214;;
5394;колонна;1.30.101;;
5395;колонна;1.30.102;;
5396;колонна;1.30.104;;
5397;колонна;1.30.105;;
5398;колонна;1.30.106;;
5861;карниз;1.50.205;4,00;93,00
5862;карниз FLEX;1.50.196;4,00;93,00
5863;карниз FLEX;1.50.198;4,00;93,00
5864;карниз FLEX;1.50.201;4,50;103,00
5865;карниз FLEX;1.50.205;4,00;93,00
5866;молдинг;1.51.345;4,00;93,00
5867;молдинг;1.51.357;4,00;72,50
5868;молдинг;1.51.358;4,00;93,00
5869;молдинг;1.51.361;4,00;93,00
5870;молдинг;1.51.381;4,00;93,00
5871;молдинг FLEX;1.51.345;4,00;93,00
5872;молдинг FLEX;1.51.357;4,00;72,50
5873;молдинг FLEX;1.51.358;4,00;93,00
5874;молдинг FLEX;1.51.361;4,00;93,00
5875;молдинг FLEX;1.51.381;4,00;93,00
5876;архитрав;1.26.001;4,50;102,80
5877;архитрав;1.26.002;4,50;102,80
5878;архитрав;1.26.003;4,50;102,80
5879;розетка;1.56.036;;19,00
5880;база;1.13.600;7,00;20,00
5881;ниша;1.61.101;;36,60
5882;ниша;1.61.102;;43,20
5883;ниша с полкой;1.61.110;;23,00
5884;ниша с полкой;1.61.120;;40,00
5885;сандрик;1.63.001;4,00;50,00
5886;сандрик;1.63.002;4,00;50,00
5887;карниз;4.02.201;5,30;96,60
5888;карниз;4.01.201;5,30;116,60
5889;карниз;4.01.101;5,30;116,60
5890;карниз;4.01.301;5,30;116,60
5891;карниз;4.32.202;5,10;102,80
5892;карниз;4.01.103;5,30;116,60
5893;карниз;4.31.301;5,30;116,60
5894;карниз;4.32.201;5,30;116,60
5895;карниз;4.81.002;5,30;116,60
5896;карниз;4.32.302;5,30;116,60
5897;карниз;4.01.202;5,30;116,60
5898;карниз;4.01.302;5,30;116,60
5899;карниз;4.02.101;5,30;116,60
5900;карниз;4.31.101;5,30;116,60
5901;карниз;4.31.201;5,10;102,80
5902;карниз;4.31.202;5,10;102,80
5903;карниз;4.31.302;5,30;116,60
5904;карниз;4.32.101;5,30;116,60
5905;карниз;4.32.301;5,10;102,80
5906;карниз;4.81.001;5,30;116,60
5907;карниз;4.02.301;;
5908;фриз;4.03.101;5,30;116,60
5909;фриз;4.03.102;5,30;116,60
5910;фриз;4.03.201;5,30;116,60
5911;фриз;4.03.202;5,30;116,60
5912;фриз;4.03.301;5,30;116,60
5913;фриз;4.33.301;5,30;116,60
5914;фриз;4.03.302;5,30;116,60
5915;фриз;4.33.101;5,30;116,60
5916;фриз;4.33.102;5,30;116,60
5917;фриз;4.33.201;5,30;116,60
5918;фриз;4.33.202;5,30;116,60
5919;архитрав;4.04.201;5,30;116,60
5920;архитрав;4.34.201;5,10;102,80
5921;архитрав;4.34.202;5,10;102,80
5922;архитрав;4.04.101;5,30;116,60
5923;архитрав;4.04.102;5,30;116,60
5924;архитрав;4.04.202;5,10;102,80
5925;архитрав;4.04.301;5,30;116,60
5926;архитрав;4.04.302;5,10;102,80
5927;архитрав;4.34.101;5,10;102,80
5928;архитрав;4.34.102;5,10;102,80
5929;архитрав;4.34.301;5,10;102,80
5930;архитрав;4.34.302;5,10;102,80
5931;балясина;4.71.101;8,00;
5932;балясина;4.71.201;8,00;
5933;столб;4.75.101;;75,00
5934;столб;4.75.201;;75,00
5935;крышка (пирамида);4.76.101;4,00;
5936;крышка (пирамида);4.76.201;4,00;
5937;крышка столба (плоская);4.73.101;;
5938;крышка столба (плоская);4.73.201;;
5939;крышка (шар);4.77.101;;
5940;крышка (шар);4.77.201;;
5941;основание;4.74.101;10,00;95,00
5942;основание;4.74.201;10,00;95,00
5943;поручень;4.72.101;10,00;
5944;поручень;4.72.201;10,00;
5945;наличник;4.84.001;5,10;102,80
5946;наличник;4.84.002;5,10;102,80
5947;наличник;4.84.003;5,10;102,80
5948;наличник;4.84.051;5,1;103
5949;наличник;4.84.052;5,1;103
5950;наличник;4.84.053;5,1;103
5951;арочное обрамление;4.87.031;7,00;50,00
5952;арочное обрамление;4.87.032;7,00;50,00
5953;арочное обрамление;4.87.033;7,00;50,00
5954;замковый камень;4.85.001;5,10;12,00
5955;замковый камень;4.85.002;5,10;12,00
5956;замковый камень;4.85.003;5,10;12,00
5957;подоконный элемент;4.82.001;5,10;102,80
5958;подоконный элемент;4.82.002;5,10;102,80
5959;подоконный элемент;4.82.003;5,10;102,80
5960;подоконный элемент;4.82.101;5,10;102,80
5961;подоконный элемент;4.82.201;5,10;102,80
5962;подоконный элемент;4.82.202;5,10;102,80
5963;подоконный элемент;4.82.301;5,10;102,80
5964;подоконный элемент;4.82.302;5,10;102,80
5965;кронштейн-пьедестал;4.83.101;;40,00
5966;кронштейн-пьедестал;4.83.102;;40,00
5967;кронштейн-пьедестал;4.83.201;;40,00
5968;кронштейн-пьедестал;4.83.202;;40,00
5969;кронштейн-пьедестал;4.83.301;;40,00
5970;кронштейн-пьедестал;4.83.302;;40,00
5971;руст;4.86.003;6,00;48,00
5972;руст;4.86.004;6,00;48,00
5973;руст;4.86.005;6,00;48,00
5974;руст;4.86.001;6,00;48,00
5975;руст;4.86.002;6,00;48,00
5982;угловой элемент;1.52.361;4,00;24,00
5983;база;4.17.302;7,00;48,30
5984;база;4.53.201;7,00;48,30
5985;база;4.53.301;7,00;48,30
5986;база;4.17.101;7,00;48,30
5987;база;4.17.201;7,00;48,30
5988;база;4.17.202;7,00;48,30
5989;база;4.17.301;7,00;48,30
5990;база;4.23.101;7,00;48,30
5991;база;4.23.201;7,00;48,30
5992;база;4.23.301;7,00;48,30
5993;база;4.43.101;7,00;48,30
5994;база;4.43.201;7,00;48,30
5995;база;4.43.202;7,00;48,30
5996;база;4.43.301;7,00;48,30
5997;база;4.43.302;7,00;48,30
5998;база;4.47.101;7,00;48,30
5999;база;4.47.201;7,00;48,30
6000;база;4.47.202;7,00;48,30
6001;база;4.47.301;7,00;48,30
6002;база;4.47.302;7,00;48,30
6003;база;4.53.101;7,00;48,30
6004;база;4.53.302;7,00;48,30
6005;база;4.13.101;7,00;48,30
6006;база;4.13.201;7,00;48,30
6007;база;4.13.202;7,00;48,30
6008;база;4.13.301;7,00;48,30
6009;база;4.13.302;7,00;48,30
6010;база;4.17.002;;
6011;база;4.17.001;7,00;48,30
6012;капитель;4.51.301;7,00;34,00
6013;капитель;4.15.101;7,00;40,00
6014;капитель;4.15.201;7,00;40,00
6015;капитель;4.15.301;7,00;40,00
6016;капитель;4.21.101;7,00;40,00
6017;капитель;4.21.201;7,00;40,00
6018;капитель;4.21.301;7,00;40,00
6019;капитель;4.41.101;7,00;34,00
6020;капитель;4.41.201;7,00;34,00
6021;капитель;4.41.301;7,00;34,00
6022;капитель;4.45.101;7,00;34,00
6023;капитель;4.45.201;7,00;34,00
6024;капитель;4.45.301;7,00;34,00
6025;капитель;4.51.101;7,00;34,00
6026;капитель;4.51.201;7,00;40,00
6027;капитель;4.11.101;7,00;40,00
6028;капитель;4.11.201;7,00;40,00
6029;капитель;4.11.301;7,00;40,00
6030;капитель;4.15.102;7,00;40,00
6031;регул;4.37.101;2,00;
6032;регул;4.07.101;2,00;
6033;мутул;4.05.102;2,50;
6034;мутул;4.35.102;2,50;
6035;мутул;4.35.101;2,50;
6036;мутул;4.05.101;2,50;
6037;модильон;4.08.301;2,50;
6038;модильон;4.08.302;2,50;
6039;модильон;4.38.301;2,50;
6040;модильон;4.38.302;2,50;
6041;триглиф;4.36.101;5,00;
6042;триглиф;4.06.101;5,00;
6043;ствол;4.52.102;7,00;103,00
6044;ствол;4.52.301;7,00;103,00
6045;ствол;4.16.101;7,00;103,00
6046;ствол;4.16.102;7,00;103,00
6047;ствол;4.16.201;7,00;103,00
6048;ствол;4.16.202;7,00;103,00
6049;ствол;4.16.301;7,00;103,00
6050;ствол;4.22.101;7,00;103,00
6051;ствол;4.22.102;7,00;103,00
6052;ствол;4.22.201;7,00;103,00
6053;ствол;4.22.202;7,00;103,00
6054;ствол;4.22.301;7,00;103,00
6055;ствол;4.22.302;7,00;103,00
6056;ствол;4.42.101;7,00;40,00
6057;ствол;4.42.201;7,00;40,00
6058;ствол;4.42.301;7,00;40,00
6059;ствол;4.46.101;7,00;103,00
6060;ствол;4.46.201;7,00;103,00
6061;ствол;4.46.301;7,00;103,00
6062;ствол;4.52.101;7,00;103,00
6063;ствол;4.52.201;7,00;103,00
6064;ствол;4.52.202;7,00;103,00
6065;ствол;4.52.302;7,00;103,00
6066;верхний фрагмент ствола;4.16.001;7,00;103,00
6067;фрагмент ствола;4.16.002;7,00;103,00
6068;ствол;4.12.301;7,00;40,00
6069;ствол;4.12.101;7,00;40,00
6070;ствол;4.12.102;7,00;40,00
6071;ствол;4.12.202;7,00;103,00
6072;ствол;4.12.201;7,00;40,00
6073;колонна;4.30.301;;
6074;колонна;4.30.201;;
6075;колонна;4.30.202;;
6076;колонна;4.30.101;;
6077;колонна;4.30.102;;
6078;колонна;4.30.104;;
6079;колонна;4.30.204;;
6080;колонна;4.30.304;;
6081;полуколонна;4.10.301;;
6082;полуколонна;4.10.201;;
6083;полуколонна;4.10.202;;
6084;полуколонна;4.10.101;;
6085;полуколонна;4.10.102;;
6086;полуколонна;4.10.104;;
6087;полуколонна;4.10.103;;
6088;полуколонна;4.10.204;;
6089;полуколонна;4.10.305;;
6090;пилястра;4.20.301;;
6091;пилястра;4.20.302;;
6092;пилястра;4.20.201;;
6093;пилястра;4.20.202;;
6094;пилястра;4.20.101;;
6095;пилястра;4.20.102;;
6096;пилястра;4.20.103;;
6097;пилястра;4.20.104;;
6098;пилястра;4.20.203;;
6099;пилястра;4.20.204;;
6100;пилястра;4.20.303;;
6101;пилястра;4.20.304;;
6102;пилястра;4.20.305;;
6103;пилястра;4.20.306;;
6104;клей монтажный 290 мл;k-em290;;
6105;клей универсальный 290 мл;k-eu290;;
6106;клей стыковочный 80 мл;k-es80;;
6107;клей стыковочный 290 мл;k-es290;;
6108;карниз;1.50.101;4,00;93,00
6109;карниз FLEX;1.50.101;4,00;93,00
6110;карниз FLEX;1.50.199;4,00;93,00
6111;карниз;1.50.199;4,00;93,00
6112;молдинг;1.51.353;4,00;93,00
6113;молдинг FLEX;1.51.353;4,00;93,00
6114;молдинг;1.51.356;4,00;93,00
6115;молдинг FLEX;1.51.356;4,00;93,00
6135;откос;4.88.001;;
6136;база;1.54.010;7,00;28,00
6168;элемент камина;1.64.004;7,00;97,40
6169;элемент камина;1.64.005;7,00;40,00
6170;элементы декоративного камина;1.64.100;;
6171;элемент камина;1.64.005;7,00;40,00
6172;карниз;1.50.108;4,00;93,00
6173;карниз;1.50.161;4,00;93,00
6174;карниз;1.50.179;4,00;93,00
6175;карниз;1.50.189;4,00;93,00
6176;карниз;1.50.207;4,00;93,00
6177;карниз;1.50.274;4,00;93,00
6178;карниз;1.50.275;4,00;93,00
6179;молдинг;1.51.346;4,00;93,00
6180;розетка;1.56.040;;17,00
6181;розетка;1.56.041;;15,00
6182;кронштейн;1.19.007;;25,00
6183;кронштейн;1.19.008;;25,00
6184;капитель;1.21.008;7,00;33,00
6185;ствол;1.22.050;7,00;97,40
6186;база;1.23.600;7,00;28,00
6187;пилястра;1.20.103;;
6188;карниз;4.91.001;5,30;116,60
6189;карниз;4.91.004;5,30;116,60
6194;карниз FLEX;1.50.208;4,00;103,00
6195;карниз FLEX;1.50.204;4,00;93,00
6196;карниз FLEX;1.50.189;4,00;93,00
6198;замковый камень;4.85.004;5,10;12,00
6199;замковый камень;4.85.005;5,10;12,00
6200;карниз;4.91.002;5,30;116,60
6201;наличник;4.84.005;5,10;102,80
6202;кронштейн-пьедестал;4.83.003;2,50;
6206;молдинг;1.51.359;4,00;75,20
6207;карниз FLEX;1.50.161;4,00;93,00
6208;молдинг FLEX;1.51.359;4,00;75,20
6211;наличник;4.84.004;5,10;102,80
6212;наличник;4.84.006;5,10;102,80
6213;карниз;4.91.003;5,30;116,60
6214;карниз;4.91.005;5,30;116,60
6215;фриз;4.33.302;5,30;116,60
6216;кронштейн-пьедестал;4.83.002;2,50;
6217;фрагмент ствола;4.16.002;7,00;103,00
6218;фрагмент ствола;4.16.002;7,00;103,00
6313;молдинг FLEX;1.51.346;4,00;93,00
6355;угловой элемент;1.52.322;4,00;18,10
6356;угловой элемент;1.52.348;4,00;24,00
6357;угловой элемент;1.52.286;4,00;24,00
6358;угловой элемент;1.52.287;4,00;24,00
6359;карниз FLEX;1.50.108;4,00;93,00
6360;карниз;1.50.213;4,00;93,00
6361;карниз FLEX;1.50.213;4,00;93,00
6362;карниз;1.50.279;4,00;93,00
6363;карниз;1.50.276;4,00;93,00
6364;карниз FLEX;1.50.276;4,00;93,00
6365;карниз;1.50.278;4,00;93,00
6366;карниз FLEX;1.50.278;4,00;93,00
6367;розетка;1.56.044;;17,00
6368;молдинг;1.51.360;4,00;93,00
6369;молдинг FLEX;1.51.360;4,00;93,00
6370;молдинг;1.51.363;4,00;93,00
6371;молдинг FLEX;1.51.363;4,00;93,00
6372;молдинг;1.51.362;4,00;93,00
6373;молдинг FLEX;1.51.362;4,00;93,00
6374;молдинг;1.51.370;4,00;93,00
6375;молдинг FLEX;1.51.370;4,00;93,00
6376;плинтус;1.53.110;4,00;93,00
6377;плинтус FLEX;1.53.110;4,00;93,00
6378;колонна;1.30.203;;
6379;колонна;1.30.103;;
6380;карниз FLEX;1.50.179;4,00;93,00
6381;карниз FLEX;1.50.207;4,00;93,00
6382;карниз FLEX;1.50.275;4,00;93,00
6385;ствол;4.16.003;7,00;48,30
6386;ствол;4.16.004;7,00;48,30
6387;ствол;4.16.005;7,00;48,30
6388;капитель;4.15.202;7,00;48,30
6389;капитель;4.15.302;7,00;48,30
6390;капитель;4.11.102;7,00;48,30
6391;капитель;4.11.202;7,00;48,30
6392;капитель;4.11.302;7,00;48,30
6393;база;4.13.001;7,00;48,30
6394;ствол;4.12.001;7,00;48,30
6395;ствол;4.12.002;7,00;48,30
6396;ствол;4.12.003;7,00;48,30
6397;ствол;4.12.004;7,00;48,30
6398;ствол;4.12.005;7,00;48,30
6423;карниз FLEX;1.50.271;4,50;103,00
6424;карниз FLEX;1.50.274;4,00;93,00
6429;клей стыковочный 60 мл;k-es60;;
6430;база;1.54.030;7,00;28,00
6431;квадрат;1.54.013;;50,00
6432;квадрат;1.54.013;;50,00
6433;база;1.54.030;7,00;28,00
6434;угловой элемент;1.52.285;4,00;18,10
6435;молдинг;1.51.367;4,00;93,00
6436;молдинг FLEX;1.51.367;4,00;93,00
6437;карниз;1.50.214;4,00;93,00
6438;карниз;1.50.280;4,00;93,00
6439;молдинг;1.51.368;4,00;93,00
6440;орнамент;1.60.025;;8,50
6441;орнамент;1.60.032;;8,50
6442;орнамент;1.60.020;;8,50
6443;орнамент;1.60.120;;8,50
6444;торцевой элемент;4.33.332;5,30;15,00
6445;торцевой элемент;4.31.232;5,30;30,10
6446;торцевой элемент;4.81.031;5,30;15,00
6447;торцевой элемент;4.81.032;5,30;30,10
6448;внешний угол;4.32.111;5,30;32,30
6449;внешний угол;4.32.312;5,30;32,30
6450;внешний угол;4.81.011;5,30;30,10
6451;внешний угол;4.81.012;5,30;30,10
6452;внутренний угол;4.31.222;5,30;21,10
6453;внутренний угол;4.32.221;5,10;18,40
6454;внутренний угол;4.81.021;5,10;18,40
6455;внутренний угол;4.81.022;5,10;18,40
6456;опорный блок;4.78.101;;
6457;полукрышка;4.73.211;;
6458;полукрышка пирамида;4.76.111;;
6459;полуоснование;4.74.111;10,00;95,00
6460;полупоручень;4.72.111;10,00;95,00
6461;полустолб;4.75.111;;75,00
6462;полустолб;4.75.211;;75,00
6463;торцевой элемент;4.02.331;5,00;32,00
6464;торцевой элемент;4.03.131;5,30;15,00
6465;торцевой элемент;4.03.132;5,00;15,00
6466;торцевой элемент;4.03.332;5,00;15,00
6467;полубалясина;4.71.111;8,00;
6468;полубалясина;4.71.211;8,00;
6469;торцевой элемент;4.33.331;5,30;15,00
6470;торцевой элемент;4.34.131;5,10;30,10
6471;торцевой элемент;4.34.231;5,10;30,10
6472;внутренний угол;4.32.322;5,30;21,10
6473;торцевой элемент;4.32.331;5,30;30,10
6474;торцевой элемент;4.32.332;5,30;30,10
6475;торцевой элемент;4.33.132;5,30;15,00
6476;торцевой элемент;4.33.232;5,30;15,00
6477;торцевой элемент;4.04.331;5,30;15,00
6478;внешний угол;4.01.111;5,30;32,30
6479;внешний угол;4.01.113;5,30;32,30
6480;внешний угол;4.01.211;5,30;32,30
6481;внешний угол;4.01.212;5,30;32,30
6482;внешний угол;4.01.311;5,30;32,30
6483;внешний угол;4.02.111;5,30;32,30
6484;внешний угол;4.02.211;5,30;32,30
6485;внешний угол;4.02.311;5,00;32,30
6486;внутренний угол;4.01.121;5,30;21,10
6487;внутренний угол;4.01.123;5,30;21,10
6488;внутренний угол;4.01.221;5,30;21,10
6489;внутренний угол;4.01.222;5,30;21,10
6490;внутренний угол;4.01.321;5,30;21,10
6491;внутренний угол;4.01.322;5,30;21,10
6492;внутренний угол;4.02.121;5,30;21,10
6493;плинтус столба;4.79.101;5,00;116.6
6497;МОНТАЖНЫЙ КОМПЛЕКТ 101;m_comp_b101;;
6498;карниз;1.50.284;4,00;93,00
6499;карниз FLEX;1.50.284;4,00;93,00
6500;карниз;1.50.283;4,00;93,00
6501;МОНТАЖНЫЙ КОМПЛЕКТ 201;m_comp_b201;;
6502;внешний угол;4.32.212;5,30;30,10
6503;внешний угол;4.32.121;5,30;21,10
6504;торцевой элемент;4.32.131;5,30;30,10
6505;балюстрада;4.70.101;;
6506;балюстрада;4.70.102;;
6507;балюстрада;4.70.103;;
6508;балюстрада;4.70.111;;
6509;балюстрада;4.70.112;;
6510;балюстрада;4.70.201;;
6511;балюстрада;4.70.202;;
6512;балюстрада;4.70.203;;
6513;балюстрада;4.70.211;;
6514;балюстрада;4.70.212;;
6515;полукрышка;4.73.111;4,00;
6516;полупоручень;4.72.211;10,00;95,00
6517;полуоснование;4.74.211;10,00;95,00
6518;полукрышка пирамида;4.76.211;4,00;
6519;ниша;0-1.61.102-1.61.120;;
6520;ниша;0-1.61.101-1.61.110;;
6538;орнамент;1.60.026;;8,05
6539;орнамент;1.60.029;;8,05
6540;карниз;1.50.281;4,5;103
6541;молдинг;1.51.374;4,00;93,00
6542;молдинг FLEX;1.51.374;4,00;93,00
6544;внешний угол;4.32.311;5.3;32.3
6545;внутренний угол;4.32.321;5.3;32.3
6546;торцевой элемент;4.32.231;5.1;32.3
6547;орнамент;1.60.021;;25
6548;орнамент;1.60.022;;25
6549;орнамент;1.60.024;;10
6550;орнамент;1.60.027;;10
6551;орнамент;1.60.028;;10
6552;кронштейн;1.19.010;;25,00
6553;карниз;1.50.285;4,00;93,00
6554;карниз;1.50.286;4,00;93,00
6555;карниз;1.50.282;4,00;93,00
6564;карниз FLEX;1.50.286;4;93
6565;карниз;1.50.288;4,00;93,00
6566;молдинг;1.51.375;4,00;93,00
6581;карниз FLEX;1.50.288;4;93
6582;карниз FLEX;1.50.280;4;93
6583;орнамент;1.60.034;;25
6584;молдинг;1.51.373;4,00;93,00
6585;орнамент;1.60.033;;25
6586;орнамент;1.60.030;;25
6587;карниз;1.50.277;4,5;103
6588;розетка;1.56.008;;17,00
6589;орнамент;1.60.031;;25
6590;орнамент;1.60.123;;25
6591;орнамент;1.60.023;;25
6592;полуколонна;4.10.205;;
6593;полуколонна;4.10.206;;
6594;ствол;4.16.004;7,00;48,30
6595;ствол;4.16.004;7,00;48,30
6596;полуколонна;4.10.307;;
6597;полуколонна;4.10.306;;
6598;база;4.13.002;7,00;48,30
6599;ствол;4.12.002;7,00;48,30
6600;ствол;4.12.002;7,00;48,30
6601;ствол;4.12.004;7,00;48,30
6602;ствол;4.12.004;7,00;48,30
6603;колонна;4.30.205;;
6604;колонна;4.30.306;;
6605;колонна;4.30.206;;
6606;колонна;4.30.307;;
6611;карниз FLEX;1.50.273;5,3;117
6612;молдинг FLEX;1.51.375;4,00;93,00
6613;внешний угол;4.01.312;5,3;32
6614;сандрик;4.89.001;5,1;103
6615;орнамент;4.99.001;4;18
6616;орнамент;4.99.002;4;18
6617;внутренний угол;4.02.221;5,30;21
6618;внутренний угол;4.02.321;5,30;21
6619;торцевой элемент;4.34.332;5.1;30
6620;торцевой элемент;4.34.232;5.1;30
6621;торцевой элемент;4.01.131;5.1;30
6622;торцевой элемент;4.34.132;5.1;30
6623;торцевой элемент;4.32.232;5.1;30
6624;торцевой элемент;4.01.133;5.1;30
6625;торцевой элемент;4.01.231;5.1;30
6626;внутренний угол;4.32.222;5,1;30
6627;торцевой элемент;4.01.232;5.1;30
6628;внешний угол;4.32.211;5,1;30
6629;торцевой элемент;4.01.331;5.1;30
6630;торцевой элемент;4.34.331;5.1;30
6631;торцевой элемент;4.01.332;5.1;30
6632;торцевой элемент;4.33.231;5.1;30
6633;торцевой элемент;4.33.131;5.1;30
6634;торцевой элемент;4.31.332;5.1;30
6635;торцевой элемент;4.31.331;5.1;30
6636;торцевой элемент;4.31.231;5.1;30
6637;торцевой элемент;4.02.131;5.1;30
6638;торцевой элемент;4.31.131;5.1;30
6639;торцевой элемент;4.02.231;5.1;30
6640;внутренний угол;4.31.322;5,3;21
6641;торцевой элемент;4.03.132;5;15
6642;внутренний угол;4.31.321;5,3;21
6643;торцевой элемент;4.03.231;5.1;30
6644;внутренний угол;4.31.221;5,3;21
6645;внутренний угол;4.31.121;5,3;21
6646;торцевой элемент;4.03.232;5.1;30
6647;торцевой элемент;4.03.331;5.1;30
6648;внешний угол;4.31.312;5,3;32
6649;торцевой элемент;4.04.131;5.1;30
6650;внешний угол;4.31.311;5,3;32
6651;торцевой элемент;4.04.132;5.1;30
6652;внешний угол;4.31.212;5,3;32
6653;торцевой элемент;4.04.231;5.1;30
6654;внешний угол;4.31.211;5,3;32
6655;торцевой элемент;4.04.232;5.1;30
6656;внешний угол;4.31.111;5,3;32
6657;торцевой элемент;4.04.332;5.1;30
6658;торцевой элемент;4.82.031;5.1;30
6659;арочное обрамление FLEX;4.87.031;7,0;50
6660;арочное обрамление FLEX;4.87.032;7,0;50
6661;арочное обрамление FLEX;4.87.033;7,0;50
6662;карниз FLEX;1.50.281;5,3;117
6663;карниз FLEX;1.50.282;4,0;93
6664;молдинг FLEX;1.51.368;4,00;93,00
6665;молдинг;1.51.364;4,00;93,00
6666;элемент камина;1.64.001;4,0;97
6667;элемент камина;1.64.002;7,00;40,00
6668;элемент камина;1.64.003;7,00;40,00
6669;элементы декоративного камина;1.64.101;;
6670;карниз FLEX;1.50.277;4,0;93
6671;молдинг FLEX;1.51.373;4,00;93,00
6672;розетка;1.56.050;;17,00
6674;архитрав FLEX;1.26.001;5,3;117
6675;архитрав FLEX;1.26.002;5,3;117
6676;архитрав FLEX;1.26.003;5,3;117
6683;розетка;1.56.047;;17,00
6684;кронштейн;1.19.011;;25,00
6687;молдинг;1.51.307;4,00;93,00
6707;молдинг;1.51.369;4,00;93,00
6708;молдинг;1.51.376;4,00;93,00
6709;розетка;1.56.045;;15
6710;угловой элемент;1.52.352;4,00;24
6711;кронштейн;1.19.009;;25,00
6736;орнамент;1.60.037;;18
6737;орнамент;1.60.038;;18
6738;орнамент;1.60.039;;18
6739;орнамент;1.60.040;;18
6740;наличник;1.54.014;5,1;103
6741;розетка;1.56.043;;19
6742;розетка;1.56.048;;17
6743;розетка;1.56.049;;17
6744;розетка;1.56.051;;17
6749;карниз;1.50.290;4,00;93,00
6750;угловой элемент;1.52.375;4,00;24,00
6751;кронштейн;1.19.013;;25,00
6755;молдинг;1.51.338;4,00;93,00
6756;угловой элемент;1.52.376;4,00;24,00
6757;орнамент;1.60.035;;18
6758;орнамент;1.60.135;;18
6761;угловой элемент;1.52.283;4,00;24,00
6762;угловой элемент;1.52.284;4,00;24,00
6763;кронштейн;1.19.012;;25,00
6764;розетка;1.56.046;;17
6765;карниз;1.50.225;4,00;93,00
6766;карниз;1.50.226;4,00;93,00
6767;орнамент;1.60.036;;25
6768;карниз;1.50.289;4,00;93,00
