IE_XML_ID;IE_NAME;IP_PROP144;IP_PROP151;IP_PROP152;IP_PROP153;IP_PROP142;IP_PROP143;IP_PROP145;IP_PROP150;IP_PROP154;IP_PROP155;IP_PROP156;IP_PROP157;IP_PROP162;IP_PROP149;IP_PROP146;IP_PROP147;IP_PROP148;CV_PRICE_1
4774;карниз 1.50.114;2000;;;;1.50.114;32;65;;;;;Нет;;;;;;1252.00
4775;карниз 1.50.115;2000;;;;1.50.115;46;49;;;;;Нет;;;;;;1011.00
4776;карниз 1.50.116;2000;;;;1.50.116;99;100;;;;;Нет;;;;;;2553.00
4777;карниз 1.50.117;2000;;;;1.50.117;104;154;;;;;Нет;;;;;;2238.00
4778;карниз 1.50.118;2000;;;;1.50.118;131;130;;;;;Нет;;;;;;2833.00
4779;карниз 1.50.119;2000;;;;1.50.119;56;113;;;;;Нет;;;;;;1391.00
4780;карниз 1.50.120;2000;;;;1.50.120;112;142;;;;;Нет;;;;;;2829.00
4781;карниз 1.50.121;2000;;;;1.50.121;50;101;;;;;Нет;;;;;;1364.00
4782;карниз 1.50.122;2000;;;;1.50.122;40;50;;;;;Нет;;;;;;897.00
4783;карниз 1.50.100;2000;;;;1.50.100;55;64;;;;;Нет;;;;;;1091.00
4784;карниз 1.50.102;2000;;;;1.50.102;76;69;;;;;Нет;;;;;;998.00
4785;карниз 1.50.103;2000;;;;1.50.103;50;50;;;;;Нет;;;;;;1007.00
4786;карниз 1.50.104;2000;;;;1.50.104;73;116;;;;;Нет;;;;;;2483.00
4787;карниз 1.50.105;2000;;;;1.50.105;63;60;;;;;Нет;;;;;;1224.00
4788;карниз 1.50.106;2000;;;;1.50.106;90;71;;;;;Нет;;;;;;1322.00
4789;карниз 1.50.107;2000;;;;1.50.107;107;148;;;;;Нет;;;;;;2610.00
4790;карниз 1.50.109;2000;;;;1.50.109;190;78;;;;;Нет;;;;;;2833.00
4791;карниз 1.50.110;2000;;;;1.50.110;189;169;;;;;Нет;;;;;;3207.00
4792;карниз 1.50.111;2000;;;;1.50.111;118;112;;;;;Нет;;;;;;2625.00
4793;карниз 1.50.112;2000;;;;1.50.112;39;74;;;;;Нет;;;;;;1302.00
4794;карниз 1.50.113;2000;;;;1.50.113;80;83;;;;;Нет;;;;;;1242.00
4795;карниз 1.50.123;2000;;;;1.50.123;30;30;;;;;Нет;;;;;;929.00
4796;карниз 1.50.124;2000;;;;1.50.124;55;115;;;;;Нет;;;;;;2318.00
4797;карниз 1.50.125;2000;;;;1.50.125;85;90;;;;;Нет;;;;;;1945.00
4798;карниз 1.50.126;2000;;;;1.50.126;90;93;;;;;Нет;;;;;;1363.00
4799;карниз 1.50.127;2000;;;;1.50.127;46;89;;;;;Нет;;;;;;1322.00
4800;карниз 1.50.128;2000;;;;1.50.128;66;144;;;;;Нет;;;;;;2254.00
4801;карниз 1.50.129;2000;;;;1.50.129;74;85;;;;;Нет;;;;;;1334.00
4802;карниз 1.50.130;2000;;;;1.50.130;30;32;;;;;Нет;;;;;;935.00
4803;карниз 1.50.131;2000;;;;1.50.131;136;63;;;;;Нет;;;;;;2096.00
4804;карниз 1.50.132;2000;;;;1.50.132;117;218;;;;;Нет;;;;;;2520.00
4805;карниз 1.50.133;2000;;;;1.50.133;115;120;;;;;Нет;;;;;;1832.00
4806;карниз 1.50.134;2000;;;;1.50.134;193;150;;;;;Нет;;;;;;3280.00
4807;карниз 1.50.135;2000;;;;1.50.135;159;40;;;;;Нет;;;;;;2365.00
4808;карниз 1.50.136;2000;;;;1.50.136;61;165;;;;;Нет;;;;;;2651.00
4809;карниз 1.50.137;2000;;;;1.50.137;185;190;;;;;Нет;;;;;;3471.00
4810;карниз 1.50.138;2000;;;;1.50.138;151;165;;;;;Нет;;;;;;2908.00
4811;карниз 1.50.139;2000;;;;1.50.139;99;100;;;;;Нет;;;;;;2226.00
4812;карниз 1.50.140;2000;;;;1.50.140;56;56;;;;;Нет;;;;;;1299.00
4813;карниз 1.50.141;2000;;;;1.50.141;68;72;;;;;Нет;;;;;;1299.00
4814;карниз 1.50.142;2000;;;;1.50.142;195;45;;;;;Нет;;;;;;2908.00
4815;карниз 1.50.143;2000;;;;1.50.143;69;73;;;;;Нет;;;;;;1252.00
4816;карниз 1.50.144;2000;;;;1.50.144;82;81;;;;;Нет;;;;;;1391.00
4817;карниз 1.50.145;2000;;;;1.50.145;262;92;;;;;Нет;;;;;;3692.00
4818;карниз 1.50.146;2000;;;;1.50.146;76;149;;;;;Нет;;;;;;2352.00
4819;карниз 1.50.147;2000;;;;1.50.147;125;173;;;;;Нет;;;;;;2908.00
4820;карниз 1.50.148;2000;;;;1.50.148;120;117;;;;;Нет;;;;;;2475.00
4822;карниз 1.50.150;2000;;;;1.50.150;40;41;;;;;Нет;;;;;;955.00
4823;карниз 1.50.151;2000;;;;1.50.151;144;171;;;;;Нет;;;;;;3748.00
4824;карниз 1.50.152;2000;;;;1.50.152;155;172;;;;;Нет;;;;;;3748.00
4825;карниз 1.50.153;2000;;;;1.50.153;159;170;;;;;Нет;;;;;;3748.00
4826;карниз 1.50.154;2000;;;;1.50.154;23;23;;;;;Нет;;;;;;871.00
4827;карниз 1.50.155;2000;;;;1.50.155;16;25;;;;;Нет;;;;;;864.00
4828;карниз 1.50.156;2000;;;;1.50.156;30;30;;;;;Нет;;;;;;958.00
4829;карниз 1.50.157;2000;;;;1.50.157;31;33;;;;;Нет;;;;;;891.00
4830;карниз 1.50.158;2000;;;;1.50.158;34;33;;;;;Нет;;;;;;901.00
4831;карниз 1.50.159;2000;;;;1.50.159;28;44;;;;;Нет;;;;;;926.00
4832;карниз 1.50.160;2000;;;;1.50.160;70;50;;;;;Нет;;;;;;1224.00
4833;карниз 1.50.162;2000;;;;1.50.162;60;85;;;;;Нет;;;;;;1252.00
4834;карниз 1.50.163;2000;;;;1.50.163;65;151;;;;;Нет;;;;;;2441.00
4835;карниз 1.50.164;2000;;;;1.50.164;126;126;;;;;Нет;;;;;;2685.00
4836;карниз 1.50.165;2000;;;;1.50.165;80;82;;;;;Нет;;;;;;1277.00
4837;карниз 1.50.166;2000;;;;1.50.166;87;142;;;;;Нет;;;;;;2588.00
4838;карниз 1.50.167;2000;;;;1.50.167;120;119;;;;;Нет;;;;;;2625.00
4839;карниз 1.50.168;2000;;;;1.50.168;120;119;;;;;Нет;;;;;;2625.00
4840;карниз 1.50.169;2000;;;;1.50.169;96;99;;;;;Нет;;;;;;2475.00
4841;карниз 1.50.170;2000;;;;1.50.170;113;79;;;;;Нет;;;;;;1391.00
4842;карниз 1.50.171;2000;;;;1.50.171;30;45;;;;;Нет;;;;;;919.00
4843;карниз 1.50.172;2000;;;;1.50.172;48;47;;;;;Нет;;;;;;954.00
4844;карниз 1.50.173;2000;;;;1.50.173;40;55;;;;;Нет;;;;;;958.00
4845;карниз 1.50.174;2000;;;;1.50.174;36;62;;;;;Нет;;;;;;973.00
4846;карниз 1.50.175;2000;;;;1.50.175;117;135;;;;;Нет;;;;;;2610.00
4847;карниз 1.50.176;2000;;;;1.50.176;68;131;;;;;Нет;;;;;;2365.00
4848;карниз 1.50.177;2000;;;;1.50.177;56;119;;;;;Нет;;;;;;1424.00
4849;карниз 1.50.180;2000;;;;1.50.180;91;121;;;;;Нет;;;;;;2422.00
4850;карниз 1.50.181;2000;;;;1.50.181;39;75;;;;;Нет;;;;;;1364.00
4851;карниз 1.50.182;2000;;;;1.50.182;41;69;;;;;Нет;;;;;;1344.00
4852;карниз 1.50.183;2000;;;;1.50.183;84;96;;;;;Нет;;;;;;1459.00
4853;карниз 1.50.184;2000;;;;1.50.184;73;73;;;;;Нет;;;;;;1459.00
4854;карниз 1.50.185;2000;;;;1.50.185;98;115;;;;;Нет;;;;;;2553.00
4855;карниз 1.50.186;2000;;;;1.50.186;55;82;;;;;Нет;;;;;;1459.00
4856;карниз 1.50.187;2000;;;;1.50.187;50;52;;;;;Нет;;;;;;1295.00
4857;карниз 1.50.188;2000;;;;1.50.188;50;53;;;;;Нет;;;;;;1295.00
4858;карниз 1.50.190;2000;;;;1.50.190;25;40;;;;;Нет;;;;;;971.00
4859;карниз 1.50.191;2000;;;;1.50.191;25;40;;;;;Нет;;;;;;953.00
4860;карниз 1.50.192;2000;;;;1.50.192;40;70;;;;;Нет;;;;;;1321.00
4861;карниз 1.50.193;2000;;;;1.50.193;57;90;;;;;Нет;;;;;;1361.00
4862;карниз 1.50.194;2000;;;;1.50.194;50;50;;;;;Нет;;;;;;1252.00
4863;карниз 1.50.195;2000;;;;1.50.195;53;53;;;;;Нет;;;;;;1364.00
4864;карниз 1.50.196;2000;;;;1.50.196;53;70;;;;;Нет;;;;;;1321.00
4865;карниз 1.50.197;2000;;;;1.50.197;73;77;;;;;Нет;;;;;;1459.00
4866;карниз 1.50.198;2000;;;;1.50.198;92;87;;;;;Нет;;;;;;1430.00
4867;карниз 1.50.200;2000;;;;1.50.200;55;55;;;;;Нет;;;;;;1295.00
4868;карниз 1.50.201;2000;;;;1.50.201;130;171;;;;;Нет;;;;;;3225.00
4870;карниз 1.50.203;2000;;;;1.50.203;128;116;;;;;Нет;;;;;;2566.00
4871;карниз 1.50.204;2000;;;;1.50.204;40;36;;;;;Нет;;;;;;1252.00
4872;карниз 1.50.208;2000;;;;1.50.208;71;71;;;;;Нет;;;;;;1391.00
4873;карниз 1.50.209;2000;;;;1.50.209;117;152;;;;;Нет;;;;;;3020.00
4874;карниз 1.50.210;2000;;;;1.50.210;121;156;;;;;Нет;;;;;;3156.00
4875;карниз 1.50.211;2000;;;;1.50.211;176;72;;;;;Нет;;;;;;3234.00
4876;карниз 1.50.212;2000;;;;1.50.212;169;74;;;;;Нет;;;;;;3234.00
4877;карниз 1.50.220;2000;;;;1.50.220;122;127;;;;;Нет;;;;;;2801.00
4878;карниз 1.50.221;2000;;;;1.50.221;143;150;;;;;Нет;;;;;;3279.00
4879;карниз 1.50.222;2000;;;;1.50.222;164;166;;;;;Нет;;;;;;3616.00
4880;карниз 1.50.250;2000;;;;1.50.250;72;164;;;;;Нет;;;;;;2365.00
4881;карниз 1.50.251;2000;;;;1.50.251;55;70;;;;;Нет;;;;;;917.00
4882;карниз 1.50.252;2000;;;;1.50.252;120;119;;;;;Нет;;;;;;2760.00
4883;карниз 1.50.253;2000;;;;1.50.253;64;109;;;;;Нет;;;;;;1364.00
4884;карниз 1.50.254;2000;;;;1.50.254;93;130;;;;;Нет;;;;;;2062.00
4885;карниз 1.50.255;2000;;;;1.50.255;81;127;;;;;Нет;;;;;;2318.00
4886;карниз 1.50.256;2000;;;;1.50.256;133;173;;;;;Нет;;;;;;2663.00
4887;карниз 1.50.257;2000;;;;1.50.257;39;39;;;;;Нет;;;;;;952.00
4888;карниз 1.50.258;2000;;;;1.50.258;25;27;;;;;Нет;;;;;;876.00
4889;карниз 1.50.259;2000;;;;1.50.259;37;81;;;;;Нет;;;;;;1252.00
4890;карниз 1.50.260;2000;;;;1.50.260;133;166;;;;;Нет;;;;;;3232.00
4891;карниз 1.50.261;2000;;;;1.50.261;103;100;;;;;Нет;;;;;;1837.00
4892;карниз 1.50.262;2000;;;;1.50.262;50;120;;;;;Нет;;;;;;2689.00
4893;карниз 1.50.264;2000;;;;1.50.264;170;170;;;;;Нет;;;;;;3295.00
4894;карниз 1.50.265;2000;;;;1.50.265;21;114;;;;;Нет;;;;;;1391.00
4895;карниз 1.50.266;2000;;;;1.50.266;75;21;;;;;Нет;;;;;;1252.00
4896;карниз 1.50.267;2000;;;;1.50.267;171;32;;;;;Нет;;;;;;2700.00
4897;карниз 1.50.268;2000;;;;1.50.268;170;32;;;;;Нет;;;;;;2777.00
4898;карниз 1.50.269;2000;;;;1.50.269;220;47;;;;;Нет;;;;;;2927.00
4899;карниз 1.50.270;2000;;;;1.50.270;220;46;;;;;Нет;;;;;;3149.00
4900;карниз 1.50.271;2000;;;;1.50.271;165;226;;;;;Нет;;;;;;4032.00
4901;карниз 1.50.273;2000;;;;1.50.273;130;198;;;;;Нет;;;;;;3369.00
4902;карниз 1.50.114 гибкий;2000;;;;1.50.114;32;65;;;;;Да;;;1500;1000;;2503.00
4903;карниз 1.50.115 гибкий;2000;;;;1.50.115;46;49;;;;;Да;;;2500;2000;;2022.00
4904;карниз 1.50.116 гибкий;2000;;;;1.50.116;99;100;;;;;Да;;;4000;3000;;5106.00
4905;карниз 1.50.117 гибкий;2000;;;;1.50.117;104;154;;;;;Да;;;3000;2500;;4476.00
4906;карниз 1.50.118 гибкий;2000;;;;1.50.118;131;130;;;;;Да;;;3500;2500;;5665.00
4907;карниз 1.50.119 гибкий;2000;;;;1.50.119;56;113;;;;;Да;;;2500;2000;;2781.00
4908;карниз 1.50.120 гибкий;2000;;;;1.50.120;112;142;;;;;Да;;;4500;4000;;5658.00
4909;карниз 1.50.121 гибкий;2000;;;;1.50.121;50;101;;;;;Да;;;1000;1000;;2728.00
4910;карниз 1.50.122 гибкий;2000;;;;1.50.122;40;50;;;;;Да;;;1500;1000;;1794.00
4911;карниз 1.50.100 гибкий;2000;;;;1.50.100;55;64;;;;;Да;;;3000;2500;;2182.00
4912;карниз 1.50.102 гибкий;2000;;;;1.50.102;76;69;;;;;Да;;;3500;3500;;1995.00
4913;карниз 1.50.103 гибкий;2000;;;;1.50.103;50;50;;;;;Да;;;1500;1000;;2012.00
4914;карниз 1.50.104 гибкий;2000;;;;1.50.104;73;116;;;;;Да;;;2500;1500;;4965.00
4915;карниз 1.50.105 гибкий;2000;;;;1.50.105;63;60;;;;;Да;;;2000;1500;;2448.00
4916;карниз 1.50.106 гибкий;2000;;;;1.50.106;90;71;;;;;Да;;;3000;2500;;2642.00
4917;карниз 1.50.107 гибкий;2000;;;;1.50.107;107;148;;;;;Да;;;4500;4000;;5218.00
4918;карниз 1.50.109 гибкий;2000;;;;1.50.109;190;78;;;;;Да;;;5000;4500;;5665.00
4919;карниз 1.50.110 гибкий;2000;;;;1.50.110;189;169;;;;;Да;;;4500;4000;;6412.00
4920;карниз 1.50.111 гибкий;2000;;;;1.50.111;118;112;;;;;Да;;;3500;2500;;5248.00
4921;карниз 1.50.112 гибкий;2000;;;;1.50.112;39;74;;;;;Да;;;1500;1000;;2604.00
4922;карниз 1.50.113 гибкий;2000;;;;1.50.113;80;83;;;;;Да;;;4000;3000;;2484.00
4923;карниз 1.50.123 гибкий;2000;;;;1.50.123;30;30;;;;;Да;;;1000;550;;1855.00
4924;карниз 1.50.124 гибкий;2000;;;;1.50.124;55;115;;;;;Да;;;1500;1500;;4636.00
4925;карниз 1.50.125 гибкий;2000;;;;1.50.125;85;90;;;;;Да;;;2500;2000;;3890.00
4926;карниз 1.50.126 гибкий;2000;;;;1.50.126;90;93;;;;;Да;;;2500;1500;;2726.00
4927;карниз 1.50.127 гибкий;2000;;;;1.50.127;46;89;;;;;Да;;;2000;1500;;2642.00
4928;карниз 1.50.128 гибкий;2000;;;;1.50.128;66;144;;;;;Да;;;1500;2000;;4508.00
4929;карниз 1.50.129 гибкий;2000;;;;1.50.129;74;85;;;;;Да;;;2500;1500;;2667.00
4930;карниз 1.50.130 гибкий;2000;;;;1.50.130;30;32;;;;;Да;;;1000;550;;1870.00
4931;карниз 1.50.131 гибкий;2000;;;;1.50.131;136;63;;;;;Да;;;3000;2500;;4192.00
4932;карниз 1.50.132 гибкий;2000;;;;1.50.132;117;218;;;;;Да;;;2500;3000;;5040.00
4933;карниз 1.50.133 гибкий;2000;;;;1.50.133;115;120;;;;;Да;;;3500;2500;;3664.00
4934;карниз 1.50.134 гибкий;2000;;;;1.50.134;193;150;;;;;Да;;;4500;4000;;6559.00
4935;карниз 1.50.135 гибкий;2000;;;;1.50.135;159;40;;;;;Да;;;3500;3500;;4729.00
4936;карниз 1.50.136 гибкий;2000;;;;1.50.136;61;165;;;;;Да;;;3500;3000;;5301.00
4937;карниз 1.50.137 гибкий;2000;;;;1.50.137;185;190;;;;;Да;;;4500;4000;;6941.00
4938;карниз 1.50.138 гибкий;2000;;;;1.50.138;151;165;;;;;Да;;;4000;3500;;5815.00
4939;карниз 1.50.139 гибкий;2000;;;;1.50.139;99;100;;;;;Да;;;2500;2000;;4451.00
4940;карниз 1.50.140 гибкий;2000;;;;1.50.140;56;56;;;;;Да;;;2000;1500;;2597.00
4941;карниз 1.50.141 гибкий;2000;;;;1.50.141;68;72;;;;;Да;;;2000;1500;;2597.00
4942;карниз 1.50.142 гибкий;2000;;;;1.50.142;195;45;;;;;Да;;;>5000;;;5815.00
4943;карниз 1.50.143 гибкий;2000;;;;1.50.143;69;73;;;;;Да;;;>5000;;;2503.00
4944;карниз 1.50.144 гибкий;2000;;;;1.50.144;82;81;;;;;Да;;;2500;1500;;2781.00
4945;карниз 1.50.145 гибкий;2000;;;;1.50.145;262;92;;;;;Да;;;>5000;;;7383.00
4946;карниз 1.50.146 гибкий;2000;;;;1.50.146;76;149;;;;;Да;;;>5000;;;4704.00
4947;карниз 1.50.147 гибкий;2000;;;;1.50.147;125;173;;;;;Да;;;4500;4500;;5815.00
4948;карниз 1.50.148 гибкий;2000;;;;1.50.148;120;117;;;;;Да;;;3500;3000;;4950.00
4950;карниз 1.50.150 гибкий;2000;;;;1.50.150;40;41;;;;;Да;;;1500;1000;;1908.00
4951;карниз 1.50.151 гибкий;2000;;;;1.50.151;144;171;;;;;Да;;;3500;3500;;7495.00
4952;карниз 1.50.152 гибкий;2000;;;;1.50.152;155;172;;;;;Да;;;3500;3500;;7495.00
4953;карниз 1.50.153 гибкий;2000;;;;1.50.153;159;170;;;;;Да;;;3000;2500;;7495.00
4954;карниз 1.50.154 гибкий;2000;;;;1.50.154;23;23;;;;;Да;;;1000;550;;1742.00
4955;карниз 1.50.155 гибкий;2000;;;;1.50.155;16;25;;;;;Да;;;1000;1000;;1727.00
4956;карниз 1.50.156 гибкий;2000;;;;1.50.156;30;30;;;;;Да;;;1000;1000;;1916.00
4957;карниз 1.50.157 гибкий;2000;;;;1.50.157;31;33;;;;;Да;;;1000;550;;1780.00
4958;карниз 1.50.158 гибкий;2000;;;;1.50.158;34;33;;;;;Да;;;1000;550;;1800.00
4959;карниз 1.50.159 гибкий;2000;;;;1.50.159;28;44;;;;;Да;;;1000;550;;1851.00
4960;карниз 1.50.160 гибкий;2000;;;;1.50.160;70;50;;;;;Да;;;2000;1500;;2448.00
4961;карниз 1.50.162 гибкий;2000;;;;1.50.162;60;85;;;;;Да;;;2000;1500;;2503.00
4962;карниз 1.50.163 гибкий;2000;;;;1.50.163;65;151;;;;;Да;;;2000;2000;;4881.00
4963;карниз 1.50.164 гибкий;2000;;;;1.50.164;126;126;;;;;Да;;;3500;3000;;5368.00
4964;карниз 1.50.165 гибкий;2000;;;;1.50.165;80;82;;;;;Да;;;2500;2000;;2553.00
4965;карниз 1.50.166 гибкий;2000;;;;1.50.166;87;142;;;;;Да;;;2500;2500;;5174.00
4966;карниз 1.50.168 гибкий;2000;;;;1.50.168;120;119;;;;;Да;;;3000;3000;;5248.00
4967;карниз 1.50.169 гибкий;2000;;;;1.50.169;96;99;;;;;Да;;;2500;2000;;4950.00
4968;карниз 1.50.170 гибкий;2000;;;;1.50.170;113;79;;;;;Да;;;2500;2000;;2781.00
4969;карниз 1.50.171 гибкий;2000;;;;1.50.171;30;45;;;;;Да;;;1000;550;;1838.00
4970;карниз 1.50.172 гибкий;2000;;;;1.50.172;48;47;;;;;Да;;;1500;1000;;1906.00
4971;карниз 1.50.173 гибкий;2000;;;;1.50.173;40;55;;;;;Да;;;1500;1000;;1916.00
4972;карниз 1.50.174 гибкий;2000;;;;1.50.174;36;62;;;;;Да;;;1500;1000;;1946.00
4973;карниз 1.50.175 гибкий;2000;;;;1.50.175;117;135;;;;;Да;;;2500;2000;;5218.00
4974;карниз 1.50.176 гибкий;2000;;;;1.50.176;68;131;;;;;Да;;;1500;2000;;4729.00
4975;карниз 1.50.177 гибкий;2000;;;;1.50.177;56;119;;;;;Да;;;1500;1500;;2847.00
4976;карниз 1.50.180 гибкий;2000;;;;1.50.180;91;121;;;;;Да;;;2500;2000;;4843.00
4977;карниз 1.50.181 гибкий;2000;;;;1.50.181;39;75;;;;;Да;;;1500;1000;;2728.00
4978;карниз 1.50.182 гибкий;2000;;;;1.50.182;41;69;;;;;Да;;;1500;1000;;2686.00
4979;карниз 1.50.183 гибкий;2000;;;;1.50.183;84;96;;;;;Да;;;2000;1500;;2916.00
4980;карниз 1.50.184 гибкий;2000;;;;1.50.184;73;73;;;;;Да;;;2000;1500;;2916.00
4981;карниз 1.50.185 гибкий;2000;;;;1.50.185;98;115;;;;;Да;;;2000;1500;;5106.00
4982;карниз 1.50.186 гибкий;2000;;;;1.50.186;55;82;;;;;Да;;;1500;1000;;2916.00
4983;карниз 1.50.187 гибкий;2000;;;;1.50.187;50;52;;;;;Да;;;1500;1000;;2589.00
4984;карниз 1.50.188 гибкий;2000;;;;1.50.188;50;53;;;;;Да;;;1500;1000;;2589.00
4985;карниз 1.50.190 гибкий;2000;;;;1.50.190;25;40;;;;;Да;;;1000;550;;1942.00
4986;карниз 1.50.191 гибкий;2000;;;;1.50.191;25;40;;;;;Да;;;1000;550;;1904.00
4987;карниз 1.50.192 гибкий;2000;;;;1.50.192;40;70;;;;;Да;;;1500;1000;;2640.00
4988;карниз 1.50.193 гибкий;2000;;;;1.50.193;57;90;;;;;Да;;;1500;1000;;2720.00
4989;карниз 1.50.194 гибкий;2000;;;;1.50.194;50;50;;;;;Да;;;1500;1000;;2503.00
4990;карниз 1.50.195 гибкий;2000;;;;1.50.195;53;53;;;;;Да;;;1500;1000;;2728.00
4991;карниз 1.50.197 гибкий;2000;;;;1.50.197;73;77;;;;;Да;;;2000;1500;;2916.00
4992;карниз 1.50.200 гибкий;2000;;;;1.50.200;55;55;;;;;Да;;;1500;1000;;2589.00
4994;карниз 1.50.203 гибкий;2000;;;;1.50.203;128;116;;;;;Да;;;2500;1500;;5132.00
4995;карниз 1.50.209 гибкий;2000;;;;1.50.209;117;152;;;;;Да;;;3500;;;6040.00
4997;карниз 1.50.220 гибкий;2000;;;;1.50.220;122;127;;;;;Да;;;3500;;;5600.00
4998;карниз 1.50.221 гибкий;2000;;;;1.50.221;143;150;;;;;Да;;;>4000;;;6557.00
4999;карниз 1.50.222 гибкий;2000;;;;1.50.222;164;166;;;;;Да;;;>4000;;;7232.00
5000;карниз 1.50.250 гибкий;2000;;;;1.50.250;72;164;;;;;Да;;;1500;2000;;4729.00
5001;карниз 1.50.251 гибкий;2000;;;;1.50.251;55;70;;;;;Да;;;1500;1500;;1832.00
5002;карниз 1.50.252 гибкий;2000;;;;1.50.252;120;119;;;;;Да;;;3000;2500;;5519.00
5003;карниз 1.50.253 гибкий;2000;;;;1.50.253;64;109;;;;;Да;;;2500;2000;;2728.00
5004;карниз 1.50.254 гибкий;2000;;;;1.50.254;93;130;;;;;Да;;;2500;2000;;4124.00
5005;карниз 1.50.255 гибкий;2000;;;;1.50.255;81;127;;;;;Да;;;3500;3000;;4634.00
5006;карниз 1.50.256 гибкий;2000;;;;1.50.256;133;173;;;;;Да;;;4000;3500;;5324.00
5007;карниз 1.50.257 гибкий;2000;;;;1.50.257;39;39;;;;;Да;;;1000;1000;;1901.00
5008;карниз 1.50.258 гибкий;2000;;;;1.50.258;25;27;;;;;Да;;;1000;1000;;1750.00
5009;карниз 1.50.259 гибкий;2000;;;;1.50.259;37;81;;;;;Да;;;1500;1500;;2503.00
5010;карниз 1.50.260 гибкий;2000;;;;1.50.260;133;166;;;;;Да;;;3500;2500;;6462.00
5011;карниз 1.50.261 гибкий;2000;;;;1.50.261;103;100;;;;;Да;;;3500;;;3674.00
5012;карниз 1.50.262 гибкий;2000;;;;1.50.262;50;120;;;;;Да;;;1000;1000;;5377.00
5013;карниз 1.50.264 гибкий;2000;;;;1.50.264;170;170;;;;;Да;;;5000;4500;;6589.00
5014;карниз 1.50.265 гибкий;2000;;;;1.50.265;21;114;;;;;Да;;;3000;3000;;2781.00
5015;карниз 1.50.266 гибкий;2000;;;;1.50.266;75;21;;;;;Да;;;1500;1000;;2503.00
5016;карниз 1.50.267 гибкий;2000;;;;1.50.267;171;32;;;;;Да;;;>5000;;;5397.00
5017;карниз 1.50.268 гибкий;2000;;;;1.50.268;170;32;;;;;Да;;;>5000;;;5552.00
5018;карниз 1.50.269 гибкий;2000;;;;1.50.269;220;47;;;;;Да;;;>5000;;;5853.00
5019;карниз 1.50.270 гибкий;2000;;;;1.50.270;220;46;;;;;Да;;;>5000;;;6298.00
5020;молдинг 1.51.311;2000;;;;1.51.311;;85;;;;;Нет;;20;;;;1808.00
5021;молдинг 1.51.314;2000;;;;1.51.314;;66;;;;;Нет;;19;;;;1099.00
5022;молдинг 1.51.327;2000;;;;1.51.327;;80;;;;;Нет;;21;;;;1498.00
5023;молдинг 1.51.301;2000;;;;1.51.301;;42;;;;;Нет;;16;;;;782.00
5024;молдинг 1.51.305;2000;;;;1.51.305;;28;;;;;Нет;;15;;;;904.00
5025;молдинг 1.51.321;2000;;;;1.51.321;;19;;;;;Нет;;9;;;;853.00
5026;молдинг 1.51.400;2000;;;;1.51.400;;45;;;;;Нет;;16;;;;908.00
5027;молдинг 1.51.302;2000;;;;1.51.302;;60;;;;;Нет;;25;;;;954.00
5028;молдинг 1.51.303;2000;;;;1.51.303;;82;;;;;Нет;;19;;;;1177.00
5029;молдинг 1.51.304;2000;;;;1.51.304;;51;;;;;Нет;;24;;;;1113.00
5030;молдинг 1.51.306;2000;;;;1.51.306;;31;;;;;Нет;;10;;;;929.00
5031;молдинг 1.51.307;2000;;;;1.51.307;;95;;;;;Нет;;25;;;;1757.00
5032;молдинг 1.51.324;2000;;;;1.51.324;;54;;;;;Нет;;12;;;;853.00
5033;молдинг 1.51.352;2000;;;;1.51.352;;36;;;;;Нет;;21;;;;1053.00
5034;молдинг 1.51.325;2000;;;;1.51.325;;125;;;;;Нет;;15;;;;1870.00
5035;молдинг 1.51.312;2000;;;;1.51.312;;40;;;;;Нет;;18;;;;1035.00
5036;молдинг 1.51.332;2000;;;;1.51.332;;50;;;;;Нет;;16;;;;1092.00
5037;молдинг 1.51.350;2000;;;;1.51.350;;139;;;;;Нет;;37;;;;1884.00
5038;молдинг 1.51.326;2000;;;;1.51.326;;50;;;;;Нет;;28;;;;1084.00
5039;молдинг 1.51.308;2000;;;;1.51.308;;41;;;;;Нет;;20;;;;1035.00
5040;молдинг 1.51.309;2000;;;;1.51.309;;74;;;;;Нет;;21;;;;1159.00
5041;молдинг 1.51.310;2000;;;;1.51.310;;96;;;;;Нет;;19;;;;1757.00
5042;молдинг 1.51.313;2000;;;;1.51.313;;53;;;;;Нет;;20;;;;1099.00
5043;молдинг 1.51.315;2000;;;;1.51.315;;75;;;;;Нет;;22;;;;1137.00
5044;молдинг 1.51.316;2000;;;;1.51.316;;90;;;;;Нет;;19;;;;1053.00
5045;молдинг 1.51.317;2000;;;;1.51.317;;101;;;;;Нет;;20;;;;1663.00
5046;молдинг 1.51.318;2000;;;;1.51.318;;65;;;;;Нет;;32;;;;1177.00
5047;молдинг 1.51.319;2000;;;;1.51.319;;123;;;;;Нет;;30;;;;1901.00
5048;молдинг 1.51.320;2000;;;;1.51.320;;112;;;;;Нет;;20;;;;1808.00
5049;молдинг 1.51.322;2000;;;;1.51.322;;25;;;;;Нет;;12;;;;869.00
5050;молдинг 1.51.328;2000;;;;1.51.328;;47;;;;;Нет;;30;;;;1084.00
5051;молдинг 1.51.330;2000;;;;1.51.330;;60;;;;;Нет;;28;;;;1142.00
5053;молдинг 1.51.340;2000;;;;1.51.340;;78;;;;;Нет;;26;;;;1071.00
5054;молдинг 1.51.341;2000;;;;1.51.341;;75;;;;;Нет;;20;;;;1179.00
5055;молдинг 1.51.342;2000;;;;1.51.342;;75;;;;;Нет;;15;;;;1136.00
5056;молдинг 1.51.343;2000;;;;1.51.343;;75;;;;;Нет;;12;;;;1113.00
5057;молдинг 1.51.344;2000;;;;1.51.344;;91;;;;;Нет;;18;;;;1136.00
5058;молдинг 1.51.351;2000;;;;1.51.351;;58;;;;;Нет;;29;;;;1113.00
5059;молдинг 1.51.380;2000;;;;1.51.380;;220;;;;;Нет;;35;;;;2497.00
5060;молдинг 1.51.401;2000;;;;1.51.401;;23;;;;;Нет;;12;;;;855.00
5061;молдинг 1.51.323;2000;;;;1.51.323;;32;;;;;Нет;;10;;;;884.00
5062;молдинг 1.51.339;2000;;;;1.51.339;;56;;;;;Нет;;16;;;;1113.00
5063;молдинг 1.51.331;2000;;;;1.51.331;;68;;;;;Нет;;20;;;;1159.00
5064;молдинг 1.51.336;2000;;;;1.51.336;;66;;;;;Нет;;12;;;;1092.00
5065;молдинг 1.51.334;2000;;;;1.51.334;;33;;;;;Нет;;14;;;;1054.00
5066;молдинг 1.51.335;2000;;;;1.51.335;;75;;;;;Нет;;16;;;;1161.00
5067;молдинг 1.51.337;2000;;;;1.51.337;;78;;;;;Нет;;12;;;;1136.00
5068;молдинг 1.51.348;2000;;;;1.51.348;;49;;;;;Нет;;25;;;;1099.00
5069;молдинг 1.51.349;2000;;;;1.51.349;;105;;;;;Нет;;20;;;;1808.00
5070;молдинг 1.51.329;2000;;;;1.51.329;;23;;;;;Нет;;12;;;;901.00
5071;молдинг 1.51.347;2000;;;;1.51.347;;91;;;;;Нет;;27;;;;1725.00
5072;молдинг 1.51.355;2000;;;;1.51.355;;102;;;;;Нет;;38;;;;1786.00
5073;молдинг 1.51.354;2000;;;;1.51.354;;68;;;;;Нет;;26;;;;1138.00
5074;молдинг 1.51.311 гибкий;2000;;;;1.51.311;;85;;;;;Да;;20;550;550;1500;3616.00
5075;молдинг 1.51.314 гибкий;2000;;;;1.51.314;;66;;;;;Да;;19;550;550;1500;2197.00
5076;молдинг 1.51.327 гибкий;2000;;;;1.51.327;;80;;;;;Да;;21;550;550;1000;2994.00
5077;молдинг 1.51.301 гибкий;2000;;;;1.51.301;;42;;;;;Да;;16;550;550;550;1564.00
5078;молдинг 1.51.305 гибкий;2000;;;;1.51.305;;28;;;;;Да;;15;550;550;550;1807.00
5079;молдинг 1.51.321 гибкий;2000;;;;1.51.321;;19;;;;;Да;;9;550;550;550;1704.00
5080;молдинг 1.51.400 гибкий;2000;;;;1.51.400;;45;;;;;Да;;16;550;550;550;1815.00
5081;молдинг 1.51.302 гибкий;2000;;;;1.51.302;;60;;;;;Да;;25;550;550;1000;1908.00
5082;молдинг 1.51.303 гибкий;2000;;;;1.51.303;;82;;;;;Да;;19;550;550;1500;2353.00
5083;молдинг 1.51.304 гибкий;2000;;;;1.51.304;;51;;;;;Да;;24;550;550;550;2225.00
5084;молдинг 1.51.306 гибкий;2000;;;;1.51.306;;31;;;;;Да;;10;550;550;550;1855.00
5085;молдинг 1.51.307 гибкий;2000;;;;1.51.307;;95;;;;;Да;;25;550;550;1500;3513.00
5086;молдинг 1.51.324 гибкий;2000;;;;1.51.324;;54;;;;;Да;;12;550;550;1500;1704.00
5087;молдинг 1.51.352 гибкий;2000;;;;1.51.352;;36;;;;;Да;;21;550;550;550;2104.00
5088;молдинг 1.51.325 гибкий;2000;;;;1.51.325;;125;;;;;Да;;15;550;550;2500;3740.00
5089;молдинг 1.51.312 гибкий;2000;;;;1.51.312;;40;;;;;Да;;18;550;550;1500;2070.00
5090;молдинг 1.51.332 гибкий;2000;;;;1.51.332;;50;;;;;Да;;16;550;550;1000;2182.00
5091;молдинг 1.51.350 гибкий;2000;;;;1.51.350;;139;;;;;Да;;37;550;550;2500;3768.00
5092;молдинг 1.51.326 гибкий;2000;;;;1.51.326;;50;;;;;Да;;28;550;550;550;2167.00
5093;молдинг 1.51.308 гибкий;2000;;;;1.51.308;;41;;;;;Да;;20;550;550;550;2070.00
5094;молдинг 1.51.309 гибкий;2000;;;;1.51.309;;74;;;;;Да;;21;550;550;1000;2315.00
5095;молдинг 1.51.310 гибкий;2000;;;;1.51.310;;96;;;;;Да;;19;550;550;1500;3513.00
5096;молдинг 1.51.313 гибкий;2000;;;;1.51.313;;53;;;;;Да;;20;550;550;550;2197.00
5097;молдинг 1.51.315 гибкий;2000;;;;1.51.315;;75;;;;;Да;;22;550;550;1000;2273.00
5098;молдинг 1.51.316 гибкий;2000;;;;1.51.316;;90;;;;;Да;;19;550;550;1500;2104.00
5099;молдинг 1.51.317 гибкий;2000;;;;1.51.317;;101;;;;;Да;;20;550;550;1500;3325.00
5100;молдинг 1.51.318 гибкий;2000;;;;1.51.318;;65;;;;;Да;;32;550;550;550;2353.00
5101;молдинг 1.51.319 гибкий;2000;;;;1.51.319;;123;;;;;Да;;30;550;550;1500;3801.00
5102;молдинг 1.51.320 гибкий;2000;;;;1.51.320;;112;;;;;Да;;20;550;550;1500;3616.00
5103;молдинг 1.51.322 гибкий;2000;;;;1.51.322;;25;;;;;Да;;12;550;550;550;1737.00
5104;молдинг 1.51.328 гибкий;2000;;;;1.51.328;;47;;;;;Да;;30;550;550;550;2167.00
5105;молдинг 1.51.330 гибкий;2000;;;;1.51.330;;60;;;;;Да;;28;550;550;550;2283.00
5107;молдинг 1.51.340 гибкий;2000;;;;1.51.340;;78;;;;;Да;;26;550;550;1000;2142.00
5108;молдинг 1.51.341 гибкий;2000;;;;1.51.341;;75;;;;;Да;;20;550;550;1000;2357.00
5109;молдинг 1.51.342 гибкий;2000;;;;1.51.342;;75;;;;;Да;;15;550;550;1500;2271.00
5110;молдинг 1.51.343 гибкий;2000;;;;1.51.343;;75;;;;;Да;;12;550;550;1500;2225.00
5111;молдинг 1.51.344 гибкий;2000;;;;1.51.344;;91;;;;;Да;;18;550;550;1500;2271.00
5112;молдинг 1.51.351 гибкий;2000;;;;1.51.351;;58;;;;;Да;;29;550;550;550;2225.00
5113;молдинг 1.51.380 гибкий;2000;;;;1.51.380;;220;;;;;Да;;35;550;550;3500;4993.00
5114;молдинг 1.51.401 гибкий;2000;;;;1.51.401;;23;;;;;Да;;12;550;550;550;1708.00
5115;молдинг 1.51.323 гибкий;2000;;;;1.51.323;;32;;;;;Да;;10;550;550;550;1767.00
5116;молдинг 1.51.339 гибкий;2000;;;;1.51.339;;56;;;;;Да;;16;550;550;1000;2225.00
5117;молдинг 1.51.331 гибкий;2000;;;;1.51.331;;68;;;;;Да;;20;550;550;1000;2315.00
5118;молдинг 1.51.336 гибкий;2000;;;;1.51.336;;66;;;;;Да;;12;550;550;1500;2182.00
5119;молдинг 1.51.334 гибкий;2000;;;;1.51.334;;33;;;;;Да;;14;550;550;1000;2106.00
5120;молдинг 1.51.335 гибкий;2000;;;;1.51.335;;75;;;;;Да;;16;550;550;1000;2321.00
5121;молдинг 1.51.337 гибкий;2000;;;;1.51.337;;78;;;;;Да;;12;550;550;1500;2271.00
5122;молдинг 1.51.348 гибкий;2000;;;;1.51.348;;49;;;;;Да;;25;550;550;1000;2197.00
5123;молдинг 1.51.349 гибкий;2000;;;;1.51.349;;105;;;;;Да;;20;550;550;2000;3616.00
5124;молдинг 1.51.329 гибкий;2000;;;;1.51.329;;23;;;;;Да;;12;550;550;550;1800.00
5125;молдинг 1.51.347 гибкий;2000;;;;1.51.347;;90,5;;;;;Да;;27;550;550;1500;3449.00
5126;молдинг 1.51.355 гибкий;2000;;;;1.51.355;;102;;;;;Да;;38;550;550;2000;3571.00
5127;молдинг 1.51.354 гибкий;2000;;;;1.51.354;;68;;;;;Да;;26;550;550;1000;2275.00
5128;плинтус 1.53.102;2000;;;;1.53.102;;150;22;;;;Нет;;;;;;1991.00
5129;плинтус 1.53.103;2000;;;;1.53.103;;109;14;;;;Нет;;;;;;1808.00
5130;плинтус 1.53.104;2000;;;;1.53.104;;120;26;;;;Нет;;;;;;1858.00
5131;плинтус 1.53.105;2000;;;;1.53.105;;160;25;;;;Нет;;;;;;2049.00
5132;плинтус 1.53.106;2000;;;;1.53.106;;70;17;;;;Нет;;;;;;1666.00
5133;плинтус 1.53.107;2000;;;;1.53.107;;80;22;;;;Нет;;;;;;1601.00
5134;плинтус 1.53.109;2000;;;;1.53.109;;98;16;;;;Нет;;;;;;1792.00
5135;плинтус 1.53.101;2000;;;;1.53.101;;110;27;;;;Нет;;;;;;1927.00
5136;плинтус 1.53.102 гибкий;2000;;;;1.53.102;;149,5;22;;;;Да;;;550;550;;3981.00
5137;плинтус 1.53.103 гибкий;2000;;;;1.53.103;;109;14;;;;Да;;;550;550;;3616.00
5138;плинтус 1.53.104 гибкий;2000;;;;1.53.104;;120;26;;;;Да;;;550;550;;3715.00
5139;плинтус 1.53.105 гибкий;2000;;;;1.53.105;;160;25;;;;Да;;;550;550;;4097.00
5140;плинтус 1.53.106 гибкий;2000;;;;1.53.106;;70;17;;;;Да;;;550;550;;3331.00
5141;плинтус 1.53.107 гибкий;2000;;;;1.53.107;;80;22;;;;Да;;;550;550;;3201.00
5142;плинтус 1.53.109 гибкий;2000;;;;1.53.109;;98;16;;;;Да;;;550;550;;3584.00
5143;плинтус 1.53.101 гибкий;2000;;;;1.53.101;;110;27;;;;Да;;;550;550;;3852.00
5144;угловой элемент 1.52.326;;285;285;;1.52.326;;;;;;;Нет;;30;;;;952.00
5145;угловой элемент 1.52.301;;210;210;;1.52.301;;;;;;;Нет;;16;;;;815.00
5146;угловой элемент 1.52.302;;215;215;;1.52.302;;;;;;;Нет;;25;;;;835.00
5147;угловой элемент 1.52.290;;213;395;;1.52.290;;;;;;;Нет;;23;;;;884.00
5148;угловой элемент 1.52.293;;213;395;;1.52.293;;;;;;;Нет;;23;;;;884.00
5149;угловой элемент 1.52.292;;255;255;;1.52.292;;;;;;;Нет;;19;;;;904.00
5150;угловой элемент 1.52.288;;272;269;;1.52.288;;;;;;;Нет;;32;;;;923.00
5151;угловой элемент 1.52.294;;261;261;;1.52.294;;;;;;;Нет;;18;;;;923.00
5152;угловой элемент 1.52.291;;195;195;;1.52.291;;;;;;;Нет;;20;;;;842.00
5153;угловой элемент 1.52.295;;195;195;;1.52.295;;;;;;;Нет;;18;;;;842.00
5154;угловой элемент 1.52.328;;250;250;;1.52.328;;;;;;;Нет;;30;;;;842.00
5155;угловой элемент 1.52.400;;294;294;;1.52.400;;;;;;;Нет;;26;;;;888.00
5156;угловой элемент 1.52.289;;300;104;;1.52.289;;;;;;;Нет;;20;;;;817.00
5157;угловой элемент 1.52.296;;270;390;;1.52.296;;;;;;;Нет;;18;;;;1011.00
5158;угловой элемент 1.52.297;;215;215;;1.52.297;;;;;;;Нет;;21;;;;825.00
5159;угловой элемент 1.52.298;;215;215;;1.52.298;;;;;;;Нет;;21;;;;825.00
5160;угловой элемент 1.52.300;;300;300;;1.52.300;;;;;;;Нет;;20;;;;842.00
5161;угловой элемент 1.52.303;;294;295;;1.52.303;;;;;;;Нет;;22;;;;842.00
5162;угловой элемент 1.52.308;;160;160;;1.52.308;;;;;;;Нет;;20;;;;807.00
5163;угловой элемент 1.52.312;;208;210;;1.52.312;;;;;;;Нет;;18;;;;815.00
5164;угловой элемент 1.52.313;;634;634;;1.52.313;;;;;;;Нет;;43;;;;1743.00
5165;угловой элемент 1.52.314;;270;390;;1.52.314;;;;;;;Нет;;18;;;;1011.00
5166;угловой элемент 1.52.318;;174;174;;1.52.318;;;;;;;Нет;;32;;;;863.00
5167;кронштейн 1.19.001;;186;315;150;1.19.001;;;;;;;Нет;;;;;;2352.00
5168;кронштейн 1.19.137;;73;97;38;1.19.137;;;;;;;Нет;;;;;;348.00
5169;кронштейн 1.19.002;;122;303;75;1.19.002;;;;;;;Нет;;;;;;1761.00
5170;кронштейн 1.19.005;;188;489;163;1.19.005;;;;;;;Нет;;;;;;1945.00
5171;кронштейн 1.19.003;;120;149;120;1.19.003;;;;;;;Нет;;;;;;1766.00
5172;кронштейн 1.19.004;;86;215;73;1.19.004;;;;;;;Нет;;;;;;1767.00
5174;розетка 1.56.017;;;;;1.56.017;;;;;;448;Нет;;42;;;;2482.00
5175;розетка 1.56.001;;;;;1.56.001;;;;;;693;Нет;;60;;;;3378.00
5176;розетка 1.56.002;;;;;1.56.002;;;;;;520;Нет;;37;;;;2402.00
5177;розетка 1.56.004;;;;;1.56.004;;;;;;436;Нет;;31;;;;1959.00
5178;розетка 1.56.007;;;;;1.56.007;;;;;;400;Нет;;60;;;;2031.00
5179;розетка 1.56.013;;;;;1.56.013;;;;;;258;Нет;;32;;;;1285.00
5180;розетка 1.56.014;;;;;1.56.014;;;;;;338;Нет;;57;;;;1398.00
5181;розетка 1.56.015;;;;;1.56.015;;;;;;555;Нет;;62;;;;2640.00
5182;розетка 1.56.016;;;;;1.56.016;;;;;;480;Нет;;47;;;;2402.00
5183;розетка 1.56.018;;;;;1.56.018;;;;;;743;Нет;;40;;;;4696.00
5184;розетка 1.56.019;;;;;1.56.019;;;;;;508;Нет;;33;;;;2564.00
5185;розетка 1.56.020;;;;;1.56.020;;;;;;470;Нет;;41;;;;2509.00
5186;розетка 1.56.022;;;;;1.56.022;;;;;;523;Нет;;52;;;;2402.00
5187;розетка 1.56.023;;;;;1.56.023;;;;;;589;Нет;;55;;;;3292.00
5188;розетка 1.56.024;;;;;1.56.024;;;;;;493;Нет;;36;;;;2482.00
5189;розетка 1.56.025;;;;;1.56.025;;;;;;819;Нет;;65;;;;6184.00
5190;розетка 1.56.005;;;;;1.56.005;;;;;;655;Нет;;42;;;;3288.00
5191;розетка 1.56.010;;;;;1.56.010;;;;;;193;Нет;;34;;;;817.00
5192;розетка 1.56.028;;;;;1.56.028;;;;;;670;Нет;;68;;;;4587.00
5193;розетка 1.56.029;;767;529;;1.56.029;;;;;;;Нет;;47;;;;3378.00
5194;розетка 1.56.030;;;;;1.56.030;;;;;;394;Нет;;37;;;;1439.00
5195;розетка 1.56.003;;;;;1.56.003;;;;;;518;Нет;;35;;;;2564.00
5196;розетка 1.56.031;;;;;1.56.031;;;;;;614;Нет;;50;;;;3292.00
5197;розетка 1.56.021;;;;;1.56.021;;;;;;487;Нет;;59;;;;2640.00
5198;розетка 1.56.026;;;;;1.56.026;;;;;;768;Нет;;52;;;;4476.00
5199;розетка 1.56.006;;;;;1.56.006;;;;;;330;Нет;;25;;;;1369.00
5200;розетка 1.56.009;;;;;1.56.009;;;;;;292;Нет;;34;;;;1195.00
5201;розетка 1.56.032;;;;;1.56.032;;;;;;319;Нет;;37;;;;1425.00
5202;розетка 1.56.011;;;;;1.56.011;;;;;;195;Нет;;21;;;;807.00
5203;розетка 1.56.037;;;;;1.56.037;;;;;;330;Нет;;32;;;;1399.00
5204;розетка 1.56.034;;;;;1.56.034;;;;;;510;Нет;;50;;;;2483.00
5205;розетка 1.56.033;;;;;1.56.033;;;;;;461;Нет;;54;;;;2402.00
5206;розетка 1.56.038;;;;;1.56.038;;;;;;400;Нет;;34;;;;1481.00
5207;розетка 1.56.012;;;;;1.56.012;;;;;;533;Нет;;45;;;;2564.00
5208;розетка 1.56.027;;;;;1.56.027;;;;;;382;Нет;;25;;;;1364.00
5209;розетка 1.56.039;;;;;1.56.039;;;;;;659;Нет;;67;;;;3423.00
5210;розетка 1.56.035;;;;;1.56.035;;;;;;484;Нет;;44;;;;2482.00
5211;розетка 1.56.042;;;;;1.56.042;;;;;;201;Нет;;32;;;;817.00
5212;орнамент 1.60.114;;74;147;;1.60.114;;;;;;;Нет;;41;;;;1016.00
5213;орнамент 1.60.014;;75;148;;1.60.014;;;;;;;Нет;;42;;;;1016.00
5214;орнамент 1.60.011;;142;282;;1.60.011;;;;;;;Нет;;16;;;;442.00
5215;орнамент 1.60.111;;142;282;;1.60.111;;;;;;;Нет;;16;;;;442.00
5216;орнамент 1.60.007;;97;155;;1.60.007;;;;;;;Нет;;18;;;;411.00
5217;орнамент 1.60.005;;69;86;;1.60.005;;;;;;;Нет;;15;;;;411.00
5218;орнамент 1.60.012;;208;277;;1.60.012;;;;;;;Нет;;58;;;;1100.00
5219;орнамент 1.60.008;;28;82;;1.60.008;;;;;;;Нет;;9;;;;387.00
5220;орнамент 1.60.010;;67;165;;1.60.010;;;;;;;Нет;;10;;;;397.00
5221;орнамент 1.60.002;;415;113;;1.60.002;;;;;;;Нет;;21;;;;443.00
5222;орнамент 1.60.003;;26;34;;1.60.003;;;;;;;Нет;;13;;;;387.00
5223;орнамент 1.60.004;;37;54;;1.60.004;;;;;;;Нет;;12;;;;397.00
5224;орнамент 1.60.006;;59;59;;1.60.006;;;;;;;Нет;;10;;;;402.00
5225;орнамент 1.60.009;;61;136;;1.60.009;;;;;;;Нет;;12;;;;397.00
5226;орнамент 1.60.015;;51;119;;1.60.015;;;;;;;Нет;;22;;;;414.00
5227;орнамент 1.60.017;;90;90;;1.60.017;;;;;;;Нет;;15;;;;446.00
5228;орнамент 1.60.018;;259;127;;1.60.018;;;;;;;Нет;;14;;;;459.00
5229;орнамент 1.60.019;;88;53;;1.60.019;;;;;;;Нет;;17;;;;1100.00
5230;орнамент 1.60.108;;27;82;;1.60.108;;;;;;;Нет;;7;;;;387.00
5231;орнамент 1.60.109;;62;136;;1.60.109;;;;;;;Нет;;13;;;;397.00
5232;орнамент 1.60.110;;67;165;;1.60.110;;;;;;;Нет;;10;;;;397.00
5233;орнамент 1.60.001;;137;165;;1.60.001;;;;;;;Нет;;16;;;;403.00
5234;кессон 1.57.002;;600;600;;1.57.002;;;;;;;Нет;;67;;;;3087.00
5235;кессон 1.57.003;;600;600;;1.57.003;;;;;;;Нет;;71;;;;3249.00
5236;кессон 1.57.001;;599;600;;1.57.001;;;;;;;Нет;;68;;;;2844.00
5237;кессон 1.57.004;;700;700;;1.57.004;;;;;;;Нет;;90;;;;4216.00
5238;купол 1.58.001;;;;;1.58.001;;;;;;894;Нет;;112;;;;15546.00
5239;капитель 1.11.001;;428;370;428;1.11.001;;;;;;;Нет;;;;;;13557.00
5240;капитель 1.11.010;;224;175;224;1.11.010;;;;;;;Нет;;;;;;7366.00
5241;капитель 1.11.003;;392;170;392;1.11.003;;;;;;;Нет;;;;;;10531.00
5242;капитель 1.11.002;;355;270;355;1.11.002;;;;;;;Нет;;;;;;7824.00
5243;капитель 1.11.004;;438;174;358;1.11.004;;;;;;;Нет;;;;;;10531.00
5244;капитель 1.11.005;;269;151;269;1.11.005;;;;;;;Нет;;;;;;5427.00
5245;капитель 1.11.006;;280;109;276;1.11.006;;;;;;;Нет;;;;;;10107.00
5246;капитель 1.11.008;;216;106;216;1.11.008;;;;;;;Нет;;;;;;6127.00
5247;капитель 1.11.009;;234;92;188;1.11.009;;;;;;;Нет;;;;;;6100.00
5248;капитель 1.15.002;;356;270;177;1.15.002;;;;;;;Нет;;;;;;3340.00
5249;капитель 1.15.003;;390;170;195;1.15.003;;;;;;;Нет;;;;;;4697.00
5250;капитель 1.15.004;;438;174;180;1.15.004;;;;;;;Нет;;;;;;4697.00
5251;капитель 1.15.005;;271;151;135;1.15.005;;;;;;;Нет;;;;;;2436.00
5252;капитель 1.15.006;;280;110;137;1.15.006;;;;;;;Нет;;;;;;4514.00
5253;капитель 1.15.008;;216;105;108;1.15.008;;;;;;;Нет;;;;;;3066.00
5254;капитель 1.15.001;;427;371;214;1.15.001;;;;;;;Нет;;;;;;5738.00
5255;капитель 1.15.009;;237;94;92;1.15.009;;;;;;;Нет;;;;;;3048.00
5256;капитель 1.15.010;;224;175;115;1.15.010;;;;;;;Нет;;;;;;3686.00
5257;капитель 1.21.003;;354;220;97;1.21.003;;;;;;;Нет;;;;;;2096.00
5258;капитель 1.21.001;;232;150;68;1.21.001;;;;;;;Нет;;;;;;1883.00
5259;капитель 1.21.002;;419;346;112;1.21.002;;;;;;;Нет;;;;;;2395.00
5260;капитель 1.21.004;;403;178;80;1.21.004;;;;;;;Нет;;;;;;2191.00
5261;капитель 1.21.005;;602;180;80;1.21.005;;;;;;;Нет;;;;;;2361.00
5262;капитель 1.21.006;;470;181;80;1.21.006;;;;;;;Нет;;;;;;2237.00
5263;капитель 1.21.007;;345;219;95;1.21.007;;;;;;;Нет;;;;;;2120.00
5264;ствол 1.12.020;;;2295;;1.12.020;;;;;;250;Нет;;;;;;19810.00
5265;ствол 1.12.010;;;2296;;1.12.010;;;;;;251;Нет;;;;;;19810.00
5266;ствол 1.12.030;;;2300;;1.12.030;;;;;;302;Нет;;;;;;25231.00
5267;ствол 1.12.050;;;1955;;1.12.050;;;;;;199;Нет;;;;;;11666.00
5268;ствол 1.12.060;;;1826;;1.12.060;;;;;;161;Нет;;;;;;10652.00
5269;ствол 1.12.061;;;2472;;1.12.061;;;;;;160;Нет;;;;;;14387.00
5270;ствол 1.12.080;;;1751;;1.12.080;;;;;;157;Нет;;;;;;10652.00
5271;ствол 1.12.081;;;2399;;1.12.081;;;;;;156;Нет;;;;;;14387.00
5272;ствол 1.12.070;;;1870;;1.12.070;;;;;;159;Нет;;;;;;10652.00
5273;ствол 1.12.071;;;2517;;1.12.071;;;;;;158;Нет;;;;;;14387.00
5274;ствол 1.16.080;;156;1752;78;1.16.080;;;;;;;Нет;;;;;;5328.00
5275;ствол 1.16.081;;155;2401;79;1.16.081;;;;;;;Нет;;;;;;7195.00
5276;ствол 1.16.030;;303;2298;152;1.16.030;;;;;;;Нет;;;;;;11574.00
5277;ствол 1.16.070;;160;1873;79;1.16.070;;;;;;;Нет;;;;;;5328.00
5278;ствол 1.16.050;;200;1956;100;1.16.050;;;;;;;Нет;;;;;;5217.00
5279;ствол 1.16.060;;162;1827;80;1.16.060;;;;;;;Нет;;;;;;5328.00
5280;ствол 1.16.071;;160;2519;78;1.16.071;;;;;;;Нет;;;;;;7195.00
5281;ствол 1.16.010;;251;2298;125;1.16.010;;;;;;;Нет;;;;;;8868.00
5282;ствол 1.16.011;;250;2345;125;1.16.011;;;;;;;Нет;;;;;;9113.00
5283;ствол 1.16.020;;250;2300;125;1.16.020;;;;;;;Нет;;;;;;8868.00
5284;ствол 1.16.061;;161;2475;81;1.16.061;;;;;;;Нет;;;;;;7195.00
5285;ствол 1.22.010;;134;2000;19;1.22.010;;;;;;;Нет;;;;;;2735.00
5286;ствол 1.22.020;;283;2000;41;1.22.020;;;;;;;Нет;;;;;;4314.00
5287;ствол 1.22.030;;194;2000;20;1.22.030;;;;;;;Нет;;;;;;3292.00
5288;ствол 1.22.200;;268;2295;30;1.22.200;;;;;;;Нет;;;;;;4950.00
5289;ствол 1.22.040;;290;2000;30;1.22.040;;;;;;;Нет;;;;;;3500.00
5290;кольцо 1.11.100;;;;;1.11.100;;;;;;279;Нет;;26;;;;333.00
5291;кольцо 1.11.200;;;;;1.11.200;;;;;;279;Нет;;26;;;;333.00
5292;кольцо 1.11.300;;;;;1.11.300;;;;;;297;Нет;;44;;;;481.00
5293;кольцо 1.15.100;;;;138;1.15.100;;;;;;279;Нет;;26;;;;168.00
5294;кольцо 1.15.200;;;;138;1.15.200;;;;;;279;Нет;;26;;;;168.00
5295;кольцо 1.15.300;;;;147;1.15.300;;;;;;297;Нет;;45;;;;248.00
5296;база 1.13.900;;214;118;214;1.13.900;;;;;;;Нет;;;;;;4842.00
5297;база 1.13.300;;459;697;459;1.13.300;;;;;;;Нет;;;;;;18244.00
5298;база 1.13.400;;427;169;427;1.13.400;;;;;;;Нет;;;;;;8083.00
5299;база 1.13.800;;218;115;218;1.13.800;;;;;;;Нет;;;;;;4842.00
5300;база 1.13.500;;261;110;261;1.13.500;;;;;;;Нет;;;;;;5427.00
5301;база 1.13.100;;391;697;391;1.13.100;;;;;;;Нет;;;;;;14074.00
5302;база 1.13.200;;377;171;377;1.13.200;;;;;;;Нет;;;;;;6992.00
5303;база 1.13.700;;224;115;224;1.13.700;;;;;;;Нет;;;;;;4747.00
5304;база 1.17.900;;214;119;106;1.17.900;;;;;;;Нет;;;;;;2422.00
5305;база 1.17.300;;454;698;230;1.17.300;;;;;;;Нет;;;;;;8346.00
5306;база 1.17.400;;426;170;212;1.17.400;;;;;;;Нет;;;;;;3654.00
5307;база 1.17.100;;391;698;193;1.17.100;;;;;;;Нет;;;;;;6260.00
5308;база 1.17.800;;219;115;109;1.17.800;;;;;;;Нет;;;;;;2422.00
5309;база 1.17.500;;260;110;130;1.17.500;;;;;;;Нет;;;;;;2436.00
5310;база 1.17.600;;275;695;140;1.17.600;;;;;;;Нет;;;;;;4564.00
5311;база 1.17.700;;225;115;112;1.17.700;;;;;;;Нет;;;;;;2375.00
5312;база 1.17.200;;378;171;188;1.17.200;;;;;;;Нет;;;;;;2717.00
5313;база 1.23.100;;214;540;55;1.23.100;;;;;;;Нет;;;;;;2237.00
5314;база 1.23.200;;542;372;85;1.23.200;;;;;;;Нет;;;;;;3200.00
5315;база 1.23.300;;300;752;75;1.23.300;;;;;;;Нет;;;;;;2525.00
5316;база 1.23.400;;390;905;70;1.23.400;;;;;;;Нет;;;;;;3418.00
5317;база 1.23.500;;578;301;62;1.23.500;;;;;;;Нет;;;;;;2455.00
5318;пьедестал 1.14.001;;318;645;318;1.14.001;;;;;;;Нет;;;;;;9433.00
5319;пьедестал 1.14.002;;312;648;312;1.14.002;;;;;;;Нет;;;;;;9959.00
5320;пьедестал 1.14.003;;299;648;299;1.14.003;;;;;;;Нет;;;;;;9959.00
5321;пьедестал 1.18.001;;317;648;159;1.18.001;;;;;;;Нет;;;;;;4981.00
5322;пьедестал 1.18.002;;311;679;156;1.18.002;;;;;;;Нет;;;;;;4721.00
5323;пьедестал 1.18.003;;299;679;148;1.18.003;;;;;;;Нет;;;;;;4981.00
5324;база 1.54.010;;96;248;;1.54.010;;;;;;;Нет;;30;;;;1055.00
5325;обрамление арок 1.55.003;;134;51;;1.55.003;;;;;;;Нет;;43;;;;427.00
5326;обрамление арок 1.55.004;;231;51;;1.55.004;;;;;;;Нет;;43;;;;443.00
5327;обрамление арок 1.55.001;;648;320;;1.55.001;;;;;;;Нет;;25;;;;1209.00
5328;замковый камень 1.55.005;;93;126;;1.55.005;;;;;;;Нет;;41;;;;442.00
5329;обрамление арок 1.55.002;;648;320;;1.55.002;;;;;;;Нет;;25;;;;1209.00
5330;база 1.54.020;;96;250;;1.54.020;;;;;;;Нет;;34;;;;956.00
5331;боковой элемент 1.54.009;;310;115;;1.54.009;;;;;;;Нет;;11;;;;417.00
5332;боковой элемент 1.54.019;;310;115;;1.54.019;;;;;;;Нет;;11;;;;417.00
5333;квадрат 1.54.001;;98;98;;1.54.001;;;;;;;Нет;;30;;;;380.00
5334;квадрат 1.54.002;;96;96;;1.54.002;;;;;;;Нет;;30;;;;367.00
5335;наличник 1.54.003;1262;;198;;1.54.003;;;;;;;Нет;;25;;;;1521.00
5336;наличник 1.54.004;2000;;238;;1.54.004;;;;;;;Нет;;25;;;;2548.00
5337;элемент 1.54.008;;155;119;;1.54.008;;;;;;;Нет;;19;;;;428.00
5338;элемент 1.54.006;;233;133;;1.54.006;;;;;;;Нет;;28;;;;524.00
5339;элемент 1.54.005;;325;136;;1.54.005;;;;;;;Нет;;19;;;;505.00
5340;элемент 1.54.007;;156;116;;1.54.007;;;;;;;Нет;;11;;;;414.00
5341;элемент 1.54.012;;728;116;;1.54.012;;;;;;;Нет;;9;;;;1045.00
5342;элемент 1.54.011;;433;114;;1.54.011;;;;;;;Нет;;16;;;;1031.00
5343;ствол 1.12.011;;;2345;;1.12.011;;;;;;250;Нет;;;;;;20405.00
5861;карниз 1.50.205;2000;;;;1.50.205;71;66;;;;;Нет;;;;;;1391.00
5862;карниз 1.50.196 гибкий;2000;;;;1.50.196;53;70;;;;;Да;;;1500;2000;;2640.00
5863;карниз 1.50.198 гибкий;2000;;;;1.50.198;92;87;;;;;Да;;;2000;2000;;2859.00
5864;карниз 1.50.201 гибкий;2000;;;;1.50.201;130;171;;;;;Да;;;3500;3500;;6450.00
5865;карниз 1.50.205 гибкий;2000;;;;1.50.205;71;66;;;;;Да;;;1500;1000;;2781.00
5866;молдинг 1.51.345;2000;;;;1.51.345;;94;;;;;Нет;;22;;;;1786.00
5867;молдинг 1.51.357;2000;;;;1.51.357;;48;;;;;Нет;;12;;;;1075.00
5868;молдинг 1.51.358;2000;;;;1.51.358;;82;;;;;Нет;;18;;;;1669.00
5869;молдинг 1.51.361;2000;;;;1.51.361;;51;;;;;Нет;;28;;;;1161.00
5870;молдинг 1.51.381;2000;;;;1.51.381;;193;;;;;Нет;;24;;;;2752.00
5871;молдинг 1.51.345 гибкий;2000;;;;1.51.345;;94;;;;;Да;;22;550;550;1500;3571.00
5872;молдинг 1.51.357 гибкий;2000;;;;1.51.357;;48;;;;;Да;;12;550;550;1500;2149.00
5873;молдинг 1.51.358 гибкий;2000;;;;1.51.358;;82;;;;;Да;;18;550;550;2000;3338.00
5874;молдинг 1.51.361 гибкий;2000;;;;1.51.361;;51;;;;;Да;;28;550;550;1500;2321.00
5875;молдинг 1.51.381 гибкий;2000;;;;1.51.381;;193;;;;;Да;;24;550;550;3500;5503.00
5876;архитрав 1.26.001;2000;83;131;130;1.26.001;;;;;;;Нет;;;;;;2927.00
5877;архитрав 1.26.002;2000;89;130;130;1.26.002;;;;;;;Нет;;;;;;2927.00
5878;архитрав 1.26.003;2000;91;130;130;1.26.003;;;;;;;Нет;;;;;;2997.00
5879;розетка 1.56.036;;;;;1.56.036;;;;;;886;Нет;;62;;;;5330.00
5880;база 1.13.600;;276;695;276;1.13.600;;;;;;;Нет;;;;;;9566.00
5881;ниша 1.61.101;;417;755;;1.61.101;;;;;;;Нет;;113;;;;5851.00
5882;ниша 1.61.102;;700;1132;;1.61.102;;;;;;;Нет;;106;;;;8965.00
5883;ниша с полкой 1.61.110;;304;590;94;1.61.110;;;;;;;Нет;;;;;;5417.00
5884;ниша с полкой 1.61.120;;553;975;180;1.61.120;;;;;;;Нет;;;;;;11062.00
5885;сандрик 1.63.001;1280;;146;;1.63.001;;;;;;;Нет;;57;;;;3026.00
5886;сандрик 1.63.002;1280;;146;;1.63.002;;;;;;;Нет;;57;;;;2846.00
5887;карниз 4.02.201;2000;268;250;;4.02.201;;;;;;;Нет;;;;;;12201.00
5888;карниз 4.01.201;2000;280;276;;4.01.201;;;;;;;Нет;;;;;;12377.00
5889;карниз 4.01.101;2000;353;251;;4.01.101;;;;;;;Нет;;;;;;10608.00
5890;карниз 4.01.301;2000;303;296;;4.01.301;;;;;;;Нет;;;;;;11494.00
5891;карниз 4.32.202;2000;190;174;;4.32.202;;;;;;;Нет;;;;;;8841.00
5892;карниз 4.01.103;2000;360;263;;4.01.103;;;;;;;Нет;;;;;;15913.00
5893;карниз 4.31.301;2000;254;198;;4.31.301;;;;;;;Нет;;;;;;10608.00
5894;карниз 4.32.201;2000;190;173;;4.32.201;;;;;;;Нет;;;;;;8841.00
5895;карниз 4.81.002;2000;108;365;;4.81.002;;;;;;;Нет;;;;;;7957.00
5896;карниз 4.32.302;2000;204;194;;4.32.302;;;;;;;Нет;;;;;;8134.00
5897;карниз 4.01.202;2000;282;280;;4.01.202;;;;;;;Нет;;;;;;13262.00
5898;карниз 4.01.302;2000;305;296;;4.01.302;;;;;;;Нет;;;;;;12377.00
5899;карниз 4.02.101;2000;307;253;;4.02.101;;;;;;;Нет;;;;;;13262.00
5900;карниз 4.31.101;2000;309;178;;4.31.101;;;;;;;Нет;;;;;;13791.00
5901;карниз 4.31.201;2000;249;170;;4.31.201;;;;;;;Нет;;;;;;8841.00
5902;карниз 4.31.202;2000;248;171;;4.31.202;;;;;;;Нет;;;;;;9726.00
5903;карниз 4.31.302;2000;254;200;;4.31.302;;;;;;;Нет;;;;;;8841.00
5904;карниз 4.32.101;2000;201;166;;4.32.101;;;;;;;Нет;;;;;;7072.00
5905;карниз 4.32.301;2000;203;195;;4.32.301;;;;;;;Нет;;;;;;8841.00
5906;карниз 4.81.001;2000;95;288;;4.81.001;;;;;;;Нет;;;;;;6544.00
5907;карниз 4.02.301;2000;291;270;;4.02.301;;;;;;;Нет;;;;;;13262.00
5908;фриз 4.03.101;2000;30;243;;4.03.101;;;;;;;Нет;;;;;;6191.00
5909;фриз 4.03.102;2000;70;235;;4.03.102;;;;;;;Нет;;;;;;6013.00
5910;фриз 4.03.201;2000;30;217;;4.03.201;;;;;;;Нет;;;;;;4422.00
5911;фриз 4.03.202;2000;62;191;;4.03.202;;;;;;;Нет;;;;;;4952.00
5912;фриз 4.03.301;2000;42;197;;4.03.301;;;;;;;Нет;;;;;;3184.00
5913;фриз 4.33.301;2000;83;129;;4.33.301;;;;;;;Нет;;;;;;3184.00
5914;фриз 4.03.302;2000;74;170;;4.03.302;;;;;;;Нет;;;;;;4952.00
5915;фриз 4.33.101;2000;92;162;;4.33.101;;;;;;;Нет;;;;;;5305.00
5916;фриз 4.33.102;2000;42;164;;4.33.102;;;;;;;Нет;;;;;;2655.00
5917;фриз 4.33.201;2000;80;145;;4.33.201;;;;;;;Нет;;;;;;6191.00
5918;фриз 4.33.202;2000;42;145;;4.33.202;;;;;;;Нет;;;;;;3362.00
5919;архитрав 4.04.201;2000;70;188;;4.04.201;;;;;;;Нет;;;;;;4422.00
5920;архитрав 4.34.201;2000;109;125;;4.34.201;;;;;;;Нет;;;;;;4068.00
5921;архитрав 4.34.202;2000;67;124;;4.34.202;;;;;;;Нет;;;;;;3537.00
5922;архитрав 4.04.101;2000;56;168;;4.04.101;;;;;;;Нет;;;;;;3537.00
5923;архитрав 4.04.102;2000;90;152;;4.04.102;;;;;;;Нет;;;;;;4775.00
5924;архитрав 4.04.202;2000;96;168;;4.04.202;;;;;;;Нет;;;;;;5660.00
5925;архитрав 4.04.301;2000;65;207;;4.04.301;;;;;;;Нет;;;;;;3362.00
5926;архитрав 4.04.302;2000;95;173;;4.04.302;;;;;;;Нет;;;;;;5660.00
5927;архитрав 4.34.101;2000;108;112;;4.34.101;;;;;;;Нет;;;;;;5305.00
5928;архитрав 4.34.102;2000;59;112;;4.34.102;;;;;;;Нет;;;;;;3184.00
5929;архитрав 4.34.301;2000;100;137;;4.34.301;;;;;;;Нет;;;;;;4422.00
5930;архитрав 4.34.302;2000;67;137;;4.34.302;;;;;;;Нет;;;;;;3184.00
5931;балясина 4.71.101;;120;784;120;4.71.101;;;;;;;Нет;;;;;;2655.00
5932;балясина 4.71.201;;90;790;90;4.71.201;;;;;;;Нет;;;;;;2300.00
5933;столб 4.75.101;;222;1020;222;4.75.101;;;;;;;Нет;;;;;;8841.00
5934;столб 4.75.201;;182;1019;182;4.75.201;;;;;;;Нет;;;;;;7072.00
5935;крышка (пирамида) 4.76.101;;269;82;269;4.76.101;;;;;;;Нет;;;;;;1416.00
5936;крышка (пирамида) 4.76.201;;219;70;219;4.76.201;;;;;;;Нет;;;;;;800.00
5937;крышка столба (плоская) 4.73.101;;269;55;270;4.73.101;;;;;;;Нет;;;;;;1154.00
5938;крышка столба (плоская) 4.73.201;;220;46;220;4.73.201;;;;;;;Нет;;;;;;886.00
5939;крышка (шар) 4.77.101;;;230;;4.77.101;;;;;;179;Нет;;;;;;1416.00
5940;крышка (шар) 4.77.201;;;195;;4.77.201;;;;;;149;Нет;;;;;;1154.00
5941;основание 4.74.101;;3000;100;180;4.74.101;;;;;;;Нет;;;;;;15029.00
5942;основание 4.74.201;;3000;89;140;4.74.201;;;;;;;Нет;;;;;;12377.00
5943;поручень 4.72.101;3000;189;111;;4.72.101;;;;;;;Нет;;;;;;12909.00
5944;поручень 4.72.201;3000;152;102;;4.72.201;;;;;;;Нет;;;;;;11494.00
5945;наличник 4.84.001;2000;183;;50;4.84.001;;;;;;;Нет;;;;;;4422.00
5946;наличник 4.84.002;2300;160;;40;4.84.002;;;;;;;Нет;;;;;;3815.00
5947;наличник 4.84.003;2300;140;;37;4.84.003;;;;;;;Нет;;;;;;2942.00
5948;наличник 4.84.051;2300;183;;50;4.84.051;;;;;;;Нет;;;;;;4598.00
5949;наличник 4.84.052;2000;160;;40;4.84.052;;;;;;;Нет;;;;;;3641.00
5950;наличник 4.84.053;2000;140;;37;4.84.053;;;;;;;Нет;;;;;;2779.00
5951;арочное обрамление 4.87.031;;1140;1116;50;4.87.031;;;;;;;Нет;750;;;;;4068.00
5952;арочное обрамление 4.87.032;;1021;1023;40;4.87.032;;;;;;;Нет;700;;;;;3273.00
5953;арочное обрамление 4.87.033;;882;890;37;4.87.033;;;;;;;Нет;600;;;;;2123.00
5954;замковый камень 4.85.001;;293;282;65;4.85.001;;;;;;;Нет;;;;;;1206.00
5955;замковый камень 4.85.002;;221;232;68;4.85.002;;;;;;;Нет;;;;;;1062.00
5956;замковый камень 4.85.003;;200;211;51;4.85.003;;;;;;;Нет;;;;;;1062.00
5957;подоконный элемент 4.82.001;2000;;160;100;4.82.001;;;;;;;Нет;;;;;;5305.00
5958;подоконный элемент 4.82.002;2000;;125;94;4.82.002;;;;;;;Нет;;;;;;3537.00
5959;подоконный элемент 4.82.003;2000;;110;86;4.82.003;;;;;;;Нет;;;;;;3537.00
5960;подоконный элемент 4.82.101;2000;;105;48;4.82.101;;;;;;;Нет;;;;;;2566.00
5961;подоконный элемент 4.82.201;2000;;94;60;4.82.201;;;;;;;Нет;;;;;;2655.00
5962;подоконный элемент 4.82.202;2000;;94;52;4.82.202;;;;;;;Нет;;;;;;2655.00
5963;подоконный элемент 4.82.301;2000;;109;62;4.82.301;;;;;;;Нет;;;;;;2655.00
5964;подоконный элемент 4.82.302;2000;;109;54;4.82.302;;;;;;;Нет;;;;;;2655.00
5965;кронштейн-пьедестал 4.83.101;;392;274;197;4.83.101;;;;;;;Нет;;;;;;2829.00
5966;кронштейн-пьедестал 4.83.102;;356;240;128;4.83.102;;;;;;;Нет;;;;;;1727.00
5967;кронштейн-пьедестал 4.83.201;;393;277;195;4.83.201;;;;;;;Нет;;;;;;1947.00
5968;кронштейн-пьедестал 4.83.202;;355;262;132;4.83.202;;;;;;;Нет;;;;;;1993.00
5969;кронштейн-пьедестал 4.83.301;;366;276;181;4.83.301;;;;;;;Нет;;;;;;1769.00
5970;кронштейн-пьедестал 4.83.302;;333;269;128;4.83.302;;;;;;;Нет;;;;;;1592.00
5971;руст 4.86.003;;373;249;40;4.86.003;;;;;;;Нет;;;;;;1154.00
5972;руст 4.86.004;;250;250;40;4.86.004;;;;;;;Нет;;;;;;709.00
5973;руст 4.86.005;;360;290;42;4.86.005;;;;;;;Нет;;;;;;1154.00
5974;руст 4.86.001;;555;290;42;4.86.001;;;;;;;Нет;;;;;;1947.00
5975;руст 4.86.002;;548;216;37;4.86.002;;;;;;;Нет;;;;;;1239.00
5982;угловой элемент 1.52.361;;290;290;;1.52.361;;;;;;;Нет;;28;;;;923.00
5983;база 4.17.302;;372;160;185;4.17.302;;;;;;;Нет;;;;;;2476.00
5984;база 4.53.201;;252;121;80;4.53.201;;;;;;;Нет;;;;;;932.00
5985;база 4.53.301;;226;109;76;4.53.301;;;;;;;Нет;;;;;;666.00
5986;база 4.17.101;;440;180;217;4.17.101;;;;;;;Нет;;;;;;2476.00
5987;база 4.17.201;;410;170;205;4.17.201;;;;;;;Нет;;;;;;2476.00
5988;база 4.17.202;;411;171;204;4.17.202;;;;;;;Нет;;;;;;1769.00
5989;база 4.17.301;;369;161;184;4.17.301;;;;;;;Нет;;;;;;1947.00
5990;база 4.23.101;;408;181;125;4.23.101;;;;;;;Нет;;;;;;1860.00
5991;база 4.23.201;;375;170;120;4.23.201;;;;;;;Нет;;;;;;1860.00
5992;база 4.23.301;;348;160;113;4.23.301;;;;;;;Нет;;;;;;1860.00
5993;база 4.43.101;;296;122;296;4.43.101;;;;;;;Нет;;;;;;2219.00
5994;база 4.43.201;;272;116;272;4.43.201;;;;;;;Нет;;;;;;2045.00
5995;база 4.43.202;;272;115;272;4.43.202;;;;;;;Нет;;;;;;2336.00
5996;база 4.43.301;;244;107;244;4.43.301;;;;;;;Нет;;;;;;2336.00
5997;база 4.43.302;;244;108;244;4.43.302;;;;;;;Нет;;;;;;2336.00
5998;база 4.47.101;;293;119;147;4.47.101;;;;;;;Нет;;;;;;1010.00
5999;база 4.47.201;;272;115;136;4.47.201;;;;;;;Нет;;;;;;932.00
6000;база 4.47.202;;270;117;136;4.47.202;;;;;;;Нет;;;;;;1062.00
6001;база 4.47.301;;244;107;122;4.47.301;;;;;;;Нет;;;;;;1062.00
6002;база 4.47.302;;243;107;122;4.47.302;;;;;;;Нет;;;;;;1062.00
6003;база 4.53.101;;260;120;80;4.53.101;;;;;;;Нет;;;;;;800.00
6004;база 4.53.302;;226;108;76;4.53.302;;;;;;;Нет;;;;;;666.00
6005;база 4.13.101;;440;180;440;4.13.101;;;;;;;Нет;;;;;;5447.00
6006;база 4.13.201;;411;170;411;4.13.201;;;;;;;Нет;;;;;;5447.00
6007;база 4.13.202;;411;170;411;4.13.202;;;;;;;Нет;;;;;;3892.00
6008;база 4.13.301;;370;161;370;4.13.301;;;;;;;Нет;;;;;;4282.00
6009;база 4.13.302;;370;161;370;4.13.302;;;;;;;Нет;;;;;;5447.00
6010;база 4.17.002;;507;215;253;4.17.002;;;;;;;Нет;;;;;;3362.00
6011;база 4.17.001;;487;198;242;4.17.001;;;;;;;Нет;;;;;;3008.00
6012;капитель 4.51.301;;269;205;99;4.51.301;;;;;;;Нет;;;;;;1062.00
6013;капитель 4.15.101;;408;181;203;4.15.101;;;;;;;Нет;;;;;;2389.00
6014;капитель 4.15.201;;434;161;180;4.15.201;;;;;;;Нет;;;;;;2123.00
6015;капитель 4.15.301;;397;313;198;4.15.301;;;;;;;Нет;;;;;;3008.00
6016;капитель 4.21.101;;406;178;124;4.21.101;;;;;;;Нет;;;;;;1860.00
6017;капитель 4.21.201;;444;167;98;4.21.201;;;;;;;Нет;;;;;;1860.00
6018;капитель 4.21.301;;417;312;151;4.21.301;;;;;;;Нет;;;;;;2655.00
6019;капитель 4.41.101;;274;127;274;4.41.101;;;;;;;Нет;;;;;;3095.00
6020;капитель 4.41.201;;293;116;241;4.41.201;;;;;;;Нет;;;;;;2045.00
6021;капитель 4.41.301;;262;207;262;4.41.301;;;;;;;Нет;;;;;;2336.00
6022;капитель 4.45.101;;274;127;136;4.45.101;;;;;;;Нет;;;;;;1408.00
6023;капитель 4.45.201;;293;116;122;4.45.201;;;;;;;Нет;;;;;;932.00
6024;капитель 4.45.301;;262;208;133;4.45.301;;;;;;;Нет;;;;;;1062.00
6025;капитель 4.51.101;;260;125;80;4.51.101;;;;;;;Нет;;;;;;800.00
6026;капитель 4.51.201;;305;115;67;4.51.201;;;;;;;Нет;;;;;;800.00
6027;капитель 4.11.101;;408;180;408;4.11.101;;;;;;;Нет;;;;;;5255.00
6028;капитель 4.11.201;;429;164;360;4.11.201;;;;;;;Нет;;;;;;4671.00
6029;капитель 4.11.301;;396;313;396;4.11.301;;;;;;;Нет;;;;;;6613.00
6030;капитель 4.15.102;;543;240;272;4.15.102;;;;;;;Нет;;;;;;3981.00
6031;регул 4.37.101;120;;20;8;4.37.101;;;;;;;Нет;;;;;;234.00
6032;регул 4.07.101;167;;30;12;4.07.101;;;;;;;Нет;;;;;;234.00
6033;мутул 4.05.102;127;;190;58;4.05.102;;;;;;;Нет;;;;;;1195.00
6034;мутул 4.35.102;132;;82;41;4.35.102;;;;;;;Нет;;;;;;357.00
6035;мутул 4.35.101;132;;139;41;4.35.101;;;;;;;Нет;;;;;;463.00
6036;мутул 4.05.101;190;;211;61;4.05.101;;;;;;;Нет;;;;;;1276.00
6037;модильон 4.08.301;;87;127;53;4.08.301;;;;;;;Нет;;;;;;375.00
6038;модильон 4.08.302;;82;88;45;4.08.302;;;;;;;Нет;;;;;;234.00
6039;модильон 4.38.301;;56;84;33;4.38.301;;;;;;;Нет;;;;;;234.00
6040;модильон 4.38.302;;55;67;33;4.38.302;;;;;;;Нет;;;;;;234.00
6041;триглиф 4.36.101;;120;163;9;4.36.101;;;;;;;Нет;;;;;;320.00
6042;триглиф 4.06.101;;169;244;12;4.06.101;;;;;;;Нет;;;;;;673.00
6043;ствол 4.52.102;;210;1516;54;4.52.102;;;;;;;Нет;;;;;;3537.00
6044;ствол 4.52.301;;186;1453;56;4.52.301;;;;;;;Нет;;;;;;2655.00
6045;ствол 4.16.101;;330;2315;164;4.16.101;;;;;;;Нет;;;;;;14143.00
6046;ствол 4.16.102;;328;2306;165;4.16.102;;;;;;;Нет;;;;;;8841.00
6047;ствол 4.16.201;;294;2389;148;4.16.201;;;;;;;Нет;;;;;;11494.00
6048;ствол 4.16.202;;295;2396;148;4.16.202;;;;;;;Нет;;;;;;10608.00
6049;ствол 4.16.301;;272;2207;136;4.16.301;;;;;;;Нет;;;;;;8841.00
6050;ствол 4.22.101;;334;2305;88;4.22.101;;;;;;;Нет;;;;;;8841.00
6051;ствол 4.22.102;;333;2304;88;4.22.102;;;;;;;Нет;;;;;;7957.00
6052;ствол 4.22.201;;260;2348;62;4.22.201;;;;;;;Нет;;;;;;7957.00
6053;ствол 4.22.202;;260;2343;62;4.22.202;;;;;;;Нет;;;;;;7957.00
6054;ствол 4.22.301;;294;2197;86;4.22.301;;;;;;;Нет;;;;;;8134.00
6055;ствол 4.22.302;;293;2196;86;4.22.302;;;;;;;Нет;;;;;;7072.00
6056;ствол 4.42.101;;222;1514;222;4.42.101;;;;;;;Нет;;;;;;8560.00
6057;ствол 4.42.201;;197;1578;197;4.42.201;;;;;;;Нет;;;;;;7003.00
6058;ствол 4.42.301;;179;1457;179;4.42.301;;;;;;;Нет;;;;;;5837.00
6059;ствол 4.46.101;;219;1518;110;4.46.101;;;;;;;Нет;;;;;;3892.00
6060;ствол 4.46.201;;198;1575;99;4.46.201;;;;;;;Нет;;;;;;3184.00
6061;ствол 4.46.301;;182;1459;88;4.46.301;;;;;;;Нет;;;;;;2655.00
6062;ствол 4.52.101;;208;1514;54;4.52.101;;;;;;;Нет;;;;;;3537.00
6063;ствол 4.52.201;;175;2003;42;4.52.201;;;;;;;Нет;;;;;;3537.00
6064;ствол 4.52.202;;174;2013;42;4.52.202;;;;;;;Нет;;;;;;4245.00
6065;ствол 4.52.302;;185;1453;55;4.52.302;;;;;;;Нет;;;;;;2123.00
6066;верхний фрагмент ствола 4.16.001;;432;354;216;4.16.001;;;;;;;Нет;;;;;;3892.00
6067;фрагмент ствола 4.16.002;;363;700;180;4.16.002;;;;;;;Нет;;;;;;3981.00
6068;ствол 4.12.301;;270;2198;270;4.12.301;;;;;;;Нет;;;;;;19449.00
6069;ствол 4.12.101;;331;2312;331;4.12.101;;;;;;;Нет;;;;;;31116.00
6070;ствол 4.12.102;;331;2294;331;4.12.102;;;;;;;Нет;;;;;;19449.00
6071;ствол 4.12.202;;294;2394;294;4.12.202;;;;;;;Нет;;;;;;23337.00
6072;ствол 4.12.201;;294;2386;294;4.12.201;;;;;;;Нет;;;;;;25283.00
6104;E01.M.290 / Клей Европласт Монтажный 290 мл.;;;;;E01.M.290;;;;;;;Нет;;;;;;498.00
6105;E04.U.290 / Клей Европласт универсальный 290 мл.;;;;;E04.U.290;;;;;;;Нет;;;;;;960.00
6107;E02.S.290 / Клей Европласт стыковочный 290 мл.;;;;;E02.S.290;;;;;;;Нет;;;;;;1200.00
6108;карниз 1.50.101;2000;;;;1.50.101;69;68;;;;;Нет;;;;;;1318.00
6109;карниз 1.50.101 гибкий;2000;;;;1.50.101;69;68;;;;;Да;;;2000;1500;;2635.00
6110;карниз 1.50.199 гибкий;2000;;;;1.50.199;72;73;;;;;Да;;;2000;1500;;2781.00
6111;карниз 1.50.199;2000;;;;1.50.199;72;73;;;;;Нет;;;;;;1391.00
6112;молдинг 1.51.353;2000;;;;1.51.353;;26;;;;;Нет;;16;;;;855.00
6113;молдинг 1.51.353 гибкий;2000;;;;1.51.353;;26;;;;;Да;;16;550;550;1500;1708.00
6114;молдинг 1.51.356;2000;;;;1.51.356;;47;;;;;Нет;;9;;;;1075.00
6115;молдинг 1.51.356 гибкий;2000;;;;1.51.356;;47;;;;;Да;;9;550;550;2000;2149.00
6135;откос 4.88.001;2000;12;399;;4.88.001;;;;;;;Нет;;;;;;3097.00
6168;элемент камина 1.64.004;;1300;239;201;1.64.004;;;;;;;Нет;;;;;;14392.00
6169;элемент камина 1.64.005;;152;860;170;1.64.005;;;;;;;Нет;;;;;;7300.00
6171;элемент камина 1.64.005;;152;860;170;1.64.005;;;;;;;Нет;;;;;;7300.00
6172;карниз 1.50.108;2000;;;;1.50.108;117;119;;;;;Нет;;;;;;2547.00
6173;карниз 1.50.161;2000;;;;1.50.161;91;81;;;;;Нет;;;;;;1391.00
6174;карниз 1.50.179;2000;;;;1.50.179;81;78;;;;;Нет;;;;;;1339.00
6175;карниз 1.50.189;2000;;;;1.50.189;72;70;;;;;Нет;;;;;;1391.00
6176;карниз 1.50.207;2000;;;;1.50.207;55;52;;;;;Нет;;;;;;1385.00
6177;карниз 1.50.274;2000;;;;1.50.274;55;86;;;;;Нет;;;;;;1391.00
6178;карниз 1.50.275;2000;;;;1.50.275;76;105;;;;;Нет;;;;;;2583.00
6179;молдинг 1.51.346;2000;;;;1.51.346;;34;;;;;Нет;;16;;;;919.00
6180;розетка 1.56.040;;;;;1.56.040;;;;;;705;Нет;;50;;;;4476.00
6181;розетка 1.56.041;;785;544;;1.56.041;;;;;;;Нет;;51;;;;3110.00
6182;кронштейн 1.19.007;;184;185;102;1.19.007;;;;;;;Нет;;;;;;1719.00
6183;кронштейн 1.19.008;;163;225;85;1.19.008;;;;;;;Нет;;;;;;1719.00
6184;капитель 1.21.008;;152;98;45;1.21.008;;;;;;;Нет;;;;;;1766.00
6185;ствол 1.22.050;;96;2000;17;1.22.050;;;;;;;Нет;;;;;;2603.00
6186;база 1.23.600;;117;255;25;1.23.600;;;;;;;Нет;;;;;;1851.00
6188;карниз 4.91.001;2000;200;202;;4.91.001;;;;;;;Нет;;;;;;8420.00
6189;карниз 4.91.004;2000;200;300;;4.91.004;;;;;;;Нет;;;;;;10946.00
6194;карниз 1.50.208 гибкий;2000;;;;1.50.208;71;71;;;;;Да;;;3000;;;2781.00
6195;карниз 1.50.204 гибкий;2000;;;;1.50.204;40;36;;;;;Да;;;2000;1500;;2503.00
6196;карниз 1.50.189 гибкий;2000;;;;1.50.189;72;70;;;;;Да;;;2500;1500;;2781.00
6198;замковый камень 4.85.004;;255;206;75;4.85.004;;;;;;;Нет;;;;;;1113.00
6199;замковый камень 4.85.005;;253;306;75;4.85.005;;;;;;;Нет;;;;;;1516.00
6200;карниз 4.91.002;2000;249;351;;4.91.002;;;;;;;Нет;;;;;;12630.00
6201;наличник 4.84.005;2000;121;;35;4.84.005;;;;;;;Нет;;;;;;1853.00
6202;кронштейн-пьедестал 4.83.003;;156;100;46;4.83.003;;;;;;;Нет;;;;;;532.00
6206;молдинг 1.51.359;2000;;;;1.51.359;;39;;;;;Нет;;12;;;;1075.00
6207;карниз 1.50.161 гибкий;2000;;;;1.50.161;91;81;;;;;Да;;;2500;1500;;2781.00
6208;молдинг 1.51.359 гибкий;2000;;;;1.51.359;;39;;;;;Да;;12;;;;2149.00
6211;наличник 4.84.004;2000;101;;48;4.84.004;;;;;;;Нет;;;;;;2410.00
6212;наличник 4.84.006;2000;201;;60;4.84.006;;;;;;;Нет;;;;;;3705.00
6213;карниз 4.91.003;2000;129;250;;4.91.003;;;;;;;Нет;;;;;;7780.00
6214;карниз 4.91.005;2000;165;201;;4.91.005;;;;;;;Нет;;;;;;8336.00
6215;фриз 4.33.302;2000;51;131;;4.33.302;;;;;;;Нет;;;;;;2655.00
6216;кронштейн-пьедестал 4.83.002;;173;114;48;4.83.002;;;;;;;Нет;;;;;;639.00
6217;фрагмент ствола 4.16.002;;363;700;180;4.16.002;;;;;;;Нет;;;;;;3981.00
6218;фрагмент ствола 4.16.002;;363;700;180;4.16.002;;;;;;;Нет;;;;;;3981.00
6313;молдинг 1.51.346 гибкий;2000;;;;1.51.346;;34;;;;;Да;;16;550;550;2500;1838.00
6355;угловой элемент 1.52.322;;110;110;;1.52.322;;;;;;;Нет;;12;;;;772.00
6356;угловой элемент 1.52.348;;250;250;;1.52.348;;;;;;;Нет;;25;;;;817.00
6357;угловой элемент 1.52.286;;199;199;;1.52.286;;;;;;;Нет;;12;;;;807.00
6358;угловой элемент 1.52.287;;300;300;;1.52.287;;;;;;;Нет;;20;;;;857.00
6359;карниз 1.50.108 гибкий;2000;;;;1.50.108;117;119;;;;;Да;;;3000;2500;;5092.00
6362;карниз 1.50.279;2000;;;;1.50.279;80;103;;;;;Нет;;;;;;2700.00
6363;карниз 1.50.276;2000;;;;1.50.276;100;60;;;;;Нет;;;;;;1385.00
6364;карниз 1.50.276 гибкий;2000;;;;1.50.276;100;60;;;;;Да;;;3000;2500;;2769.00
6365;карниз 1.50.278;2000;;;;1.50.278;68;82;;;;;Нет;;;;;;1459.00
6366;карниз 1.50.278 гибкий;2000;;;;1.50.278;68;82;;;;;Да;;;3500;2500;;2916.00
6367;розетка 1.56.044;;;;;1.56.044;;;;;;620;Нет;;41;;;;2934.00
6368;молдинг 1.51.360;2000;;;;1.51.360;;72;;;;;Нет;;17;;;;1050.00
6369;молдинг 1.51.360 гибкий;2000;;;;1.51.360;;72;;;;;Да;;17;550;550;1500;2100.00
6370;молдинг 1.51.363;2000;;;;1.51.363;;70;;;;;Нет;;13;;;;1137.00
6371;молдинг 1.51.363 гибкий;2000;;;;1.51.363;;70;;;;;Да;;13;550;550;1500;2273.00
6372;молдинг 1.51.362;2000;;;;1.51.362;;46;;;;;Нет;;10;;;;1072.00
6373;молдинг 1.51.362 гибкий;2000;;;;1.51.362;;46;;;;;Да;;10;500;500;2000;2144.00
6374;молдинг 1.51.370;2000;;;;1.51.370;;75;;;;;Нет;;15;;;;1179.00
6375;молдинг 1.51.370 гибкий;2000;;;;1.51.370;;75;;;;;Да;;15;550;550;1000;2357.00
6376;плинтус 1.53.110;2000;;;;1.53.110;;138;19;;;;Нет;;;;;;1947.00
6377;плинтус 1.53.110 гибкий;2000;;;;1.53.110;;138;18,5;;;;Да;;;500;500;;3894.00
6380;карниз 1.50.179 гибкий;2000;;;;1.50.179;81;78;;;;;Да;;;2500;2000;;2678.00
6381;карниз 1.50.207 гибкий;2000;;;;1.50.207;55;52;;;;;Да;;;2500;2000;;2769.00
6382;карниз 1.50.275 гибкий;2000;;;;1.50.275;76;105;;;;;Да;;;3000;2500;;5165.00
6385;ствол 4.16.003;;435;354;216;4.16.003;;;;;;;Нет;;;;;;2780.00
6386;ствол 4.16.004;;366;700;180;4.16.004;;;;;;;Нет;;;;;;3874.00
6387;ствол 4.16.005;;366;348;180;4.16.005;;;;;;;Нет;;;;;;2780.00
6388;капитель 4.15.202;;635;240;269;4.15.202;;;;;;;Нет;;;;;;5557.00
6389;капитель 4.15.302;;644;514;327;4.15.302;;;;;;;Нет;;;;;;8336.00
6390;капитель 4.11.102;;544;240;544;4.11.102;;;;;;;Нет;;;;;;8753.00
6391;капитель 4.11.202;;635;240;536;4.11.202;;;;;;;Нет;;;;;;12226.00
6392;капитель 4.11.302;;652;510;652;4.11.302;;;;;;;Нет;;;;;;18337.00
6393;база 4.13.001;;487;198;487;4.13.001;;;;;;;Нет;;;;;;6613.00
6394;ствол 4.12.001;;435;352;435;4.12.001;;;;;;;Нет;;;;;;8560.00
6395;ствол 4.12.002;;361;698;361;4.12.002;;;;;;;Нет;;;;;;8754.00
6396;ствол 4.12.003;;435;351;435;4.12.003;;;;;;;Нет;;;;;;6114.00
6397;ствол 4.12.004;;361;698;361;4.12.004;;;;;;;Нет;;;;;;8521.00
6398;ствол 4.12.005;;361;348;361;4.12.005;;;;;;;Нет;;;;;;6114.00
6423;карниз 1.50.271 гибкий;2000;;;;1.50.271;165;226;;;;;Да;;;5000;5000;;8064.00
6424;карниз 1.50.274 гибкий;2000;;;;1.50.274;55;86;;;;;Да;;;2500;2000;;2781.00
6429;E03.S.60 / Клей Европласт стыковочный 60 мл.;;;;;E03.S.60;;;;;;;Нет;;;;;;490.00
6430;база 1.54.030;;108;228;;1.54.030;;;;;;;Нет;;29;;;;998.00
6431;квадрат 1.54.013;;109;109;;1.54.013;;;;;;;Нет;;28;;;;367.00
6432;квадрат 1.54.013;;109;109;;1.54.013;;;;;;;Нет;;28;;;;367.00
6433;база 1.54.030;;108;228;;1.54.030;;;;;;;Нет;;29;;;;998.00
6434;угловой элемент 1.52.285;;181;181;;1.52.285;;;;;;;Нет;;24;;;;802.00
6435;молдинг 1.51.367;2000;;;;1.51.367;;124;;;;;Нет;;24;;;;1719.00
6436;молдинг 1.51.367 гибкий;2000;;;;1.51.367;;124;;;;;Да;;24;550;550;1500;3437.00
6438;карниз 1.50.280;2000;;;;1.50.280;143;168;;;;;Нет;;;;;;3597.00
6439;молдинг 1.51.368;2000;;;;1.51.368;;138;;;;;Нет;;40;;;;2046.00
6440;орнамент 1.60.025;;385;209;;1.60.025;;;;;;;Нет;;32;;;;1311.00
6441;орнамент 1.60.032;;604;189;;1.60.032;;;;;;;Нет;;50;;;;2407.00
6442;орнамент 1.60.020;;51;155;;1.60.020;;;;;;;Нет;;7;;;;473.00
6443;орнамент 1.60.120;;51;155;;1.60.120;;;;;;;Нет;;7;;;;473.00
6444;торцевой элемент 4.33.332;;51;131;51;4.33.332;;;;;;;Нет;;;;;;391.00
6445;торцевой элемент 4.31.232;;249;170;248;4.31.232;;;;;;;Нет;;;;;;2677.00
6446;торцевой элемент 4.81.031;;96;288;95;4.81.031;;;;;;;Нет;;;;;;724.00
6447;торцевой элемент 4.81.032;;107;365;108;4.81.032;;;;;;;Нет;;;;;;969.00
6448;внешний угол 4.32.111;;302;166;300;4.32.111;;;;;;;Нет;;;;;;2336.00
6449;внешний угол 4.32.312;;301;194;302;4.32.312;;;;;;;Нет;;;;;;2733.00
6450;внешний угол 4.81.011;;199;288;197;4.81.011;;;;;;;Нет;;;;;;1443.00
6451;внешний угол 4.81.012;;207;365;207;4.81.012;;;;;;;Нет;;;;;;1842.00
6452;внутренний угол 4.31.222;;358;170;358;4.31.222;;;;;;;Нет;;;;;;3747.00
6453;внутренний угол 4.32.221;;292;173;291;4.32.221;;;;;;;Нет;;;;;;2872.00
6454;внутренний угол 4.81.021;;195;288;195;4.81.021;;;;;;;Нет;;;;;;1443.00
6455;внутренний угол 4.81.022;;210;365;210;4.81.022;;;;;;;Нет;;;;;;1842.00
6456;опорный блок 4.78.101;;239;60;184;4.78.101;;;;;;;Нет;;;;;;800.00
6457;полукрышка 4.73.211;;220;45;110;4.73.211;;;;;;;Нет;;;;;;532.00
6458;полукрышка пирамида 4.76.111;;268;82;134;4.76.111;;;;;;;Нет;;;;;;886.00
6459;полуоснование 4.74.111;;2000;100;90;4.74.111;;;;;;;Нет;;;;;;8841.00
6460;полупоручень 4.72.111;;3000;110;95;4.72.111;;;;;;;Нет;;;;;;7957.00
6461;полустолб 4.75.111;;220;1018;110;4.75.111;;;;;;;Нет;;;;;;5305.00
6462;полустолб 4.75.211;;180;1018;90;4.75.211;;;;;;;Нет;;;;;;4245.00
6463;торцевой элемент 4.02.331;;298;270;291;4.02.331;;;;;;;Нет;;;;;;4306.00
6464;торцевой элемент 4.03.131;;30;243;30;4.03.131;;;;;;;Нет;;;;;;391.00
6465;торцевой элемент 4.03.132;;70;235;70;4.03.132;;;;;;;Нет;;;;;;472.00
6466;торцевой элемент 4.03.332;;74;170;74;4.03.332;;;;;;;Нет;;;;;;410.00
6467;полубалясина 4.71.111;;120;783;60;4.71.111;;;;;;;Нет;;;;;;1769.00
6468;полубалясина 4.71.211;;90;789;45;4.71.211;;;;;;;Нет;;;;;;1416.00
6469;торцевой элемент 4.33.331;;83;129;83;4.33.331;;;;;;;Нет;;;;;;391.00
6470;торцевой элемент 4.34.131;;108;112;108;4.34.131;;;;;;;Нет;;;;;;639.00
6471;торцевой элемент 4.34.231;;109;125;109;4.34.231;;;;;;;Нет;;;;;;489.00
6472;внутренний угол 4.32.322;;302;194;303;4.32.322;;;;;;;Нет;;;;;;2733.00
6473;торцевой элемент 4.32.331;;203;195;203;4.32.331;;;;;;;Нет;;;;;;1998.00
6474;торцевой элемент 4.32.332;;202;194;204;4.32.332;;;;;;;Нет;;;;;;1837.00
6475;торцевой элемент 4.33.132;;42;164;42;4.33.132;;;;;;;Нет;;;;;;391.00
6476;торцевой элемент 4.33.232;;42;145;42;4.33.232;;;;;;;Нет;;;;;;391.00
6477;торцевой элемент 4.04.331;;65;207;65;4.04.331;;;;;;;Нет;;;;;;391.00
6478;внешний угол 4.01.111;;455;251;455;4.01.111;;;;;;;Нет;;;;;;5312.00
6479;внешний угол 4.01.113;;460;263;460;4.01.113;;;;;;;Нет;;;;;;8055.00
6480;внешний угол 4.01.211;;381;276;383;4.01.211;;;;;;;Нет;;;;;;5246.00
6481;внешний угол 4.01.212;;395;280;395;4.01.212;;;;;;;Нет;;;;;;5619.00
6482;внешний угол 4.01.311;;405;296;404;4.01.311;;;;;;;Нет;;;;;;5186.00
6483;внешний угол 4.02.111;;409;253;410;4.02.111;;;;;;;Нет;;;;;;5984.00
6484;внешний угол 4.02.211;;358;250;355;4.02.211;;;;;;;Нет;;;;;;4968.00
6485;внешний угол 4.02.311;;373;270;372;4.02.311;;;;;;;Нет;;;;;;5764.00
6486;внутренний угол 4.01.121;;458;251;457;4.01.121;;;;;;;Нет;;;;;;5312.00
6487;внутренний угол 4.01.123;;459;263;460;4.01.123;;;;;;;Нет;;;;;;8055.00
6488;внутренний угол 4.01.221;;381;276;380;4.01.221;;;;;;;Нет;;;;;;5246.00
6489;внутренний угол 4.01.222;;394;280;395;4.01.222;;;;;;;Нет;;;;;;5619.00
6490;внутренний угол 4.01.321;;402;296;401;4.01.321;;;;;;;Нет;;;;;;5186.00
6491;внутренний угол 4.01.322;;401;296;404;4.01.322;;;;;;;Нет;;;;;;5584.00
6492;внутренний угол 4.02.121;;407;253;408;4.02.121;;;;;;;Нет;;;;;;5984.00
6498;карниз 1.50.284;2000;;;;1.50.284;70;81;;;;;Нет;;;;;;1291.00
6499;карниз 1.50.284 гибкий;2000;;;;1.50.284;70;81;;;;;Да;;;2000;2000;;2581.00
6500;карниз 1.50.283;2000;;;;1.50.283;41;75;;;;;Нет;;;;;;1246.00
6501;МОНТАЖНЫЙ КОМПЛЕКТ;;;;;m_comp_b201;;;;;;;Нет;;;;;;8900.00
6502;внешний угол 4.32.212;;283;173;281;4.32.212;;;;;;;Нет;;;;;;2872.00
6503;внутренний угол 4.32.121;;302;166;303;4.32.121;;;;;;;Нет;;;;;;2336.00
6504;торцевой элемент 4.32.131;;306;166;201;4.32.131;;;;;;;Нет;;;;;;1575.00
6515;полукрышка 4.73.111;;269;56;135;4.73.111;;;;;;;Нет;;;;;;709.00
6516;полупоручень 4.72.211;;3000;102;75;4.72.211;;;;;;;Нет;;;;;;6898.00
6517;полуоснование 4.74.211;;3000;88;70;4.74.211;;;;;;;Нет;;;;;;7428.00
6518;полукрышка пирамида 4.76.211;;219;69;108;4.76.211;;;;;;;Нет;;;;;;532.00
6538;орнамент 1.60.026;;175;151;;1.60.026;;;;;;;Нет;;30;;;;485.00
6539;орнамент 1.60.029;;394;220;;1.60.029;;;;;;;Нет;;31;;;;1455.00
6540;карниз 1.50.281;2000;;;;1.50.281;112;204;;;;;Нет;;;;;;3669.00
6541;молдинг 1.51.374;2000;;;;1.51.374;;101;;;;;Нет;;9;;;;1663.00
6542;молдинг 1.51.374 гибкий;2000;;;;1.51.374;;101;;;;;Да;;9;550;550;3000;3325.00
6544;внешний угол 4.32.311;;314;195;316;4.32.311;;;;;;;Нет;;;;;;2969.00
6545;внутренний угол 4.32.321;;292;195;294;4.32.321;;;;;;;Нет;;;;;;2969.00
6546;торцевой элемент 4.32.231;;192;173;190;4.32.231;;;;;;;Нет;;;;;;1898.00
6547;орнамент 1.60.021;;817;230;;1.60.021;;;;;;;Нет;;44;;;;2689.00
6548;орнамент 1.60.022;;895;318;;1.60.022;;;;;;;Нет;;50;;;;3515.00
6549;орнамент 1.60.024;;236;191;;1.60.024;;;;;;;Нет;;24;;;;1298.00
6550;орнамент 1.60.027;;269;152;;1.60.027;;;;;;;Нет;;31;;;;1298.00
6551;орнамент 1.60.028;;408;120;;1.60.028;;;;;;;Нет;;20;;;;1665.00
6552;кронштейн 1.19.010;;119;229;81;1.19.010;;;;;;;Нет;;;;;;1719.00
6553;карниз 1.50.285;2000;;;;1.50.285;109;144;;;;;Нет;;;;;;2811.00
6554;карниз 1.50.286;2000;;;;1.50.286;83;86;;;;;Нет;;;;;;1387.00
6555;карниз 1.50.282;2000;;;;1.50.282;40;69;;;;;Нет;;;;;;1246.00
6564;карниз 1.50.286 гибкий;2000;;;;1.50.286;83;86;;;;;Да;;;2500;2000;;2774.00
6565;карниз 1.50.288;2000;;;;1.50.288;54;59;;;;;Нет;;;;;;1246.00
6566;молдинг 1.51.375;2000;;;;1.51.375;;41;;;;;Нет;;20;;;;1053.00
6581;карниз 1.50.288 гибкий;2000;;;;1.50.288;54;59;;;;;Да;;;2500;2500;;2490.00
6582;карниз 1.50.280 гибкий;2000;;;;1.50.280;143;168;;;;;Да;;;3500;3500;;7191.00
6583;орнамент 1.60.034;;263;95;;1.60.034;;;;;;;Нет;;12;;;;1223.00
6584;молдинг 1.51.373;2000;;;;1.51.373;;100;;;;;Нет;;21;;;;1721.00
6585;орнамент 1.60.033;;217;100;;1.60.033;;;;;;;Нет;;19;;;;1242.00
6586;орнамент 1.60.030;;285;154;;1.60.030;;;;;;;Нет;;22;;;;1247.00
6587;карниз 1.50.277;2000;;;;1.50.277;156;45;;;;;Нет;;;;;;2774.00
6588;розетка 1.56.008;;538;440;;1.56.008;;;;;;;Нет;;32;;;;2268.00
6589;орнамент 1.60.031;;232;141;;1.60.031;;;;;;;Нет;;28;;;;1237.00
6590;орнамент 1.60.123;;296;158;;1.60.123;;;;;;;Нет;;30;;;;1516.00
6591;орнамент 1.60.023;;296;158;;1.60.023;;;;;;;Нет;;30;;;;1516.00
6594;ствол 4.16.004;;366;700;180;4.16.004;;;;;;;Нет;;;;;;3874.00
6595;ствол 4.16.004;;366;700;180;4.16.004;;;;;;;Нет;;;;;;3874.00
6598;база 4.13.002;;506;215;506;4.13.002;;;;;;;Нет;;;;;;7392.00
6599;ствол 4.12.002;;361;698;361;4.12.002;;;;;;;Нет;;;;;;8754.00
6600;ствол 4.12.002;;361;698;361;4.12.002;;;;;;;Нет;;;;;;8754.00
6601;ствол 4.12.004;;361;698;361;4.12.004;;;;;;;Нет;;;;;;8521.00
6602;ствол 4.12.004;;361;698;361;4.12.004;;;;;;;Нет;;;;;;8521.00
6611;карниз 1.50.273 гибкий;2000;;;;1.50.273;130;198;;;;;Да;;;3500;2500;;6736.00
6612;молдинг 1.51.375 гибкий;2000;;;;1.51.375;;41;;;;;Да;;20;550;550;2000;2104.00
6613;внешний угол 4.01.312;;407;296;407;4.01.312;;;;;;;Нет;;;;;;5584.00
6614;сандрик 4.89.001;902;;510;;4.89.001;;;;;;;Нет;;54;;;;4839.00
6615;орнамент 4.99.001;;458;180;;4.99.001;;;;;;;Нет;;42;;;;903.00
6616;орнамент 4.99.002;;52;165;;4.99.002;;;;;;;Нет;;28;;;;414.00
6617;внутренний угол 4.02.221;;373;250;375;4.02.221;;;;;;;Нет;;;;;;4967.00
6618;внутренний угол 4.02.321;;403;270;402;4.02.321;;;;;;;Нет;;;;;;5764.00
6619;торцевой элемент 4.34.332;;67;137;67;4.34.332;;;;;;;Нет;;;;;;391.00
6620;торцевой элемент 4.34.232;;67;124;67;4.34.232;;;;;;;Нет;;;;;;391.00
6621;торцевой элемент 4.01.131;;361;251;353;4.01.131;;;;;;;Нет;;;;;;4146.00
6622;торцевой элемент 4.34.132;;59;112;59;4.34.132;;;;;;;Нет;;;;;;391.00
6623;торцевой элемент 4.32.232;;172;173;190;4.32.232;;;;;;;Нет;;;;;;1898.00
6624;торцевой элемент 4.01.133;;360;263;360;4.01.133;;;;;;;Нет;;;;;;6305.00
6625;торцевой элемент 4.01.231;;281;276;280;4.01.231;;;;;;;Нет;;;;;;3882.00
6626;внутренний угол 4.32.222;;287;173;286;4.32.222;;;;;;;Нет;;;;;;2872.00
6627;торцевой элемент 4.01.232;;281;280;282;4.01.232;;;;;;;Нет;;;;;;4160.00
6628;внешний угол 4.32.211;;288;173;290;4.32.211;;;;;;;Нет;;;;;;2872.00
6629;торцевой элемент 4.01.331;;305;296;304;4.01.331;;;;;;;Нет;;;;;;3922.00
6630;торцевой элемент 4.34.331;;100;137;100;4.34.331;;;;;;;Нет;;;;;;488.00
6631;торцевой элемент 4.01.332;;304;296;304;4.01.332;;;;;;;Нет;;;;;;4222.00
6632;торцевой элемент 4.33.231;;80;145;80;4.33.231;;;;;;;Нет;;;;;;551.00
6633;торцевой элемент 4.33.131;;92;162;92;4.33.131;;;;;;;Нет;;;;;;541.00
6634;торцевой элемент 4.31.332;;254;198;255;4.31.332;;;;;;;Нет;;;;;;2533.00
6635;торцевой элемент 4.31.331;;254;198;254;4.31.331;;;;;;;Нет;;;;;;3036.00
6636;торцевой элемент 4.31.231;;249;173;249;4.31.231;;;;;;;Нет;;;;;;2434.00
6637;торцевой элемент 4.02.131;;308;253;307;4.02.131;;;;;;;Нет;;;;;;4481.00
6638;торцевой элемент 4.31.131;;310;178;309;4.31.131;;;;;;;Нет;;;;;;4705.00
6639;торцевой элемент 4.02.231;;269;250;268;4.02.231;;;;;;;Нет;;;;;;3628.00
6640;внутренний угол 4.31.322;;348;186;350;4.31.322;;;;;;;Нет;;;;;;3502.00
6642;внутренний угол 4.31.321;;356;198;356;4.31.321;;;;;;;Нет;;;;;;4204.00
6643;торцевой элемент 4.03.231;;218;217;30;4.03.231;;;;;;;Нет;;;;;;391.00
6644;внутренний угол 4.31.221;;351;170;349;4.31.221;;;;;;;Нет;;;;;;3408.00
6645;внутренний угол 4.31.121;;410;183;410;4.31.121;;;;;;;Нет;;;;;;6222.00
6646;торцевой элемент 4.03.232;;62;191;62;4.03.232;;;;;;;Нет;;;;;;391.00
6647;торцевой элемент 4.03.331;;42;197;42;4.03.331;;;;;;;Нет;;;;;;391.00
6648;внешний угол 4.31.312;;357;198;359;4.31.312;;;;;;;Нет;;;;;;3502.00
6649;торцевой элемент 4.04.131;;56;168;56;4.04.131;;;;;;;Нет;;;;;;391.00
6650;внешний угол 4.31.311;;354;198;355;4.31.311;;;;;;;Нет;;;;;;4204.00
6651;торцевой элемент 4.04.132;;90;152;90;4.04.132;;;;;;;Нет;;;;;;391.00
6652;внешний угол 4.31.212;;363;171;363;4.31.212;;;;;;;Нет;;;;;;3747.00
6653;торцевой элемент 4.04.231;;70;188;70;4.04.231;;;;;;;Нет;;;;;;391.00
6654;внешний угол 4.31.211;;349;170;348;4.31.211;;;;;;;Нет;;;;;;3408.00
6655;торцевой элемент 4.04.232;;97;168;96;4.04.232;;;;;;;Нет;;;;;;391.00
6656;внешний угол 4.31.111;;411;178;408;4.31.111;;;;;;;Нет;;;;;;6222.00
6657;торцевой элемент 4.04.332;;95;173;95;4.04.332;;;;;;;Нет;;;;;;391.00
6658;торцевой элемент 4.82.031;;100;160;100;4.82.031;;;;;;;Нет;;;;;;488.00
6659;арочное обрамление 4.87.031 гибкий;;1140;1116;50;4.87.031;;;;;;;Да;750;;;;600-900;5305.00
6660;арочное обрамление 4.87.032 гибкий;;1021;1023;40;4.87.032;;;;;;;Да;700;;;;550-850;5305.00
6661;арочное обрамление 4.87.033 гибкий;;882;890;37;4.87.033;;;;;;;Да;600;;;;450-750;3184.00
6662;карниз 1.50.281 гибкий;2000;;;;1.50.281;112;204;;;;;Да;;;1500;1500;;7337.00
6663;карниз 1.50.282 гибкий;2000;;;;1.50.282;40;69;;;;;Да;;;2000;1500;;2490.00
6664;молдинг 1.51.368 гибкий;2000;;;;1.51.368;;138;;;;;Да;;40;550;550;2000;4092.00
6665;молдинг 1.51.364;2000;;;;1.51.364;;57;;;;;Нет;;8;;;;1566.00
6666;элемент камина 1.64.001;;1302;312;220;1.64.001;;;;;;;Нет;;;;;;16245.00
6667;элемент камина 1.64.002;;184;877;172;1.64.002;;;;;;;Нет;;;;;;9481.00
6668;элемент камина 1.64.003;;184;877;172;1.64.003;;;;;;;Нет;;;;;;9481.00
6670;карниз 1.50.277 гибкий;2000;;;;1.50.277;156;45;;;;;Да;;;>5000;;;5547.00
6671;молдинг 1.51.373 гибкий;2000;;;;1.51.373;;100;;;;;Да;;21;550;550;1500;3441.00
6672;розетка 1.56.050;;;;;1.56.050;;;;;;403;Нет;;38;;;;1847.00
6674;архитрав 1.26.001 гибкий;2000;83;131;130;1.26.001;;;;;;;Да;;;1000;1000;2500;5853.00
6675;архитрав 1.26.002 гибкий;2000;89;130;130;1.26.002;;;;;;;Да;;;1000;1000;2500;5853.00
6676;архитрав 1.26.003 гибкий;2000;91;130;130;1.26.003;;;;;;;Да;;;1000;1000;2500;5994.00
6683;розетка 1.56.047;;;;;1.56.047;;;;;;408;Нет;;24;;;;1847.00
6684;кронштейн 1.19.011;;104;137;71;1.19.011;;;;;;;Нет;;;;;;1759.00
6687;молдинг 1.51.307;2000;;;;1.51.307;;95;;;;;Нет;;25;;;;1757.00
6707;молдинг 1.51.369;2000;;;;1.51.369;;54;;;;;Нет;;11;;;;1459.00
6708;молдинг 1.51.376;2000;;;;1.51.376;;63;;;;;Нет;;20;;;;1137.00
6709;розетка 1.56.045;;;;;1.56.045;;;;;;663;Нет;;83;;;;4360.00
6710;угловой элемент 1.52.352;;240;240;;1.52.352;;;;;;;Нет;;24;;;;906.00
6711;кронштейн 1.19.009;;118;143;74;1.19.009;;;;;;;Нет;;;;;;1719.00
6736;орнамент 1.60.037;;264;297;;1.60.037;;;;;;;Нет;;21;;;;1521.00
6737;орнамент 1.60.038;;120;230;;1.60.038;;;;;;;Нет;;23;;;;1451.00
6738;орнамент 1.60.039;;73;213;;1.60.039;;;;;;;Нет;;20;;;;1464.00
6739;орнамент 1.60.040;;354;143;;1.60.040;;;;;;;Нет;;23;;;;1566.00
6740;наличник 1.54.014;1504;;243;;1.54.014;;;;;;;Нет;;66;;;;2790.00
6741;розетка 1.56.043;;585;313;;1.56.043;;;;;;;Нет;;35;;;;1446.00
6742;розетка 1.56.048;;;;;1.56.048;;;;;;364;Нет;;43;;;;1446.00
6743;розетка 1.56.049;;;;;1.56.049;;;;;;344;Нет;;40;;;;1395.00
6749;карниз 1.50.290;2000;;;;1.50.290;61;61;;;;;Нет;;;;;;1291.00
6750;угловой элемент 1.52.375;;318;321;;1.52.375;;;;;;;Нет;;23;;;;910.00
6751;кронштейн 1.19.013;;169;305;187;1.19.013;;;;;;;Нет;;;;;;2112.00
6755;молдинг 1.51.338;2000;;;;1.51.338;;40;;;;;Нет;;9;;;;908.00
6756;угловой элемент 1.52.376;;261;262;;1.52.376;;;;;;;Нет;;20;;;;885.00
6757;орнамент 1.60.035;;76;142;;1.60.035;;;;;;;Нет;;16;;;;428.00
6758;орнамент 1.60.135;;76;142;;1.60.135;;;;;;;Нет;;16;;;;428.00
6761;угловой элемент 1.52.283;;260;260;;1.52.283;;;;;;;Нет;;26;;;;869.00
6762;угловой элемент 1.52.284;;255;256;;1.52.284;;;;;;;Нет;;27;;;;835.00
6763;кронштейн 1.19.012;;102;141;68;1.19.012;;;;;;;Нет;;;;;;1719.00
6764;розетка 1.56.046;;;;;1.56.046;;;;;;856;Нет;;64;;;;5115.00
6765;карниз 1.50.225;2000;;;;1.50.225;58;54;;;;;Нет;;;;;;1196.00
6766;карниз 1.50.226;2000;;;;1.50.226;55;55;;;;;Нет;;;;;;1315.00
6767;орнамент 1.60.036;;789;359;;1.60.036;;;;;;;Нет;;49;;;;2923.00
6768;карниз 1.50.289;2000;;;;1.50.289;37;55;;;;;Нет;;;;;;1221.00
6770;карниз 1.50.283 гибкий;2000;;;;1.50.283;41;75;;;;;Да;;;2000;2000;;2490.00
6771;карниз 1.50.206;2000;;;;1.50.206;35;36;;;;;Нет;;;;;;994.00
6772;кронштейн 1.19.014;;180;188;130;1.19.014;;;;;;;Нет;;;;;;1799.00
6773;карниз 1.50.295;2000;;;;1.50.295;30;30;;;;;Нет;;;;;;935.00
6783;карниз 1.50.293;2000;;;;1.50.293;85;84;;;;;Нет;;;;;;1455.00
6784;карниз 1.50.294;2000;;;;1.50.294;43;43;;;;;Нет;;;;;;995.00
6785;карниз 1.50.279 гибкий;2000;;;;1.50.279;80;103;;;;;Да;;;2000;2500;;5397.00
6786;карниз 1.50.293 гибкий;2000;;;;1.50.293;85;84;;;;;Да;;;2000;1500;;2910.00
6787;карниз 1.50.294 гибкий;2000;;;;1.50.294;43;43;;;;;Да;;;1500;1000;;1990.00
6807;карниз 1.50.290 гибкий;2000;;;;1.50.290;61;61;;;;;Да;;;2000;1500;;2581.00
6808;карниз 1.50.289 гибкий;2000;;;;1.50.289;37;55;;;;;Да;;;2000;1500;;2440.00
6809;карниз 1.50.206 гибкий;2000;;;;1.50.206;35;36;;;;;Да;;;1500;1500;;1987.00
6810;карниз 1.50.295 гибкий;2000;;;;1.50.295;30;30;;;;;Да;;;1000;1000;;1870.00
6811;молдинг 1.51.376 гибкий;2000;;;;1.51.376;;63;;;;;Да;;20;550;550;2000;2273.00
6812;молдинг 1.51.338 гибкий;2000;;;;1.51.338;;40;;;;;Да;;9;550;550;1500;1815.00
6817;кронштейн 1.19.018;;193;395;207;1.19.018;;;;;;;Нет;;;;;;2346.00
6818;молдинг 1.51.382;2000;;;;1.51.382;;92;;;;;Нет;;35;;;;1868.00
6819;молдинг 1.51.377;2000;;;;1.51.377;;52;;;;;Нет;;17;;;;937.00
6820;молдинг 1.51.379;2000;;;;1.51.379;;30;;;;;Нет;;13;;;;923.00
6821;карниз 1.50.272;2000;;;;1.50.272;36;33;;;;;Нет;;;;;;995.00
6823;молдинг 1.51.379 гибкий;2000;;;;1.51.379;;30;;;;;Да;;13;550;550;1000;1845.00
6824;карниз 1.50.272 гибкий;2000;;;;1.50.272;36;33;;;;;Да;;;1500;1500;;1990.00
6826;молдинг 1.51.371;2000;;;;1.51.371;;97;;;;;Нет;;10;;;;1483.00
6827;карниз 1.50.292;2000;;;;1.50.292;25;25;;;;;Нет;;;;;;923.00
6828;карниз 1.50.292 гибкий;2000;;;;1.50.292;25;25;;;;;Да;;;1500;1000;;1845.00
6829;карниз 1.50.225 гибкий;2000;;;;1.50.225;58;54;;;;;Да;;;3000;;;2391.00
6830;карниз 1.50.226 гибкий;2000;;;;1.50.226;55;55;;;;;Да;;;3000;;;2629.00
6835;молдинг 1.51.378;2000;;;;1.51.378;;22;;;;;Нет;;10;;;;885.00
6836;розетка 1.56.052;;;;;1.56.052;;;;;;309;Нет;;28;;;;1308.00
6837;квадрат 1.54.017;;86;86;;1.54.017;;;;;;;Нет;;27;;;;365.00
8330;молдинг 1.51.378 гибкий;2000;;;;1.51.378;;22;;;;;Да;;10;550;550;2500;1769.00
8331;молдинг 1.51.377 гибкий;2000;;;;1.51.377;;52;;;;;Да;;17;550;550;2000;1873.00
8332;молдинг 1.51.382 гибкий;2000;;;;1.51.382;;92;;;;;Да;;35;550;550;3000;3736.00
8981;кронштейн 1.19.015;;112;164;68;1.19.015;;;;;;;Нет;;;;;;1681.00
12094;карниз 1.50.298;2000;;;;1.50.298;40;13;;;;;Нет;;;;;;975.00
12104;молдинг 1.51.372;2000;;;;1.51.372;;25;;;;;Нет;;7;;;;894.00
13520;карниз 1.50.296;2000;;;;1.50.296;110;35;;;;;Нет;;;;;;1391.00
14598;угловой элемент 1.52.299;;358;323;;1.52.299;;;;;;;Нет;;22;;;;956.00
14599;угловой элемент 1.52.279;;358;323;;1.52.279;;;;;;;Нет;;22;;;;956.00
14600;молдинг 1.51.365;2000;;;;1.51.365;;59;;;;;Нет;;10;;;;1314.00
14781;плинтус 1.53.108;2000;;;;1.53.108;;120;14;;;;Нет;;;;;;1851.00
17562;кронштейн 1.19.016;;127;210;92;1.19.016;;;;;;;Нет;;;;;;1799.00
17563;розетка 1.56.053;;522;522;;1.56.053;;;;;;;Нет;;32;;;;2306.00
21020;карниз 1.50.227;2000;;;;1.50.227;73;280;;;;;Нет;;;;;;3669.00
21021;молдинг 1.51.385;2000;;;;1.51.385;;103;;;;;Нет;;13;;;;1661.00
21022;наличник 1.54.015;1200;;295;;1.54.015;;;;;;;Нет;;68;;;;2705.00
21023;сандрик 1.63.003;920;;230;;1.63.003;;;;;;;Нет;;39;;;;3028.00
21126;плинтус 1.53.108 гибкий;2000;;;;1.53.108;;120;14;;;;Да;;;550;550;;3700.00
21618;карниз 1.50.299;2000;;;;1.50.299;39;45;;;;;Нет;;;;;;955.00
21619;карниз 1.50.297;2000;;;;1.50.297;20;20;;;;;Нет;;;;;;894.00
21620;молдинг 1.51.383;2000;;;;1.51.383;;75;;;;;Нет;;23;;;;1159.00
21621;молдинг 1.51.384;2000;;;;1.51.384;;47;;;;;Нет;;8;;;;916.00
21623;розетка 1.56.055;;;;;1.56.055;;;;;;752;Нет;;42;;;;5097.00
22331;наличник 1.54.016;1199;;244;;1.54.016;;;;;;;Нет;;59;;;;2750.00
22334;молдинг 1.51.385 гибкий;2000;;;;1.51.385;;103;;;;;Да;;13;550;550;2500;3321.00
22339;карниз 1.50.298 гибкий;2000;;;;1.50.298;40;13;;;;;Да;;;1500;1500;;1949.00
26629;карниз 1.50.249;2000;;;;1.50.249;72;104;;;;;Нет;;;;;;1391.00
27652;розетка 1.56.054;;;;;1.56.054;;;;;;706;Нет;;69;;;;4842.00
28243;карниз 1.50.299 гибкий;2000;;;;1.50.299;39;45;;;;;Да;;;2000;2000;;1908.00
28244;карниз 1.50.297 гибкий;2000;;;;1.50.297;20;20;;;;;Да;;;1500;1500;;1788.00
28245;молдинг 1.51.384 гибкий;2000;;;;1.51.384;;47;;;;;Да;;8;550;550;2500;1830.00
29278;карниз 1.50.215;2000;;;;1.50.215;48;52;;;;;Нет;;;;;;1016.00
29860;плинтус 1.53.111;2000;;;;1.53.111;;65;20;;;;Нет;;;;;;1363.00
31363;карниз 1.50.216;2000;;;;1.50.216;67;75;;;;;Нет;;;;;;1291.00
31409;розетка 1.56.057;;;;;1.56.057;;;;;;542;Нет;;55;;;;3062.00
33172;кронштейн 1.19.017;;150;225;97;1.19.017;;;;;;;Нет;;;;;;1884.00
33407;карниз 1.50.228;2000;;;;1.50.228;80;140;;;;;Нет;;;;;;2884.00
36930;карниз 1.50.249 гибкий;2000;;;;1.50.249;72;104;;;;;Да;;;2500;3000;;2781.00
37766;розетка 1.56.056;;;;;1.56.056;;;;;;452;Нет;;35;;;;2149.00
38420;декоративная панель 1.59.003;;600;600;;1.59.003;;;;;;;Нет;;30;;;;2864.00
38421;декоративная панель 1.59.004;;599;599;;1.59.004;;;;;;;Нет;;24;;;;2864.00
38422;декоративная панель 1.59.005;;600;600;;1.59.005;;;;;;;Нет;;20;;;;2695.00
42718;карниз 1.50.215 гибкий;2000;;;;1.50.215;48;52;;;;;Да;;;3000;;;2030.00
42720;карниз 1.50.216 гибкий;2000;;;;1.50.216;67;75;;;;;Да;;;3500;;;2581.00
43862;торцевой элемент 4.82.032;;95;126;95;4.82.032;;;;;;;Нет;;;;;;404.00
43863;торцевой элемент 4.82.131;;48;105;48;4.82.131;;;;;;;Нет;;;;;;391.00
43864;торцевой элемент 4.82.231;;60;95;60;4.82.231;;;;;;;Нет;;;;;;391.00
43865;торцевой элемент 4.82.232;;53;95;53;4.82.232;;;;;;;Нет;;;;;;391.00
43866;торцевой элемент 4.82.332;;54;109;54;4.82.332;;;;;;;Нет;;;;;;391.00
43867;торцевой элемент 4.82.331;;61;109;61;4.82.331;;;;;;;Нет;;;;;;391.00
43868;торцевой элемент 4.82.033;;86;111;86;4.82.033;;;;;;;Нет;;;;;;391.00
47206;карниз 1.50.229;2000;;;;1.50.229;48;119;;;;;Нет;;;;;;1869.00
47207;карниз 1.50.621;2000;;;;1.50.621;51;120;;;;;Нет;;;;;;1923.00
47208;карниз 1.50.622;2000;;;;1.50.622;83;200;;;;;Нет;;;;;;2605.00
47209;карниз 1.50.623;2000;;;;1.50.623;75;119;;;;;Нет;;;;;;1985.00
47210;карниз 1.50.624;2000;;;;1.50.624;120;199;;;;;Нет;;;;;;2573.00
47211;молдинг 1.51.601;2000;;;;1.51.601;;216;;;;;Нет;;40;;;;2222.00
47212;молдинг 1.51.602;2000;;;;1.51.602;;197;;;;;Нет;;139;;;;4558.00
47213;молдинг 1.51.603;2000;;;;1.51.603;;250;;;;;Нет;;160;;;;6509.00
47214;молдинг 1.51.604;2000;;;;1.51.604;;350;;;;;Нет;;130;;;;6184.00
47215;молдинг 1.51.605;2000;;;;1.51.605;;120;;;;;Нет;;19;;;;1669.00
47216;молдинг 1.51.606;2000;;;;1.51.606;;200;;;;;Нет;;19;;;;2073.00
48388;карниз 1.50.227 гибкий;2000;;;;1.50.227;73;280;;;;;Да;;;4000;;;7337.00
48390;молдинг 1.51.386;2000;;;;1.51.386;;35;;;;;Нет;;15;;;;894.00
48392;плинтус 1.53.112;2000;;;;1.53.112;;80;13;;;;Нет;;;;;;1446.00
65559;молдинг 1.51.387;2000;;;;1.51.387;;90;;;;;Нет;;24;;;;1750.00
65560;молдинг 1.51.388;2000;;;;1.51.388;;90;;;;;Нет;;25;;;;1750.00
65561;база 1.54.040;;115;249;;1.54.040;;;;;;;Нет;;45;;;;1129.00
65562;база 1.54.040;;115;249;;1.54.040;;;;;;;Нет;;45;;;;1129.00
65563;база 1.54.050;;90;299;;1.54.050;;;;;;;Нет;;25;;;;1104.00
65564;база 1.54.050;;90;299;;1.54.050;;;;;;;Нет;;25;;;;1104.00
65565;элемент 1.54.018;;147;200;;1.54.018;;;;;;;Нет;;100;;;;1138.00
65645;карниз 1.50.228 гибкий;2000;;;;1.50.228;80;140;;;;;Да;;;3000;;;5767.00
67964;карниз 1.50.623 гибкий;2000;;;;1.50.623;75;119;;;;;Да;;;3500;;;3970.00
69864;карниз 1.50.501;2020;;;;1.50.501;52;99;;;;;Нет;;;;;;3089.00
69865;карниз 1.50.502;2000;;;;1.50.502;99;189;;;;;Нет;;;;;;4071.00
69866;карниз 1.50.503;2000;;;;1.50.503;79;139;;;;;Нет;;;;;;3462.00
69867;карниз 1.50.504;2000;;;;1.50.504;205;276;;;;;Нет;;;;;;6394.00
69868;карниз 1.50.524;2000;;;;1.50.524;205;277;;;;;Нет;;;;;;6394.00
69873;молдинг 1.51.501;2000;;;;1.51.501;;161;;;;;Нет;;17;;;;2666.00
69874;молдинг 1.51.502;2000;;;;1.51.502;;164;;;;;Нет;;35;;;;2816.00
69875;молдинг 1.51.503;2020;;;;1.51.503;;80;;;;;Нет;;18;;;;1987.00
69876;молдинг 1.51.504;2040;;;;1.51.504;;51;;;;;Нет;;16;;;;1252.00
69877;молдинг 1.51.510;2040;;;;1.51.510;;121;;;;;Нет;;16;;;;2156.00
69878;молдинг 1.51.518;2040;;;;1.51.518;;259;;;;;Нет;;33;;;;6539.00
69879;молдинг 1.51.513;2000;;;;1.51.513;;121;;;;;Нет;;60;;;;2556.00
69890;декоративная панель 1.59.501;;349;399;;1.59.501;;;;;;;Нет;;52;;;;1813.00
69891;декоративная панель 1.59.503;;499;498;;1.59.503;;;;;;;Нет;;60;;;;2441.00
69892;плинтус 1.53.501;2000;;;;1.53.501;;139;25;;;;Нет;;;;;;2634.00
69893;орнамент 1.60.501;;170;165;;1.60.501;;;;;;;Нет;;20;;;;612.00
69894;орнамент 1.60.503;;91;91;;1.60.503;;;;;;;Нет;;28;;;;459.00
69895;розетка 1.56.501;;;;;1.56.501;;;;;;319;Нет;;58;;;;1705.00
69896;розетка 1.56.502;;;;;1.56.502;;;;;;596;Нет;;59;;;;3046.00
69900;розетка 1.56.503;;;;;1.56.503;;;;;;912;Нет;;41;;;;7190.00
69901;розетка 1.56.511;;;83;;1.56.511;;;;;;86;Нет;;;;;;834.00
69902;арочный элемент 1.61.511 гибкий;2020;;;;1.61.511;;102;;;;;Да;;64;550;550;550;10377.00
69903;потолочная панель 1.57.501;;535;535;;1.57.501;;;;;;;Нет;;61;;;;2495.00
69904;потолочная панель 1.57.502;;147;147;;1.57.502;;;;;;;Нет;;33;;;;792.00
69905;потолочная панель 1.57.503;;292;292;;1.57.503;;;;;;;Нет;;60;;;;1809.00
69906;потолочная панель 1.57.504;;250;208;;1.57.504;;;;;;;Нет;;24;;;;830.00
71228;декоративная панель 1.59.001;;600;600;;1.59.001;;;;;;;Нет;;22;;;;2206.00
73757;плинтус 1.53.112 гибкий;2000;;;;1.53.112;;80;13;;;;Да;;;;;;2890.00
74261;карниз 6.50.101;2000;;;;6.50.101;69;68;;;;;Нет;;;;;;689.00
74262;молдинг 6.51.301;2000;;;;6.51.301;;42;;;;;Нет;;16;;;;356.00
74263;плинтус 6.53.101;2000;;;;6.53.101;;110;26;;;;Нет;;;;;;829.00
74264;карниз 6.50.103;2000;;;;6.50.103;50;50;;;;;Нет;;;;;;542.00
74265;карниз 6.50.105;2000;;;;6.50.105;63;60;;;;;Нет;;;;;;554.00
74266;карниз 6.50.113;2000;;;;6.50.113;80;84;;;;;Нет;;;;;;733.00
74267;карниз 6.50.115;2000;;;;6.50.115;46;49;;;;;Нет;;;;;;513.00
74268;карниз 6.50.130;2000;;;;6.50.130;30;32;;;;;Нет;;;;;;351.00
74269;карниз 6.50.154;2000;;;;6.50.154;23;23;;;;;Нет;;;;;;188.00
74270;карниз 6.50.155;2000;;;;6.50.155;17;26;;;;;Нет;;;;;;250.00
74271;карниз 6.50.157;2000;;;;6.50.157;31;33;;;;;Нет;;;;;;283.00
74272;карниз 6.50.160;2000;;;;6.50.160;70;51;;;;;Нет;;;;;;658.00
74273;карниз 6.50.165;2000;;;;6.50.165;81;83;;;;;Нет;;;;;;834.00
74274;карниз 6.50.171;2000;;;;6.50.171;30;45;;;;;Нет;;;;;;443.00
74275;карниз 6.50.172;2000;;;;6.50.172;48;47;;;;;Нет;;;;;;400.00
74276;карниз 6.50.174;2000;;;;6.50.174;36;61;;;;;Нет;;;;;;542.00
74277;карниз 6.50.229;2000;;;;6.50.229;48;120;;;;;Нет;;;;;;1242.00
74278;карниз 6.50.230;2000;;;;6.50.230;84;84;;;;;Нет;;;;;;1330.00
74279;карниз 6.50.248;2000;;;;6.50.248;97;94;;;;;Нет;;;;;;1048.00
74280;карниз 6.50.297;2000;;;;6.50.297;20;20;;;;;Нет;;;;;;211.00
74281;карниз 6.50.298;2000;;;;6.50.298;40;13;;;;;Нет;;;;;;338.00
74282;карниз 6.50.299;2000;;;;6.50.299;37;45;;;;;Нет;;;;;;414.00
74283;молдинг 6.51.302;2000;;;;6.51.302;;60;;;;;Нет;;25;;;;624.00
74284;молдинг 6.51.307;2000;;;;6.51.307;;96;;;;;Нет;;25;;;;814.00
74285;молдинг 6.51.308;2000;;;;6.51.308;;41;;;;;Нет;;20;;;;344.00
74286;молдинг 6.51.321;2000;;;;6.51.321;;19;;;;;Нет;;8;;;;225.00
74287;молдинг 6.51.322;2000;;;;6.51.322;;25;;;;;Нет;;12;;;;194.00
74288;молдинг 6.51.323;2000;;;;6.51.323;;32;;;;;Нет;;10;;;;278.00
74289;молдинг 6.51.345;2000;;;;6.51.345;;94;;;;;Нет;;22;;;;814.00
74290;молдинг 6.51.362;2000;;;;6.51.362;;46;;;;;Нет;;10;;;;379.00
74291;молдинг 6.51.363;2000;;;;6.51.363;;70;;;;;Нет;;13;;;;456.00
74292;молдинг 6.51.384;2000;;;;6.51.384;;47;;;;;Нет;;8;;;;382.00
74293;молдинг 6.51.385;2000;;;;6.51.385;;103;;;;;Нет;;12;;;;722.00
74294;молдинг 6.51.386;2000;;;;6.51.386;;35;;;;;Нет;;15;;;;322.00
74295;молдинг 6.51.400;2000;;;;6.51.400;;44;;;;;Нет;;16;;;;356.00
74296;плинтус 6.53.102;2000;;;;6.53.102;;150;22;;;;Нет;;;;;;967.00
74297;плинтус 6.53.103;2000;;;;6.53.103;;110;15;;;;Нет;;;;;;676.00
74298;плинтус 6.53.104;2000;;;;6.53.104;;120;25;;;;Нет;;;;;;833.00
74299;плинтус 6.53.105;2000;;;;6.53.105;;160;24;;;;Нет;;;;;;1050.00
74300;плинтус 6.53.106;2000;;;;6.53.106;;70;17;;;;Нет;;;;;;533.00
74301;плинтус 6.53.107;2000;;;;6.53.107;;80;22;;;;Нет;;;;;;667.00
74302;плинтус 6.53.108;2000;;;;6.53.108;;121;14;;;;Нет;;;;;;798.00
74303;плинтус 6.53.109;2000;;;;6.53.109;;98;16;;;;Нет;;;;;;706.00
74304;плинтус 6.53.112;2000;;;;6.53.112;;80;13;;;;Нет;;;;;;500.00
76545;  1.50.710;2000;;;;1.50.710;247;100;;;;;Нет;;;;;;3818.00
76546;  1.51.701;2000;;;;1.51.701;;109;;;;;Нет;;31;;;;1778.00
76547;  1.51.711;2000;;;;1.51.711;;175;;;;;Нет;;55;;;;2222.00
76560;  6.50.701;2000;;;;6.50.701;35;35;;;;;Нет;;;;;;337.00
76561;  6.50.702;2000;;;;6.50.702;43;79;;;;;Нет;;;;;;700.00
76562;  6.50.703;2000;;;;6.50.703;50;48;;;;;Нет;;;;;;567.00
76563;  6.50.704;2000;;;;6.50.704;62;101;;;;;Нет;;;;;;967.00
76564;  6.50.705;2000;;;;6.50.705;62;64;;;;;Нет;;;;;;783.00
76565;  6.50.706;2000;;;;6.50.706;76;129;;;;;Нет;;;;;;1451.00
76566;  6.50.708;2000;;;;6.50.708;51;41;;;;;Нет;;;;;;604.00
76567;  6.50.709;2000;;;;6.50.709;120;43;;;;;Нет;;;;;;1330.00
76568;  6.51.702;2000;;;;6.51.702;;40;;;;;Нет;;12;;;;390.00
76569;  6.51.703;2000;;;;6.51.703;;60;;;;;Нет;;12;;;;538.00
76570;  6.51.704;2000;;;;6.51.704;;90;;;;;Нет;;15;;;;765.00
76571;  6.51.705;2000;;;;6.51.705;;60;;;;;Нет;;12;;;;516.00
76572;  6.51.706;2000;;;;6.51.706;;80;;;;;Нет;;16;;;;714.00
76573;  6.51.707;2000;;;;6.51.707;;90;;;;;Нет;;15;;;;765.00
76574;  6.51.708;2000;;;;6.51.708;;110;;;;;Нет;;15;;;;967.00
76575;  6.51.710;2000;;;;6.51.710;;57;;;;;Нет;;33;;;;693.00
76576;  6.53.701;2000;;;;6.53.701;;90;31;;;;Нет;;;;;;1020.00
76577;  6.53.702;2000;;;;6.53.702;;70;26;;;;Нет;;;;;;604.00
76578;  6.53.703;2000;;;;6.53.703;;101;34;;;;Нет;;;;;;967.00
76579;  6.53.704;2000;;;;6.53.704;;120;40;;;;Нет;;;;;;1083.00
76580;  6.53.705;2000;;;;6.53.705;;90;19;;;;Нет;;;;;;816.00
76581;розетка 1.56.701;;577;515;;1.56.701;;;;;;;Нет;;100;;;;3285.00
76582;розетка 1.56.702;;;;;1.56.702;;;;;;478;Нет;;42;;;;1990.00
76583;розетка 1.56.703;;;;;1.56.703;;;;;;160;Нет;;73;;;;803.00
76584;розетка 1.56.705;;;;;1.56.705;;;;;;486;Нет;;42;;;;2060.00
76586;розетка 1.56.707;;;;;1.56.707;;;;;;447;Нет;;40;;;;2024.00
76587;розетка 1.56.708;;;;;1.56.708;;;;;;532;Нет;;40;;;;2478.00
76588;розетка 1.56.709;;;;;1.56.709;;;;;;377;Нет;;40;;;;1451.00
76589;розетка 1.56.710;;;;;1.56.710;;;;;;600;Нет;;60;;;;3204.00
78427;  6.51.710;2000;;;;6.51.710;;57;;;;;Нет;;33;;;;693.00
78428;  1.51.711;2000;;;;1.51.711;;175;;;;;Нет;;55;;;;2222.00
78429;  6.53.701;2000;;;;6.53.701;31;90;;;;;Нет;;;;;;1020.00
78430;  6.53.702;2000;;;;6.53.702;26;70;;;;;Нет;;;;;;604.00
78431;  6.53.703;2000;;;;6.53.703;34;101;;;;;Нет;;;;;;967.00
78432;  6.53.704;2000;;;;6.53.704;40;120;;;;;Нет;;;;;;1083.00
78433;  6.53.705;2000;;;;6.53.705;19;90;;;;;Нет;;;;;;816.00
79707;  6.50.719;2000;;;;6.50.719;120;43;;;;;Нет;;;;;;1330.00
83144;плинтус 1.53.111 гибкий;2000;;;;1.53.111;;65;20;;;;Да;;;;;;2726.00
84138;карниз 1.50.285 гибкий;2000;;;;1.50.285;109;144;;;;;Да;;;2500;2500;;5621.00
84701;молдинг 1.51.366;2000;;;;1.51.366;;67;;;;;Нет;;9;;;;1252.00
93666;база 1.54.060;;110;299;;1.54.060;;;;;;;Нет;;30;;;;1104.00
93667;база 1.54.070;;110;300;;1.54.070;;;;;;;Нет;;30;;;;1104.00
93749;база 1.54.060;;110;299;;1.54.060;;;;;;;Нет;;30;;;;1104.00
93750;база 1.54.070;;110;300;;1.54.070;;;;;;;Нет;;30;;;;1104.00
98517;элемент 1.65.501;2000;60;60;;1.65.501;;;;;;;Нет;;;;;;613.00
98518;элемент 1.65.502;2000;48;60;;1.65.502;;;;;;;Нет;;;;;;552.00
98519;элемент 1.65.503;2000;33;60;;1.65.503;;;;;;;Нет;;;;;;501.00
99041;молдинг 1.51.518;2040;;;;1.51.518;;259;;;;;Нет;;33;;;;6539.00
99042;молдинг 1.51.518;2040;;;;1.51.518;;259;;;;;Нет;;33;;;;6539.00
99043;потолочная панель 1.57.502;;147;147;;1.57.502;;;;;;;Нет;;33;;;;792.00
99044;потолочная панель 1.57.503;;292;292;;1.57.503;;;;;;;Нет;;60;;;;1809.00
99045;потолочная панель 1.57.504;;250;208;;1.57.504;;;;;;;Нет;;24;;;;830.00
104199;карниз 6.50.108;2000;;;;6.50.108;115;117;;;;;Нет;;;;;;1170.00
104753;молдинг 1.51.383 гибкий;2000;;;;1.51.383;;75;;;;;Да;;23;550;550;3000;2315.00
109457;розетка 1.56.512;;;124;;1.56.512;;;;;;123;Нет;;;;;;853.00
126248;карниз 1.50.229 гибкий;2000;;;;1.50.229;48;119;;;;;Да;;;3500;;;3738.00
126269;карниз 1.50.624 гибкий;2000;;;;1.50.624;120;199;;;;;Да;;;4000;;;5144.00
127537; 1.51.701 гибкий;2000;;;;1.51.701;;109;;;;;Да;;31;3500;4000;>5000;3555.00
142167;арочный элемент 1.61.511;2020;;;;1.61.511;;102;;;;;Нет;;64;;;;5189.00
150861;"Клей монтажный Европласт 290&nbsp;мл.";;;;;EB05.M.290;;;;;;;Нет;;;;;;1299.00
150862;"Клей стыковочный Европласт 80&nbsp;мл.";;;;;EB06.S.80;;;;;;;Нет;;;;;;770.00
158448;E13.S.60 / Клей Европласт стыковочный PU 60 мл.;;;;;E13.S.60;;;;;;;Нет;;;;;;520.00
