IE_XML_ID;IE_NAME;IP_PROP142;IP_PROP157;IP_PROP252;IP_PROP253;IP_PROP254;IP_PROP255;IP_PROP256;IP_PROP257;IP_PROP258;CV_PRICE_1
4774;карниз;1.50.114;Нет;27,2;3958;386,32;249;7300;16,11;16,11;744.00
4775;карниз;1.50.115;Нет;21,94;3181;312,23;201;5900;12,95;12,95;600.00
4776;карниз;1.50.116;Нет;55,38;8043;788,52;506;14800;32,58;32,58;1515.00
4777;карниз;1.50.117;Нет;58,22;8459;829,09;532;15600;34,33;34,33;1593.00
4778;карниз;1.50.118;Нет;61,44;8928;874,95;562;16400;36,09;36,09;1681.00
4779;карниз;1.50.119;Нет;30,22;4392;428,66;276;8100;17,87;17,87;827.00
4780;карниз;1.50.120;Нет;63,08;9163;897,89;576;16900;37,13;37,13;1726.00
4781;карниз;1.50.121;Нет;29,6;4301;421,6;271;7900;17,52;17,52;810.00
4782;карниз;1.50.122;Нет;19,4;2819;275,19;177;5200;11,55;11,55;531.00
4783;карниз;1.50.100;Нет;27,24;3958;388,08;250;7300;16,11;16,11;745.00
4784;карниз;1.50.102;Нет;21,6;3126;306,94;197;5800;12,95;12,95;591.00
4785;карниз;1.50.103;Нет;21,78;3163;308,7;198;5800;12,95;12,95;596.00
4786;карниз;1.50.104;Нет;53,84;7826;767,35;492;14400;31,53;31,53;1473.00
4787;карниз;1.50.105;Нет;26,54;3849;379,26;243;7100;15,76;15,76;726.00
4788;карниз;1.50.106;Нет;28,66;4157;407,49;261;7700;16,81;16,81;784.00
4789;карниз;1.50.107;Нет;56,62;8224;804,39;518;15100;33,28;33,28;1549.00
4790;карниз;1.50.109;Нет;61,44;8928;874,95;562;16400;36,09;36,09;1681.00
4791;карниз;1.50.110;Нет;69,56;10103;989,61;636;18600;40,99;40,99;1903.00
4792;карниз;1.50.111;Нет;56,94;8278;809,68;521;15200;33,28;33,28;1558.00
4793;карниз;1.50.112;Нет;28,22;4102;400,43;257;7500;16,81;16,81;772.00
4794;карниз;1.50.113;Нет;29,94;4337;423,36;273;8000;17,52;17,52;819.00
4795;карниз;1.50.123;Нет;20,1;2910;285,77;184;5400;11,9;11,9;550.00
4796;карниз;1.50.124;Нет;51,4;7464;730,3;469;13700;30,12;30,12;1406.00
4797;карниз;1.50.125;Нет;42,18;6127;598;385;11300;24,87;24,87;1154.00
4798;карниз;1.50.126;Нет;29,58;4283;421,6;270;7900;17,52;17,52;809.00
4799;карниз;1.50.127;Нет;28,66;4157;407,49;261;7700;16,81;16,81;784.00
4800;карниз;1.50.128;Нет;50,14;7284;714,43;458;13400;29,42;29,42;1372.00
4801;карниз;1.50.129;Нет;28,92;4193;412,78;265;7700;17,16;17,16;791.00
4802;карниз;1.50.130;Нет;20,24;2946;287,54;185;5400;11,9;11,9;554.00
4803;карниз;1.50.131;Нет;49,38;7175;702,08;452;13200;29,07;29,07;1351.00
4804;карниз;1.50.132;Нет;73,66;10682;1046,06;673;19700;43,1;43,1;2015.00
4805;карниз;1.50.133;Нет;50,14;7284;714,43;458;13400;29,42;29,42;1372.00
4806;карниз;1.50.134;Нет;71,16;10338;1012,55;651;19000;41,69;41,69;1947.00
4807;карниз;1.50.135;Нет;51,84;7519;737,36;474;13900;30,47;30,47;1418.00
4808;карниз;1.50.136;Нет;57,5;8350;816,74;526;15400;33,63;33,63;1573.00
4809;карниз;1.50.137;Нет;75,3;10935;1070,76;688;20100;44,15;44,15;2060.00
4810;карниз;1.50.138;Нет;63,08;9163;897,89;576;16900;37,13;37,13;1726.00
4811;карниз;1.50.139;Нет;48,86;7085;695,02;446;13100;28,72;28,72;1337.00
4812;карниз;1.50.140;Нет;28,14;4084;400,43;257;7500;16,46;16,46;770.00
4813;карниз;1.50.141;Нет;28,14;4084;400,43;257;7500;16,46;16,46;770.00
4814;карниз;1.50.142;Нет;63,08;9163;897,89;576;16900;37,13;37,13;1726.00
4815;карниз;1.50.143;Нет;27,64;4012;393,38;252;7400;16,46;16,46;756.00
4816;карниз;1.50.144;Нет;30,22;4392;428,66;276;8100;17,87;17,87;827.00
4817;карниз;1.50.145;Нет;80,08;11622;1139,56;732;21400;46,94;46,94;2191.00
4818;карниз;1.50.146;Нет;51,02;7410;725,01;466;13600;;;1396.00
4819;карниз;1.50.147;Нет;63,08;9163;897,89;576;16900;37,13;37,13;1726.00
4820;карниз;1.50.148;Нет;53,7;7790;763,82;490;14400;31,53;31,53;1469.00
4821;карниз;1.50.149;Нет;81,3;10935;1158,96;742;;;;2224.00
4822;карниз;1.50.150;Нет;20,68;3000;294,59;189;5500;12,25;12,25;566.00
4823;карниз;1.50.151;Нет;81,3;11802;1158,96;742;21700;47,64;47,64;2224.00
4824;карниз;1.50.152;Нет;81,3;11802;1158,96;742;21700;47,64;47,64;2224.00
4825;карниз;1.50.153;Нет;81,3;11802;1158,96;742;21700;47,64;47,64;2224.00
4826;карниз;1.50.154;Нет;18,86;2729;266,37;172;5000;11,2;11,2;516.00
4827;карниз;1.50.155;Нет;18,72;2711;264,6;171;5000;11,2;11,2;512.00
4828;карниз;1.50.156;Нет;20,76;3018;294,59;190;5600;12,25;12,25;568.00
4829;карниз;1.50.157;Нет;19,3;2801;275,19;176;5200;11,55;11,55;528.00
4830;карниз;1.50.158;Нет;19,48;2837;276,95;177;5200;11,55;11,55;533.00
4831;карниз;1.50.159;Нет;20,06;2910;284,01;184;5400;11,9;11,9;549.00
4832;карниз;1.50.160;Нет;26,54;3849;379,26;243;7100;15,76;15,76;726.00
4833;карниз;1.50.162;Нет;27,64;4012;393,38;252;7400;16,46;16,46;756.00
4834;карниз;1.50.163;Нет;52,96;7699;755;484;14200;31,18;31,18;1449.00
4835;карниз;1.50.164;Нет;58,22;8459;829,09;532;15600;34,33;34,33;1593.00
4836;карниз;1.50.165;Нет;27,7;4030;395,14;253;7400;16,46;16,46;758.00
4837;карниз;1.50.166;Нет;56,14;8151;800,86;513;15000;32,93;32,93;1536.00
4838;карниз;1.50.167;Нет;56,94;8278;809,68;521;15200;33,28;33,28;1558.00
4839;карниз;1.50.168;Нет;56,94;8278;809,68;521;15200;33,28;33,28;1558.00
4840;карниз;1.50.169;Нет;53,7;7790;763,82;490;14400;31,53;31,53;1469.00
4841;карниз;1.50.170;Нет;30,48;4428;433,95;278;8200;17,87;17,87;834.00
4842;карниз;1.50.171;Нет;19,92;2891;246,96;182;5300;11,9;11,9;545.00
4843;карниз;1.50.172;Нет;20,66;3000;255,78;189;5500;12,25;12,25;565.00
4844;карниз;1.50.173;Нет;20,76;3018;259,31;190;5600;12,25;12,25;568.00
4845;карниз;1.50.174;Нет;21,2;3072;261,07;193;5700;12,6;12,6;580.00
4846;карниз;1.50.175;Нет;56,62;8224;804,39;518;15100;33,28;33,28;1549.00
4847;карниз;1.50.176;Нет;51,84;7519;737,36;474;13900;30,47;30,47;1418.00
4848;карниз;1.50.177;Нет;30,84;4482;437,48;281;8300;18,22;18,22;844.00
4849;карниз;1.50.180;Нет;52,56;7627;747,94;480;14100;30,83;30,83;1438.00
4850;карниз;1.50.181;Нет;29,6;4301;421,6;271;7900;17,52;17,52;810.00
4851;карниз;1.50.182;Нет;29,1;4229;412,78;266;7800;17,16;17,16;796.00
4852;карниз;1.50.183;Нет;31,62;4591;449,82;289;8500;18,56;18,56;865.00
4853;карниз;1.50.184;Нет;31,62;4591;449,82;289;8500;18,56;18,56;865.00
4854;карниз;1.50.185;Нет;55,38;8043;786,75;506;14800;32,58;32,58;1515.00
4855;карниз;1.50.186;Нет;31,62;4591;449,82;289;8500;18,56;18,56;865.00
4856;карниз;1.50.187;Нет;28,08;4066;398,67;256;7500;16,46;16,46;768.00
4857;карниз;1.50.188;Нет;28,08;4066;398,67;256;7500;16,46;16,46;768.00
4858;карниз;1.50.190;Нет;21,06;3054;298,12;192;5600;12,6;12,6;576.00
4859;карниз;1.50.191;Нет;20,62;2982;291,06;188;5500;12,25;12,25;564.00
4860;карниз;1.50.192;Нет;28,62;4157;405,72;261;7700;16,81;16,81;783.00
4861;карниз;1.50.193;Нет;50,52;7338;717,96;462;7900;29,77;29,77;807.00
4862;карниз;1.50.194;Нет;27,24;3958;386,32;250;7300;16,11;16,11;745.00
4863;карниз;1.50.195;Нет;29,6;4301;419,84;271;7900;17,52;17,52;810.00
4864;карниз;1.50.196;Нет;28,62;4157;411,02;261;7700;16,81;16,81;783.00
4865;карниз;1.50.197;Нет;31,62;4591;449,82;289;8500;18,56;18,56;865.00
4866;карниз;1.50.198;Нет;50,52;7338;717,96;462;8300;29,77;29,77;849.00
4867;карниз;1.50.200;Нет;28,08;4066;400,43;256;7500;16,46;16,46;768.00
4868;карниз;1.50.201;Нет;69,96;10158;994,91;639;18700;40,99;40,99;1914.00
4869;карниз;1.50.202;Нет;50,52;7338;717,96;462;13500;29,77;29,77;1382.00
4870;карниз;1.50.203;Нет;56,94;8278;809,68;521;15200;33,28;33,28;1558.00
4871;карниз;1.50.204;Нет;27,6;4012;391,61;252;7400;16,46;16,46;755.00
4872;карниз;1.50.208;Нет;30,66;4446;479,81;280;8200;18,22;18,22;839.00
4873;карниз;1.50.209;Нет;65,54;9507;931,4;600;17500;38,53;38,53;1793.00
4874;карниз;1.50.210;Нет;68,46;9941;975,5;626;18300;40,29;40,29;1873.00
4875;карниз;1.50.211;Нет;70,18;10194;956,1;642;18800;;;1920.00
4876;карниз;1.50.212;Нет;70,18;10194;956,1;642;18800;;;1920.00
4877;карниз;1.50.220;Нет;60,72;8820;864,37;555;16200;35,74;35,74;1661.00
4878;карниз;1.50.221;Нет;71,12;10338;1010,78;650;19000;41,69;41,69;1946.00
4879;карниз;1.50.222;Нет;78,48;11387;1116,62;717;21000;45,9;45,9;2147.00
4880;карниз;1.50.250;Нет;52,04;7555;740,89;476;13900;30,47;30,47;1424.00
4881;карниз;1.50.251;Нет;19,84;2891;282,24;182;5300;11,9;11,9;543.00
4882;карниз;1.50.252;Нет;59,88;8693;852,02;547;16000;35,04;35,04;1638.00
4883;карниз;1.50.253;Нет;29,6;4301;421,6;271;7900;17,52;17,52;810.00
4884;карниз;1.50.254;Нет;44,7;6488;635,05;408;12000;26,28;26,28;1223.00
4885;карниз;1.50.255;Нет;50,26;7302;716,19;460;13400;29,42;29,42;1375.00
4886;карниз;1.50.256;Нет;57,76;8386;822,03;528;15400;33,98;33,98;1580.00
4887;карниз;1.50.257;Нет;20,58;2982;289,3;188;5500;12,25;12,25;563.00
4888;карниз;1.50.258;Нет;18,98;2747;268,13;173;5100;11,2;11,2;519.00
4889;карниз;1.50.259;Нет;27,16;3940;386,32;248;7300;16,11;16,11;743.00
4890;карниз;1.50.260;Нет;70,1;10176;1001,96;641;18700;40,99;40,99;1918.00
4891;карниз;1.50.261;Нет;51,98;7555;931,4;475;13900;30,47;30,47;1422.00
4892;карниз;1.50.262;Нет;58,3;8477;830,85;533;15600;34,33;34,33;1595.00
4893;карниз;1.50.264;Нет;71,5;10393;1019,6;653;19100;42,04;42,04;1956.00
4894;карниз;1.50.265;Нет;30,66;4446;435,71;280;8200;18,22;18,22;839.00
4895;карниз;1.50.266;Нет;27,6;4012;393,38;252;7400;16,46;16,46;755.00
4896;карниз;1.50.267;Нет;58,56;8495;834,38;536;15700;;;1602.00
4897;карниз;1.50.268;Нет;60,24;8748;859,08;550;16100;35,39;35,39;1648.00
4898;карниз;1.50.269;Нет;63,5;9218;904,94;581;17000;;;1737.00
4899;карниз;1.50.270;Нет;68,32;9923;975,5;625;18300;39,94;39,94;1869.00
4900;карниз;1.50.271;Нет;87,5;12706;1370,64;800;23400;51,15;51,15;2394.00
4901;карниз;1.50.273;Нет;100,8;14640;1578,8;921;19600;59,21;59,21;2000.00
4902;карниз FLEX;1.50.114;Да;54,38;7898;774,4;498;14500;32,22;32,22;1488.00
4903;карниз FLEX;1.50.115;Да;43,86;6362;622,7;402;11700;25,9;25,9;1200.00
4904;карниз FLEX;1.50.116;Да;110,76;16068;1573,51;1012;29600;65,16;65,16;3030.00
4905;карниз FLEX;1.50.117;Да;116,46;16899;1658,18;1064;31100;68,66;68,66;3186.00
4906;карниз FLEX;1.50.118;Да;122,88;17839;1748,14;1124;32900;72,18;72,18;3362.00
4907;карниз FLEX;1.50.119;Да;60,46;8766;857,31;552;16200;35,74;35,74;1654.00
4908;карниз FLEX;1.50.120;Да;126,18;18327;1795,77;1152;33700;74,26;74,26;3452.00
4909;карниз FLEX;1.50.121;Да;59,22;8585;841,44;542;15800;35,04;35,04;1620.00
4910;карниз FLEX;1.50.122;Да;38,82;5621;550,37;354;10400;23,1;23,1;1062.00
4911;карниз FLEX;1.50.100;Да;54,46;7898;774,4;500;14600;32,22;32,22;1490.00
4912;карниз FLEX;1.50.102;Да;43,2;6253;613,88;394;11600;25,9;25,9;1182.00
4913;карниз FLEX;1.50.103;Да;43,56;6308;617,41;396;11700;25,9;25,9;1192.00
4914;карниз FLEX;1.50.104;Да;107,68;15634;1532,93;984;28800;63,06;63,06;2946.00
4915;карниз FLEX;1.50.105;Да;53,08;7699;755;486;14200;31,52;31,52;1452.00
4916;карниз FLEX;1.50.106;Да;57,32;8296;814,98;522;15300;33,62;33,62;1568.00
4917;карниз FLEX;1.50.107;Да;113,24;16448;1612,31;1036;30300;66,56;66,56;3098.00
4918;карниз FLEX;1.50.109;Да;122,88;17839;1748,14;1124;32900;72,18;72,18;3362.00
4919;карниз FLEX;1.50.110;Да;139,12;20207;1980,99;1272;37200;81,98;81,98;3806.00
4920;карниз FLEX;1.50.111;Да;113,9;16520;1619,37;1042;30500;66,56;66,56;3116.00
4921;карниз FLEX;1.50.112;Да;56,44;8187;802,63;514;15100;33,62;33,62;1544.00
4922;карниз FLEX;1.50.113;Да;59,88;8675;850,26;546;16000;35,04;35,04;1638.00
4923;карниз FLEX;1.50.123;Да;40,2;5820;569,78;368;10800;23,8;23,8;1100.00
4924;карниз FLEX;1.50.124;Да;102,78;14911;1460,61;938;27500;60,24;60,24;2812.00
4925;карниз FLEX;1.50.125;Да;84,36;12236;1199,53;770;22600;49,74;49,74;2308.00
4926;карниз FLEX;1.50.126;Да;59,14;8567;843,2;540;15800;35,04;35,04;1618.00
4927;карниз FLEX;1.50.127;Да;57,32;8296;814,98;522;15300;33,62;33,62;1568.00
4928;карниз FLEX;1.50.128;Да;100,3;14550;1427,09;916;26800;58,84;58,84;2744.00
4929;карниз FLEX;1.50.129;Да;57,82;8386;822,03;530;15500;34,32;34,32;1582.00
4930;карниз FLEX;1.50.130;Да;40,5;5874;575,07;370;10800;23,8;23,8;1108.00
4931;карниз FLEX;1.50.131;Да;98,76;14315;1404,16;904;26400;58,14;58,14;2702.00
4932;карниз FLEX;1.50.132;Да;147,3;21364;2093,89;1346;39400;86,2;86,2;4030.00
4933;карниз FLEX;1.50.133;Да;100,3;14550;1427,09;916;26800;58,84;58,84;2744.00
4934;карниз FLEX;1.50.134;Да;142,34;20659;2026,86;1302;38100;83,38;83,38;3894.00
4935;карниз FLEX;1.50.135;Да;103,66;15038;1472,96;948;27700;60,94;60,94;2836.00
4936;карниз FLEX;1.50.136;Да;115;16683;1635,25;1052;30800;67,26;67,26;3146.00
4937;карниз FLEX;1.50.137;Да;150,6;21834;2141,52;1376;40300;88,3;88,3;4120.00
4938;карниз FLEX;1.50.138;Да;126,18;18327;1795,77;1152;33700;74,26;74,26;3452.00
4939;карниз FLEX;1.50.139;Да;97,74;14170;1390,05;892;26100;57,44;57,44;2674.00
4940;карниз FLEX;1.50.140;Да;56,28;8169;800,86;514;15100;32,92;32,92;1540.00
4941;карниз FLEX;1.50.141;Да;56,28;8169;800,86;514;15100;32,92;32,92;1540.00
4942;карниз FLEX;1.50.142;Да;126,18;18327;1795,77;1152;33700;74,26;74,26;3452.00
4943;карниз FLEX;1.50.143;Да;55,26;8007;784,99;504;14800;32,92;32,92;1512.00
4944;карниз FLEX;1.50.144;Да;60,46;8766;857,31;552;16200;35,74;35,74;1654.00
4945;карниз FLEX;1.50.145;Да;160,16;23244;2277,35;1464;42800;93,88;93,88;4382.00
4946;карниз FLEX;1.50.146;Да;102,06;14803;1451,79;932;27300;;;2792.00
4947;карниз FLEX;1.50.147;Да;126,18;18327;1795,77;1152;33700;74,26;74,26;3452.00
4948;карниз FLEX;1.50.148;Да;107,38;15562;1525,88;980;28700;63,06;63,06;2938.00
4949;карниз FLEX;1.50.149;Да;162,58;23605;2317,92;1484;;;;4448.00
4950;карниз FLEX;1.50.150;Да;41,38;6000;589,18;378;11100;24,5;24,5;1132.00
4951;карниз FLEX;1.50.151;Да;162,58;23605;2317,92;1484;43500;95,28;95,28;4448.00
4952;карниз FLEX;1.50.152;Да;162,58;23605;2317,92;1484;43500;95,28;95,28;4448.00
4953;карниз FLEX;1.50.153;Да;162,58;23605;2317,92;1484;43500;95,28;95,28;4448.00
4954;карниз FLEX;1.50.154;Да;37,72;5458;534,5;344;10100;22,4;22,4;1032.00
4955;карниз FLEX;1.50.155;Да;37,42;5422;529,21;342;10000;22,4;22,4;1024.00
4956;карниз FLEX;1.50.156;Да;41,52;6018;589,18;380;11100;24,5;24,5;1136.00
4957;карниз FLEX;1.50.157;Да;38,6;5603;548,61;352;10300;23,1;23,1;1056.00
4958;карниз FLEX;1.50.158;Да;38,96;5657;536,26;354;10400;23,1;23,1;1066.00
4959;карниз FLEX;1.50.159;Да;40,14;5802;568,01;368;10700;23,8;23,8;1098.00
4960;карниз FLEX;1.50.160;Да;53,08;7699;755;486;14200;31,52;31,52;1452.00
4961;карниз FLEX;1.50.162;Да;55,26;8007;784,99;504;14800;32,92;32,92;1512.00
4962;карниз FLEX;1.50.163;Да;105,92;15381;1506,47;968;28300;62,36;62,36;2898.00
4963;карниз FLEX;1.50.164;Да;116,46;16899;1658,18;1064;31100;68,66;68,66;3186.00
4964;карниз FLEX;1.50.165;Да;55,42;8043;788,52;506;14800;32,92;32,92;1516.00
4965;карниз FLEX;1.50.166;Да;112,28;16303;1598,2;1026;30000;65,86;65,86;3072.00
4966;карниз FLEX;1.50.168;Да;113,9;16520;1619,37;1042;30500;66,56;66,56;3116.00
4967;карниз FLEX;1.50.169;Да;107,38;15562;1525,88;980;28700;63,06;63,06;2938.00
4968;карниз FLEX;1.50.170;Да;60,96;8838;867,9;556;16300;35,74;35,74;1668.00
4969;карниз FLEX;1.50.171;Да;39,84;5783;490,4;364;10700;23,8;23,8;1090.00
4970;карниз FLEX;1.50.172;Да;41,3;5982;509,8;378;11000;24,5;24,5;1130.00
4971;карниз FLEX;1.50.173;Да;41,52;6018;513,33;380;11100;24,5;24,5;1136.00
4972;карниз FLEX;1.50.174;Да;42,4;6145;522,15;386;11300;25,2;25,2;1160.00
4973;карниз FLEX;1.50.175;Да;113,24;16448;1612,31;1036;30300;66,56;66,56;3098.00
4974;карниз FLEX;1.50.176;Да;103,66;15038;1472,96;948;27700;60,94;60,94;2836.00
4975;карниз FLEX;1.50.177;Да;61,7;8947;876,72;562;16500;36,44;36,44;1688.00
4976;карниз FLEX;1.50.180;Да;105,12;15255;1494,12;960;28100;61,66;61,66;2876.00
4977;карниз FLEX;1.50.181;Да;59,22;8585;841,44;542;15800;35,04;35,04;1620.00
4978;карниз FLEX;1.50.182;Да;58,2;8440;825,56;532;15600;34,32;34,32;1592.00
4979;карниз FLEX;1.50.183;Да;63,24;9182;899,65;578;16900;37,12;37,12;1730.00
4980;карниз FLEX;1.50.184;Да;63,24;9182;899,65;578;16900;37,12;37,12;1730.00
4981;карниз FLEX;1.50.185;Да;110,76;16068;1575,27;1012;29600;65,16;65,16;3030.00
4982;карниз FLEX;1.50.186;Да;63,24;9182;899,65;578;16900;37,12;37,12;1730.00
4983;карниз FLEX;1.50.187;Да;56,14;8133;797,34;512;15000;32,92;32,92;1536.00
4984;карниз FLEX;1.50.188;Да;56,14;8133;797,34;512;15000;32,92;32,92;1536.00
4985;карниз FLEX;1.50.190;Да;42,1;6091;596,24;384;11300;25,2;25,2;1152.00
4986;карниз FLEX;1.50.191;Да;41,24;5964;583,89;376;11000;24,5;24,5;1128.00
4987;карниз FLEX;1.50.192;Да;57,24;8296;813,21;522;15300;33,62;33,62;1566.00
4988;карниз FLEX;1.50.193;Да;101,02;14658;1435,91;924;15800;59,54;59,54;1614.00
4989;карниз FLEX;1.50.194;Да;54,46;7898;774,4;500;14600;32,22;32,22;1490.00
4990;карниз FLEX;1.50.195;Да;59,22;8585;841,44;542;15800;35,04;35,04;1620.00
4991;карниз FLEX;1.50.197;Да;63,24;9182;899,65;578;16900;37,12;37,12;1730.00
4992;карниз FLEX;1.50.200;Да;56,14;8133;799,1;512;15000;32,92;32,92;1536.00
4993;карниз FLEX;1.50.202;Да;101,02;14658;1435,91;924;27000;59,54;59,54;2764.00
4994;карниз FLEX;1.50.203;Да;113,9;16538;1621,13;1042;30500;66,56;66,56;3116.00
4995;карниз FLEX;1.50.209;Да;131,08;19014;1862,8;1200;35100;77,06;77,06;3586.00
4996;карниз FLEX;1.50.210;Да;136,92;19882;1947,48;1252;36600;80,58;80,58;3746.00
4997;карниз FLEX;1.50.220;Да;121,42;17622;1726,97;1110;32500;71,48;71,48;3322.00
4998;карниз FLEX;1.50.221;Да;142,26;20641;2023,33;1300;38000;83,38;83,38;3892.00
4999;карниз FLEX;1.50.222;Да;156,96;22774;2233,25;1434;42000;91,8;91,8;4294.00
5000;карниз FLEX;1.50.250;Да;104,1;15110;1480,01;952;27800;60,94;60,94;2848.00
5001;карниз FLEX;1.50.251;Да;39,7;5747;562,72;364;10600;23,8;23,8;1086.00
5002;карниз FLEX;1.50.252;Да;119,74;17387;1702,28;1094;32000;70,08;70,08;3276.00
5003;карниз FLEX;1.50.253;Да;59,22;8585;841,44;542;15800;35,04;35,04;1620.00
5004;карниз FLEX;1.50.254;Да;89,4;12977;1271,86;816;23900;52,56;52,56;2446.00
5005;карниз FLEX;1.50.255;Да;100,52;14604;1430,62;920;26900;58,84;58,84;2750.00
5006;карниз FLEX;1.50.256;Да;115,5;16773;1644,07;1056;30900;67,96;67,96;3160.00
5007;карниз FLEX;1.50.257;Да;41,16;5946;582,13;376;11000;24,5;24,5;1126.00
5008;карниз FLEX;1.50.258;Да;37,94;5494;538,03;346;10100;22,4;22,4;1038.00
5009;карниз FLEX;1.50.259;Да;54,32;7880;770,88;496;14500;32,22;32,22;1486.00
5010;карниз FLEX;1.50.260;Да;140,22;20352;2003,93;1282;37500;81,98;81,98;3836.00
5011;карниз FLEX;1.50.261;Да;103,96;15092;1862,8;950;27800;60,94;60,94;2844.00
5012;карниз FLEX;1.50.262;Да;116,6;16936;1661,71;1066;31200;68,66;68,66;3190.00
5013;карниз FLEX;1.50.264;Да;143;20767;2040,97;1306;38200;84,08;84,08;3912.00
5014;карниз FLEX;1.50.265;Да;61,34;8892;871,43;560;16400;36,44;36,44;1678.00
5015;карниз FLEX;1.50.266;Да;55,2;7989;784,99;504;14800;32,92;32,92;1510.00
5016;карниз FLEX;1.50.267;Да;117,12;16990;1667;1072;31300;;;3204.00
5017;карниз FLEX;1.50.268;Да;120,48;17478;1719,92;1100;32200;70,78;70,78;3296.00
5018;карниз FLEX;1.50.269;Да;126,98;18418;1811,65;1162;34000;;;3474.00
5019;карниз FLEX;1.50.270;Да;136,64;19828;1949,24;1250;36500;79,88;79,88;3738.00
5020;молдинг;1.51.311;Нет;39,3;5711;557,43;359;10500;23,12;23,12;1075.00
5021;молдинг;1.51.314;Нет;23,8;3452;336,93;217;6400;14,01;14,01;651.00
5022;молдинг;1.51.327;Нет;32,46;4717;462,17;296;8700;19,26;19,26;888.00
5023;молдинг;1.51.301;Нет;22,48;3271;296,36;206;6000;13,31;13,31;615.00
5024;молдинг;1.51.305;Нет;19,6;2837;278,72;179;5200;11,55;11,55;536.00
5025;молдинг;1.51.321;Нет;18,42;2675;261,07;168;4900;10,85;10,85;504.00
5026;молдинг;1.51.400;Нет;19,66;2855;280,48;180;5300;11,55;11,55;538.00
5027;молдинг;1.51.302;Нет;25,14;3651;356,33;230;6700;14,71;14,71;688.00
5028;молдинг;1.51.303;Нет;25,52;3705;361,62;233;6800;15,06;15,06;698.00
5029;молдинг;1.51.304;Нет;24,28;3524;345,75;222;6500;14,36;14,36;664.00
5030;молдинг;1.51.306;Нет;20,1;2910;285,77;184;5400;11,9;11,9;550.00
5031;молдинг;1.51.307;Нет;38,06;5530;541,55;348;10200;22,42;22,42;1041.00
5032;молдинг;1.51.324;Нет;18,42;2675;261,07;168;4900;10,85;10,85;504.00
5033;молдинг;1.51.352;Нет;22,78;3315;322,82;208;6100;13,31;13,31;623.00
5034;молдинг;1.51.325;Нет;40,58;5892;576,83;371;10900;23,82;23,82;1110.00
5035;молдинг;1.51.312;Нет;22,4;3253;319,29;205;6000;13,31;13,31;613.00
5036;молдинг;1.51.332;Нет;30,08;4374;373,97;275;6300;17,87;17,87;647.00
5037;молдинг;1.51.350;Нет;40,86;5928;582,13;374;10900;24,17;24,17;1118.00
5038;молдинг;1.51.326;Нет;23,46;3398;333,4;214;6300;14,01;14,01;642.00
5039;молдинг;1.51.308;Нет;22,4;3253;296,36;205;6000;13,31;13,31;613.00
5040;молдинг;1.51.309;Нет;32,02;4645;455,12;293;6700;18,91;18,91;686.00
5041;молдинг;1.51.310;Нет;38,06;5530;541,55;348;10200;22,42;22,42;1041.00
5042;молдинг;1.51.313;Нет;23,8;3452;336,93;217;6400;14,01;14,01;651.00
5043;молдинг;1.51.315;Нет;24,64;3578;349,28;225;6600;14,71;14,71;674.00
5044;молдинг;1.51.316;Нет;22,78;3307;322,82;208;6100;13,31;13,31;623.00
5045;молдинг;1.51.317;Нет;36,04;5223;513,33;330;9600;21,36;21,36;986.00
5046;молдинг;1.51.318;Нет;25,52;3705;361,62;233;6800;15,06;15,06;698.00
5047;молдинг;1.51.319;Нет;41,24;5982;587,42;377;11000;24,17;24,17;1128.00
5048;молдинг;1.51.320;Нет;39,3;5711;557,43;359;10500;23,12;23,12;1075.00
5049;молдинг;1.51.322;Нет;18,78;2729;232,85;171;5000;11,2;11,2;514.00
5050;молдинг;1.51.328;Нет;23,46;3398;333,4;214;6300;14,01;14,01;642.00
5051;молдинг;1.51.330;Нет;24,74;3596;352,8;226;6600;14,71;14,71;677.00
5052;молдинг;1.51.333;Нет;24,24;;345,75;222;;;;603.00
5053;молдинг;1.51.340;Нет;23,22;3361;328,11;212;6200;13,66;13,66;635.00
5054;молдинг;1.51.341;Нет;32,5;4717;463,94;297;6800;19,26;19,26;699.00
5055;молдинг;1.51.342;Нет;32,5;4717;463,94;297;6600;19,26;19,26;673.00
5056;молдинг;1.51.343;Нет;30,08;4374;428,66;275;6500;17,87;17,87;660.00
5057;молдинг;1.51.344;Нет;32,5;4717;463,94;297;6600;19,26;19,26;673.00
5058;молдинг;1.51.351;Нет;24,12;3506;342,22;221;6500;14,36;14,36;660.00
5059;молдинг;1.51.380;Нет;54,14;7862;769,11;495;14500;31,88;31,88;1481.00
5060;молдинг;1.51.401;Нет;18,5;2693;262,84;169;4900;10,85;10,85;506.00
5061;молдинг;1.51.323;Нет;19,12;2765;236,38;174;5100;11,2;11,2;523.00
5062;молдинг;1.51.339;Нет;30,78;4464;381,03;281;6500;18,22;18,22;660.00
5063;молдинг;1.51.331;Нет;29,06;4211;359,86;266;6700;17,16;17,16;686.00
5064;молдинг;1.51.336;Нет;30,08;4374;373,97;275;6300;17,87;17,87;647.00
5065;молдинг;1.51.334;Нет;22,8;3307;282,24;208;6100;13,66;13,66;624.00
5066;молдинг;1.51.335;Нет;25,14;3651;308,7;230;6700;14,71;14,71;688.00
5067;молдинг;1.51.337;Нет;35,5;5151;437,48;324;6600;21,01;21,01;673.00
5068;молдинг;1.51.348;Нет;23,8;3452;389,85;217;6400;14,01;14,01;651.00
5069;молдинг;1.51.349;Нет;39,96;5802;654,45;365;10700;23,47;23,47;1093.00
5070;молдинг;1.51.329;Нет;19,48;2837;241,67;177;5200;11,55;11,55;533.00
5071;молдинг;1.51.347;Нет;37,4;5440;613,88;342;10000;22,07;22,07;1023.00
5072;молдинг;1.51.355;Нет;38,7;5621;633,28;354;10400;22,77;22,77;1059.00
5073;молдинг;1.51.354;Нет;24,68;3578;402,2;226;6600;14,71;14,71;675.00
5074;молдинг FLEX;1.51.311;Да;78,58;11387;1116,62;718;21000;46,24;46,24;2150.00
5075;молдинг FLEX;1.51.314;Да;47,6;6904;675,62;434;12700;28,02;28,02;1302.00
5076;молдинг FLEX;1.51.327;Да;64,92;9416;922,58;592;17400;38,52;38,52;1776.00
5077;молдинг FLEX;1.51.301;Да;44,96;6525;594,47;412;12000;26,62;26,62;1230.00
5078;молдинг FLEX;1.51.305;Да;39,18;5675;555,67;358;10500;23,1;23,1;1072.00
5079;молдинг FLEX;1.51.321;Да;36,84;5332;522,15;336;9900;21,7;21,7;1008.00
5080;молдинг FLEX;1.51.400;Да;39,32;5711;557,43;360;10500;23,1;23,1;1076.00
5081;молдинг FLEX;1.51.302;Да;50,3;7284;714,43;460;13500;29,42;29,42;1376.00
5082;молдинг FLEX;1.51.303;Да;51,02;7392;723,25;466;13600;30,12;30,12;1396.00
5083;молдинг FLEX;1.51.304;Да;48,54;7031;689,73;444;13000;28,72;28,72;1328.00
5084;молдинг FLEX;1.51.306;Да;40,2;5820;569,78;368;10800;23,8;23,8;1100.00
5085;молдинг FLEX;1.51.307;Да;76,1;11043;1083,11;696;20400;44,84;44,84;2082.00
5086;молдинг FLEX;1.51.324;Да;36,84;5332;522,15;336;9900;21,7;21,7;1008.00
5087;молдинг FLEX;1.51.352;Да;45,54;6597;647,4;416;12200;26,62;26,62;1246.00
5088;молдинг FLEX;1.51.325;Да;81,14;11784;1151,9;742;21700;47,64;47,64;2220.00
5089;молдинг FLEX;1.51.312;Да;44,82;6506;636,81;410;12000;26,62;26,62;1226.00
5090;молдинг FLEX;1.51.332;Да;60,16;8730;747,94;550;12600;35,74;35,74;1294.00
5091;молдинг FLEX;1.51.350;Да;81,72;11857;1162,49;748;21900;48,34;48,34;2236.00
5092;молдинг FLEX;1.51.326;Да;46,94;6796;665,04;428;12600;28,02;28,02;1284.00
5093;молдинг FLEX;1.51.308;Да;44,82;6506;590,95;410;12000;26,62;26,62;1226.00
5094;молдинг FLEX;1.51.309;Да;64,04;9290;910,23;586;13400;35,32;35,32;1372.00
5095;молдинг FLEX;1.51.310;Да;76,1;11043;1083,11;696;20400;44,84;44,84;2082.00
5096;молдинг FLEX;1.51.313;Да;47,6;6904;675,62;434;12700;28,02;28,02;1302.00
5097;молдинг FLEX;1.51.315;Да;49,28;7139;698,55;450;13200;29,42;29,42;1348.00
5098;молдинг FLEX;1.51.316;Да;45,54;6597;647,4;416;12200;26,62;26,62;1246.00
5099;молдинг FLEX;1.51.317;Да;72,08;10447;1024,9;660;19300;42,72;42,72;1972.00
5100;молдинг FLEX;1.51.318;Да;51,02;7392;723,25;466;13600;30,12;30,12;1396.00
5101;молдинг FLEX;1.51.319;Да;82,46;11965;1171,31;754;22100;48,34;48,34;2256.00
5102;молдинг FLEX;1.51.320;Да;78,58;11387;1116,62;718;21000;46,24;46,24;2150.00
5103;молдинг FLEX;1.51.322;Да;37,58;5440;463,94;342;10000;22,4;22,4;1028.00
5104;молдинг FLEX;1.51.328;Да;46,94;6796;665,04;428;12600;28,02;28,02;1284.00
5105;молдинг FLEX;1.51.330;Да;49,5;7175;702,08;452;13200;29,42;29,42;1354.00
5106;молдинг FLEX;1.51.333;Да;48,4;;689,73;444;;;;1205.00
5107;молдинг FLEX;1.51.340;Да;46,42;6723;657,98;424;12400;27,32;27,32;1270.00
5108;молдинг FLEX;1.51.341;Да;64,98;9435;929,64;594;13700;38,52;38,52;1398.00
5109;молдинг FLEX;1.51.342;Да;64,98;9435;929,64;594;13200;38,52;38,52;1346.00
5110;молдинг FLEX;1.51.343;Да;60,16;8730;857,31;550;12900;35,74;35,74;1320.00
5111;молдинг FLEX;1.51.344;Да;64,98;9435;929,64;594;13200;38,52;38,52;1346.00
5112;молдинг FLEX;1.51.351;Да;48,24;6994;684,44;442;12900;28,72;28,72;1320.00
5113;молдинг FLEX;1.51.380;Да;108,26;15707;1539,99;990;29000;63,76;63,76;2962.00
5114;молдинг FLEX;1.51.401;Да;37;5386;527,44;338;9900;21,7;21,7;1012.00
5115;молдинг FLEX;1.51.323;Да;38,24;5530;474,52;348;10200;22,4;22,4;1046.00
5116;молдинг FLEX;1.51.339;Да;61,56;8910;762,06;562;12900;36,44;36,44;1320.00
5117;молдинг FLEX;1.51.331;Да;58,12;8422;717,96;532;13400;34,32;34,32;1372.00
5118;молдинг FLEX;1.51.336;Да;60,16;8730;747,94;550;12600;35,74;35,74;1294.00
5119;молдинг FLEX;1.51.334;Да;45,62;6615;564,49;416;12200;27,32;27,32;1248.00
5120;молдинг FLEX;1.51.335;Да;50,3;7302;617,41;460;13500;29,42;29,42;1376.00
5121;молдинг FLEX;1.51.337;Да;70,98;10284;876,72;648;13200;42,02;42,02;1346.00
5122;молдинг FLEX;1.51.348;Да;47,6;6886;777,93;434;12700;28,02;28,02;1302.00
5123;молдинг FLEX;1.51.349;Да;79,9;11585;1310,67;730;21400;46,94;46,94;2186.00
5124;молдинг FLEX;1.51.329;Да;38,96;5657;483,34;354;10400;23,1;23,1;1066.00
5125;молдинг FLEX;1.51.347;Да;74,78;10862;1225,99;684;20000;44,14;44,14;2046.00
5126;молдинг FLEX;1.51.355;Да;77,42;11224;1266,57;708;20700;45,54;45,54;2118.00
5127;молдинг FLEX;1.51.354;Да;49,34;7157;806,16;452;13200;29,42;29,42;1350.00
5128;плинтус;1.53.102;Нет;43,16;6271;613,88;395;11500;25,57;25,57;1181.00
5129;плинтус;1.53.103;Нет;39,62;5747;562,72;362;10600;23,47;23,47;1084.00
5130;плинтус;1.53.104;Нет;40,28;5838;575,07;368;10800;23,82;23,82;1102.00
5131;плинтус;1.53.105;Нет;44,42;6452;631,52;405;11900;26,28;26,28;1215.00
5132;плинтус;1.53.106;Нет;36,12;5241;511,57;330;9700;21,36;21,36;988.00
5133;плинтус;1.53.107;Нет;34,72;5042;492,16;317;9300;20,31;20,31;950.00
5134;плинтус;1.53.109;Нет;38,86;5639;552,14;355;10400;22,77;22,77;1063.00
5135;плинтус;1.53.101;Нет;41,74;6055;592,71;381;11200;24,52;24,52;1142.00
5136;плинтус FLEX;1.53.102;Да;86,34;12525;1227,76;790;23100;51,14;51,14;2362.00
5137;плинтус FLEX;1.53.103;Да;79,24;11495;1127,21;724;21200;46,94;46,94;2168.00
5138;плинтус FLEX;1.53.104;Да;80,56;11694;1150,14;736;21500;47,64;47,64;2204.00
5139;плинтус FLEX;1.53.105;Да;88,82;12887;1264,8;810;23800;52,56;52,56;2430.00
5140;плинтус FLEX;1.53.106;Да;72,22;10465;1023,13;660;19300;42,72;42,72;1976.00
5141;плинтус FLEX;1.53.107;Да;69,44;10067;986,09;634;18600;40,62;40,62;1900.00
5142;плинтус FLEX;1.53.109;Да;77,7;11278;1104,28;710;20800;45,54;45,54;2126.00
5143;плинтус FLEX;1.53.101;Да;83,48;12110;1187,18;762;22300;49,04;49,04;2284.00
5144;угловой элемент;1.52.326;Нет;20,58;2982;291,06;188;5500;12,25;12,25;563.00
5145;угловой элемент;1.52.301;Нет;17,62;2566;250,49;161;4700;10,5;10,5;482.00
5146;угловой элемент;1.52.302;Нет;18,1;2620;255,78;166;4800;10,85;10,85;495.00
5147;угловой элемент;1.52.290;Нет;19,12;2765;271,66;174;5100;11,2;11,2;523.00
5148;угловой элемент;1.52.293;Нет;19,12;2765;271,66;174;5100;11,2;11,2;523.00
5149;угловой элемент;1.52.292;Нет;19,6;2837;276,95;179;5200;11,55;11,55;536.00
5150;угловой элемент;1.52.288;Нет;20;2891;284,01;183;5300;11,9;11,9;547.00
5151;угловой элемент;1.52.294;Нет;20;2891;284,01;183;5300;11,9;11,9;547.00
5152;угловой элемент;1.52.291;Нет;18,24;2638;257,55;167;4900;10,85;10,85;499.00
5153;угловой элемент;1.52.295;Нет;18,24;2638;257,55;167;4900;10,85;10,85;499.00
5154;угловой элемент;1.52.328;Нет;18,24;2638;257,55;167;4900;10,85;10,85;499.00
5155;угловой элемент;1.52.400;Нет;19,22;2783;271,66;175;5100;11,55;11,55;526.00
5156;угловой элемент;1.52.289;Нет;17,7;2566;252,25;162;4700;10,5;10,5;484.00
5157;угловой элемент;1.52.296;Нет;21,94;3181;312,23;201;5900;12,95;12,95;600.00
5158;угловой элемент;1.52.297;Нет;17,84;2584;252,25;163;4800;10,5;10,5;488.00
5159;угловой элемент;1.52.298;Нет;17,84;2584;252,25;163;4800;10,5;10,5;488.00
5160;угловой элемент;1.52.300;Нет;18,24;2638;257,55;167;4900;10,85;10,85;499.00
5161;угловой элемент;1.52.303;Нет;18,24;2638;257,55;167;4900;10,85;10,85;499.00
5162;угловой элемент;1.52.308;Нет;17,48;2530;246,96;160;4700;10,5;10,5;478.00
5163;угловой элемент;1.52.312;Нет;17,62;2566;250,49;161;4700;10,5;10,5;482.00
5164;угловой элемент;1.52.313;Нет;37,76;5476;536,26;345;10100;22,07;22,07;1033.00
5165;угловой элемент;1.52.314;Нет;21,94;3181;312,23;201;5900;12,95;12,95;600.00
5166;угловой элемент;1.52.318;Нет;18,68;2711;264,6;170;5000;11,2;11,2;511.00
5167;кронштейн;1.19.001;Нет;51,02;7410;725,01;466;13600;30,12;30,12;1396.00
5168;кронштейн;1.19.137;Нет;7,5;1084;105,84;75;2000;4,54;4,54;205.00
5169;кронштейн;1.19.002;Нет;38,16;5530;541,55;349;10200;22,42;22,42;1044.00
5170;кронштейн;1.19.005;Нет;42,18;6127;599,77;385;11300;24,87;24,87;1154.00
5171;кронштейн;1.19.003;Нет;38,3;5567;543,32;350;10200;22,42;22,42;1048.00
5172;кронштейн;1.19.004;Нет;38,34;5567;545,08;351;10300;22,42;22,42;1049.00
5173;кронштейн;1.19.006;Нет;135,72;19719;1946,7;1292;;;;3713.00
5174;розетка;1.56.017;Нет;53,8;7808;712,66;491;14400;31,53;31,53;1472.00
5175;розетка;1.56.001;Нет;73,28;10646;904,94;670;19600;43,1;43,1;2005.00
5176;розетка;1.56.002;Нет;52,08;7555;643,87;476;13900;30,47;30,47;1425.00
5177;розетка;1.56.004;Нет;42,48;6163;523,91;389;11400;24,87;24,87;1162.00
5178;розетка;1.56.007;Нет;44,04;6398;543,32;402;11800;25,93;25,93;1205.00
5179;розетка;1.56.013;Нет;29,06;4211;504,51;266;7800;17,16;17,16;795.00
5180;розетка;1.56.014;Нет;30,3;4392;522,15;277;8100;17,87;17,87;829.00
5181;розетка;1.56.015;Нет;57,28;8314;749,71;523;15300;33,63;33,63;1567.00
5182;розетка;1.56.016;Нет;52,08;7555;633,28;476;13900;30,47;30,47;1425.00
5183;розетка;1.56.018;Нет;101,86;14785;1259,51;931;27200;59,56;59,56;2787.00
5184;розетка;1.56.019;Нет;55,6;8061;712,66;508;14900;32,58;32,58;1521.00
5185;розетка;1.56.020;Нет;55,6;8061;652,69;508;14900;32,58;32,58;1521.00
5186;розетка;1.56.022;Нет;52,08;7555;762,06;476;13900;30,47;30,47;1425.00
5187;розетка;1.56.023;Нет;71,38;10356;882,01;652;19100;42,04;42,04;1953.00
5188;розетка;1.56.024;Нет;53,8;7808;737,36;491;14400;31,53;31,53;1472.00
5189;розетка;1.56.025;Нет;134,18;19484;1659,94;1226;35900;78,49;78,49;3671.00
5190;розетка;1.56.005;Нет;92,58;13447;1144,85;846;19100;54,31;54,31;1951.00
5191;розетка;1.56.010;Нет;17,7;2566;218,74;163;4700;10,5;10,5;484.00
5192;розетка;1.56.028;Нет;99,5;14441;1231,29;909;26600;58,16;58,16;2722.00
5193;розетка;1.56.029;Нет;73,28;10646;904,94;670;19600;43,1;43,1;2005.00
5194;розетка;1.56.030;Нет;31,18;4518;608,59;285;8300;18,56;18,56;853.00
5195;розетка;1.56.003;Нет;55,6;8061;687,97;508;14900;32,58;32,58;1521.00
5196;розетка;1.56.031;Нет;71,38;10356;882,01;652;19100;42,04;42,04;1953.00
5197;розетка;1.56.021;Нет;57,28;8314;762,06;523;15300;33,63;33,63;1567.00
5198;розетка;1.56.026;Нет;97,16;14116;1199,53;888;26000;57,11;57,11;2658.00
5199;розетка;1.56.006;Нет;29,64;4301;366,92;271;7900;17,52;17,52;811.00
5200;розетка;1.56.009;Нет;30,3;4392;373,97;277;8100;17,87;17,87;829.00
5201;розетка;1.56.032;Нет;30,88;4482;382,79;282;8300;18,22;18,22;845.00
5202;розетка;1.56.011;Нет;17,48;2530;215,21;160;4700;10,5;10,5;478.00
5203;розетка;1.56.037;Нет;30,34;4392;495,69;277;8100;17,87;17,87;830.00
5204;розетка;1.56.034;Нет;53,84;7826;883,77;492;14400;31,53;31,53;1473.00
5205;розетка;1.56.033;Нет;52,08;7555;853,79;476;13900;30,47;30,47;1425.00
5206;розетка;1.56.038;Нет;40,14;5838;656,22;366;8600;23,47;23,47;878.00
5207;розетка;1.56.012;Нет;55,6;8061;686,2;508;14900;32,58;32,58;1521.00
5208;розетка;1.56.027;Нет;41,7;6055;515,09;381;7900;24,52;24,52;810.00
5209;розетка;1.56.039;Нет;74,24;10772;1217,17;678;19900;43,45;43,45;2031.00
5210;розетка;1.56.035;Нет;53,8;7808;882,01;491;14400;31,53;31,53;1472.00
5211;розетка;1.56.042;Нет;17,7;2566;289,3;162;4700;10,5;10,5;484.00
5212;орнамент;1.60.114;Нет;22;3199;312,23;202;5900;12,95;12,95;602.00
5213;орнамент;1.60.014;Нет;22;3199;312,23;205;5900;12,95;12,95;602.00
5214;орнамент;1.60.011;Нет;9,54;1391;135,83;90;2600;5,6;5,6;261.00
5215;орнамент;1.60.111;Нет;9,54;1391;135,83;90;2600;5,6;5,6;261.00
5216;орнамент;1.60.007;Нет;8,84;1283;125,25;81;2400;5,25;5,25;242.00
5217;орнамент;1.60.005;Нет;8,84;1283;125,25;81;2400;5,25;5,25;242.00
5218;орнамент;1.60.012;Нет;23,84;3452;338,69;217;6400;14,01;14,01;652.00
5219;орнамент;1.60.008;Нет;8,38;1211;118,19;80;2200;4,9;4,9;229.00
5220;орнамент;1.60.010;Нет;8,56;1229;119,95;80;2300;5,25;5,25;234.00
5221;орнамент;1.60.002;Нет;9,58;1391;135,83;87;2600;5,6;5,6;262.00
5222;орнамент;1.60.003;Нет;8,38;1211;118,19;77;2200;4,9;4,9;229.00
5223;орнамент;1.60.004;Нет;8,56;1229;119,95;78;2300;5,25;5,25;234.00
5224;орнамент;1.60.006;Нет;8,7;1265;121,72;80;2300;5,25;5,25;238.00
5225;орнамент;1.60.009;Нет;8,56;1229;119,95;80;2300;5,25;5,25;234.00
5226;орнамент;1.60.015;Нет;8,96;1283;125,25;85;2400;5,25;5,25;245.00
5227;орнамент;1.60.017;Нет;9,62;1391;135,83;90;2600;5,95;5,95;263.00
5228;орнамент;1.60.018;Нет;9,9;1427;139,36;90;2600;5,95;5,95;271.00
5229;орнамент;1.60.019;Нет;23,84;3452;338,69;220;6400;14,01;14,01;652.00
5230;орнамент;1.60.108;Нет;8,38;1211;118,19;80;2200;4,9;4,9;229.00
5231;орнамент;1.60.109;Нет;8,56;1229;119,95;80;2300;5,25;5,25;234.00
5232;орнамент;1.60.110;Нет;8,56;1229;119,95;80;2300;5,25;5,25;234.00
5233;орнамент;1.60.001;Нет;8,74;1265;123,48;80;2300;5,25;5,25;239.00
5234;кессон;1.57.002;Нет;66,96;9724;952,57;615;17900;39,24;39,24;1832.00
5235;кессон;1.57.003;Нет;70,5;10230;1003,73;645;18900;41,34;41,34;1929.00
5236;кессон;1.57.001;Нет;61,7;8947;876,72;565;16500;36,09;36,09;1688.00
5237;кессон;1.57.004;Нет;91,48;13284;1301,85;840;24500;53,61;53,61;2503.00
5238;купол;1.58.001;Нет;337,4;49000;4803,42;3084;90200;197,29;197,29;9231.00
5239;капитель;1.11.001;Нет;294,24;42728;4189,55;2690;78700;172,06;172,06;8050.00
5240;капитель;1.11.010;Нет;159,84;23208;1975,7;1461;42700;93,55;93,55;4373.00
5241;капитель;1.11.003;Нет;228,56;33203;3254,62;2088;61100;133,86;133,86;6253.00
5242;капитель;1.11.002;Нет;169,78;24654;2416,71;1552;45400;99,52;99,52;4645.00
5243;капитель;1.11.004;Нет;228,56;33203;3254,62;2088;61100;133,86;133,86;6253.00
5244;капитель;1.11.005;Нет;117,76;17098;1457,08;1076;31500;69,03;69,03;3222.00
5245;капитель;1.11.006;Нет;219,34;31829;3145,8;2004;58700;128,26;128,26;6001.00
5246;капитель;1.11.008;Нет;132,94;19303;1644,07;1215;35600;77,79;77,79;3637.00
5247;капитель;1.11.009;Нет;132,36;19213;1635,25;1210;35400;77,44;77,44;3621.00
5248;капитель;1.15.002;Нет;72,48;10519;1030,19;665;19400;42,39;42,39;1983.00
5249;капитель;1.15.003;Нет;101,9;14785;1450,02;935;27300;59,56;59,56;2788.00
5250;капитель;1.15.004;Нет;101,9;14785;1450,02;935;27300;59,56;59,56;2788.00
5251;капитель;1.15.005;Нет;52,86;7663;751,47;485;14100;31,18;31,18;1446.00
5252;капитель;1.15.006;Нет;97,96;14224;1397,1;900;26200;57,46;57,46;2680.00
5253;капитель;1.15.008;Нет;66,52;9651;822,03;610;17800;38,88;38,88;1820.00
5254;капитель;1.15.001;Нет;124,5;18074;1772,84;1140;33300;72,89;72,89;3406.00
5255;капитель;1.15.009;Нет;66,16;9615;818,5;605;17700;38,88;38,88;1810.00
5256;капитель;1.15.010;Нет;79,98;11604;989,61;735;21400;46,94;46,94;2188.00
5257;капитель;1.21.003;Нет;45,44;6597;645,63;420;12200;26,63;26,63;1243.00
5258;капитель;1.21.001;Нет;40,82;5928;580,36;375;10900;24,17;24,17;1117.00
5259;капитель;1.21.002;Нет;51,94;7537;739,12;475;13900;30,47;30,47;1421.00
5260;капитель;1.21.004;Нет;47,52;6886;728,54;434;12700;28,02;28,02;1300.00
5261;капитель;1.21.005;Нет;51,2;7428;691,5;470;13700;30,12;30,12;1401.00
5262;капитель;1.21.006;Нет;48,54;7049;654,45;445;13000;28,37;28,37;1328.00
5263;капитель;1.21.007;Нет;45,98;6669;675,62;420;12300;26,98;26,98;1258.00
5264;ствол;1.12.020;Нет;430,04;62448;6122,91;3930;115000;251,6;251,6;11765.00
5265;ствол;1.12.010;Нет;430,04;62448;6122,91;3930;115000;251,6;251,6;11765.00
5266;ствол;1.12.030;Нет;547,7;79529;7798,73;5005;146500;320,29;320,29;14984.00
5267;ствол;1.12.050;Нет;253,2;36764;3630,9;2315;67700;148,22;148,22;6927.00
5268;ствол;1.12.060;Нет;231,18;33583;2859,48;2115;61800;135,26;135,26;6325.00
5269;ствол;1.12.061;Нет;312,26;45349;3861,44;2855;83500;182,57;182,57;8543.00
5270;ствол;1.12.080;Нет;231,18;33583;2859,48;2115;61800;135,26;135,26;6325.00
5271;ствол;1.12.081;Нет;312,26;45349;3861,44;2855;83500;182,57;182,57;8543.00
5272;ствол;1.12.070;Нет;231,18;33583;2859,48;2115;61800;135,26;135,26;6325.00
5273;ствол;1.12.071;Нет;312,26;45349;3861,44;2855;83500;182,57;182,57;8543.00
5274;ствол;1.16.080;Нет;115,62;16791;1430,62;1060;30900;67,62;67,62;3163.00
5275;ствол;1.16.081;Нет;156,14;22683;1929,84;1430;41800;91,46;91,46;4272.00
5276;ствол;1.16.030;Нет;251,22;36474;3577,43;2300;67200;147,18;147,18;6873.00
5277;ствол;1.16.070;Нет;115,62;16791;1430,62;1060;30900;67,62;67,62;3163.00
5278;ствол;1.16.050;Нет;113,2;16448;1610,55;1035;30300;66,22;66,22;3097.00
5279;ствол;1.16.060;Нет;115,62;16791;1430,62;1060;30900;67,62;67,62;3163.00
5280;ствол;1.16.071;Нет;156,14;22683;1929,84;1430;41800;91,46;91,46;4272.00
5281;ствол;1.16.010;Нет;192,48;27943;2739,52;1760;51500;112,83;112,83;5266.00
5282;ствол;1.16.011;Нет;197,78;28720;2836,05;1810;52900;115,63;115,63;5411.00
5283;ствол;1.16.020;Нет;192,48;27943;2739,52;1760;51500;112,83;112,83;5266.00
5284;ствол;1.16.061;Нет;156,14;22683;1929,84;1430;41800;91,46;91,46;4272.00
5285;ствол;1.22.010;Нет;59,28;8621;843,2;545;15900;34,69;34,69;1622.00
5286;ствол;1.22.020;Нет;93,6;13592;1331,83;860;25000;55,01;55,01;2561.00
5287;ствол;1.22.030;Нет;71,38;10356;1016,08;655;19100;42,04;42,04;1953.00
5288;ствол;1.22.200;Нет;107,42;15598;1527,64;985;28700;63,07;63,07;2939.00
5289;ствол;1.22.040;Нет;75,92;11025;1079,58;695;20300;44,5;44,5;2077.00
5290;кольцо;1.11.100;Нет;7,16;1030;100,55;65;1900;4,19;4,19;196.00
5291;кольцо;1.11.200;Нет;7,16;1030;100,55;65;1900;4,19;4,19;196.00
5292;кольцо;1.11.300;Нет;10,42;1500;146,41;96;2800;6,3;6,3;285.00
5293;кольцо;1.15.100;Нет;3,62;524;49,39;35;1000;2,44;2,44;99.00
5294;кольцо;1.15.200;Нет;3,62;524;45,86;35;1000;2,44;2,44;99.00
5295;кольцо;1.15.300;Нет;5,34;777;75,85;50;1400;3,14;3,14;146.00
5296;база;1.13.900;Нет;105,08;15255;1300,08;965;28100;61,67;61,67;2875.00
5297;база;1.13.300;Нет;396;57514;5639,57;3620;105900;231,63;231,63;10834.00
5298;база;1.13.400;Нет;175,44;25485;2497,85;1605;46900;102,66;102,66;4800.00
5299;база;1.13.800;Нет;105,08;15255;1300,08;965;28100;61,67;61,67;2875.00
5300;база;1.13.500;Нет;117,76;17098;1457,08;1080;31500;69,03;69,03;3222.00
5301;база;1.13.100;Нет;305,5;44373;4350,07;2795;81700;178,71;178,71;8358.00
5302;база;1.13.200;Нет;151,72;22033;2159,16;1390;40600;89;89;4151.00
5303;база;1.13.700;Нет;103;14947;1273,62;945;27500;60,27;60,27;2818.00
5304;база;1.17.900;Нет;52,56;7627;649,16;480;14100;30,83;30,83;1438.00
5305;база;1.17.300;Нет;181,16;26298;2579;1660;48400;106,17;106,17;4956.00
5306;база;1.17.400;Нет;79,28;11513;1127,21;725;21200;46,59;46,59;2169.00
5307;база;1.17.100;Нет;135,86;19719;1933,37;1245;36300;79,54;79,54;3717.00
5308;база;1.17.800;Нет;52,56;7627;649,16;480;14100;30,83;30,83;1438.00
5309;база;1.17.500;Нет;52,86;7663;751,47;485;14100;31,18;31,18;1446.00
5310;база;1.17.600;Нет;99,06;14387;1409,45;905;26500;58,16;58,16;2710.00
5311;база;1.17.700;Нет;51,54;7482;636,81;470;13800;30,12;30,12;1410.00
5312;база;1.17.200;Нет;58,92;8549;837,91;540;15800;34,69;34,69;1612.00
5313;база;1.23.100;Нет;48,54;7049;691,5;445;13000;28,37;28,37;1328.00
5314;база;1.23.200;Нет;69,44;10085;987,85;635;18600;40,64;40,64;1900.00
5315;база;1.23.300;Нет;54,76;7952;777,93;500;14600;32,23;32,23;1498.00
5316;база;1.23.400;Нет;74,16;10772;1054,88;680;19800;43,45;43,45;2029.00
5317;база;1.23.500;Нет;53,26;7717;756,76;490;14200;31,18;31,18;1457.00
5318;пьедестал;1.14.001;Нет;204,72;29733;2531,37;1875;54700;119,85;119,85;5601.00
5319;пьедестал;1.14.002;Нет;216,14;31377;2672,49;1975;57800;126,5;126,5;5913.00
5320;пьедестал;1.14.003;Нет;216,14;31377;2672,49;1975;57800;126,5;126,5;5913.00
5321;пьедестал;1.18.001;Нет;108,12;15707;1337,13;990;28900;63,42;63,42;2958.00
5322;пьедестал;1.18.002;Нет;102,42;14875;1266,57;940;27400;59,91;59,91;2802.00
5323;пьедестал;1.18.003;Нет;108,12;15707;1337,13;990;28900;63,42;63,42;2958.00
5324;база;1.54.010;Нет;22,84;3325;324,58;207;6100;13,66;13,66;625.00
5325;обрамление арок;1.55.003;Нет;9,22;1337;130,54;85;2500;5,6;5,6;252.00
5326;обрамление арок;1.55.004;Нет;9,58;1391;135,83;87;2600;5,6;5,6;262.00
5327;обрамление арок;1.55.001;Нет;26,2;3795;372,21;239;7000;15,41;15,41;717.00
5328;замковый камень;1.55.005;Нет;9,54;1391;135,83;87;2600;5,6;5,6;261.00
5329;обрамление арок;1.55.002;Нет;26,2;3795;372,21;239;7000;15,41;15,41;717.00
5330;база;1.54.020;Нет;20,72;3000;294,59;190;5500;12,25;12,25;567.00
5331;боковой элемент;1.54.009;Нет;9,02;1301;127,01;85;2400;5,6;5,6;247.00
5332;боковой элемент;1.54.019;Нет;9,02;1301;128,77;85;2400;5,6;5,6;247.00
5333;квадрат;1.54.001;Нет;8,18;1174;114,66;75;2200;4,9;4,9;224.00
5334;квадрат;1.54.002;Нет;7,94;1156;112,9;75;2100;4,9;4,9;217.00
5335;наличник;1.54.003;Нет;32,94;4789;467,47;301;8800;19,26;19,26;901.00
5336;наличник;1.54.004;Нет;55,26;8025;784,99;505;14800;32,58;32,58;1512.00
5337;элемент;1.54.008;Нет;9,24;1337;130,54;90;2500;5,6;5,6;253.00
5338;элемент;1.54.006;Нет;11,34;1644;160,53;105;3000;6,65;6,65;310.00
5339;элемент;1.54.005;Нет;10,92;1572;153,47;100;2900;6,65;6,65;299.00
5340;элемент;1.54.007;Нет;8,96;1283;125,25;85;2400;5,25;5,25;245.00
5341;элемент;1.54.012;Нет;22,66;3289;321,05;207;6100;13,31;13,31;620.00
5342;элемент;1.54.011;Нет;22,34;3235;317,52;205;6000;13,31;13,31;611.00
5343;ствол;1.12.011;Нет;442,94;64313;6351,45;4050;118500;258,96;258,96;12118.00
5344;пилястра;1.20.301;Нет;;;;;;;;3053.00
5345;пилястра;1.20.302;Нет;;;;;;;;4416.00
5346;пилястра;1.20.303;Нет;;;;;;;;4700.00
5347;пилястра;1.20.201;Нет;;;;;;;;4347.00
5348;пилястра;1.20.202;Нет;;;;;;;;4631.00
5349;пилястра;1.20.101;Нет;;;;;;;;4058.00
5350;пилястра;1.20.102;Нет;;;;;;;;2925.00
5351;пилястра;1.20.001;Нет;;;;;;;;3534.00
5352;пилястра;1.20.002;Нет;;;;;;;;3523.00
5353;полуколонна;1.10.301;Нет;;;;;;;;7319.00
5354;полуколонна;1.10.302;Нет;;;;;;;;5932.00
5355;полуколонна;1.10.303;Нет;;;;;;;;11443.00
5356;полуколонна;1.10.304;Нет;;;;;;;;9349.00
5357;полуколонна;1.10.201;Нет;;;;;;;;6918.00
5358;полуколонна;1.10.202;Нет;;;;;;;;5648.00
5359;полуколонна;1.10.203;Нет;;;;;;;;7458.00
5360;полуколонна;1.10.204;Нет;;;;;;;;5423.00
5361;полуколонна;1.10.205;Нет;;;;;;;;8912.00
5362;полуколонна;1.10.206;Нет;;;;;;;;7331.00
5363;полуколонна;1.10.207;Нет;;;;;;;;8948.00
5364;полуколонна;1.10.208;Нет;;;;;;;;7367.00
5365;полуколонна;1.10.209;Нет;;;;;;;;8948.00
5366;полуколонна;1.10.210;Нет;;;;;;;;7367.00
5367;полуколонна;1.10.211;Нет;;;;;;;;8948.00
5368;полуколонна;1.10.212;Нет;;;;;;;;7367.00
5369;полуколонна;1.10.213;Нет;;;;;;;;8912.00
5370;полуколонна;1.10.214;Нет;;;;;;;;7331.00
5371;полуколонна;1.10.101;Нет;;;;;;;;7020.00
5372;полуколонна;1.10.102;Нет;;;;;;;;5633.00
5373;полуколонна;1.10.103;Нет;;;;;;;;6531.00
5374;полуколонна;1.10.104;Нет;;;;;;;;4496.00
5375;полуколонна;1.10.105;Нет;;;;;;;;8235.00
5376;полуколонна;1.10.106;Нет;;;;;;;;6654.00
5377;колонна;1.30.301;Нет;;;;;;;;14635.00
5378;колонна;1.30.302;Нет;;;;;;;;11861.00
5379;колонна;1.30.303;Нет;;;;;;;;25442.00
5380;колонна;1.30.304;Нет;;;;;;;;20908.00
5381;колонна;1.30.201;Нет;;;;;;;;14070.00
5382;колонна;1.30.202;Нет;;;;;;;;11296.00
5383;колонна;1.30.204;Нет;;;;;;;;12131.00
5384;колонна;1.30.205;Нет;;;;;;;;19960.00
5385;колонна;1.30.206;Нет;;;;;;;;16799.00
5386;колонна;1.30.207;Нет;;;;;;;;10976.00
5387;колонна;1.30.208;Нет;;;;;;;;7815.00
5388;колонна;1.30.209;Нет;;;;;;;;20027.00
5389;колонна;1.30.210;Нет;;;;;;;;16866.00
5390;колонна;1.30.211;Нет;;;;;;;;10976.00
5391;колонна;1.30.212;Нет;;;;;;;;16918.00
5392;колонна;1.30.213;Нет;;;;;;;;19960.00
5393;колонна;1.30.214;Нет;;;;;;;;16799.00
5394;колонна;1.30.101;Нет;;;;;;;;13805.00
5395;колонна;1.30.102;Нет;;;;;;;;11265.00
5396;колонна;1.30.104;Нет;;;;;;;;10043.00
5397;колонна;1.30.105;Нет;;;;;;;;18606.00
5398;колонна;1.30.106;Нет;;;;;;;;15445.00
5861;карниз;1.50.205;Нет;30,66;4446;435,71;280;8200;18,22;18,22;839.00
5862;карниз FLEX;1.50.196;Да;57,24;8296;820,27;522;15300;33,62;33,62;1566.00
5863;карниз FLEX;1.50.198;Да;101,02;14658;1435,91;924;16600;59,54;59,54;1698.00
5864;карниз FLEX;1.50.201;Да;139,92;20316;1989,81;1278;37400;81,98;81,98;3828.00
5865;карниз FLEX;1.50.205;Да;61,34;8892;869,66;560;16400;36,44;36,44;1678.00
5866;молдинг;1.51.345;Нет;38,7;5621;633,28;354;10400;22,77;22,77;1059.00
5867;молдинг;1.51.357;Нет;23,28;3379;284,01;213;6200;13,66;13,66;637.00
5868;молдинг;1.51.358;Нет;36,74;5332;601,53;336;9800;21,71;21,71;1005.00
5869;молдинг;1.51.361;Нет;25,14;3651;411,02;230;6700;14,71;14,71;688.00
5870;молдинг;1.51.381;Нет;59,68;8675;979,03;545;16000;35,04;35,04;1633.00
5871;молдинг FLEX;1.51.345;Да;77,42;11224;1266,57;708;20700;45,54;45,54;2118.00
5872;молдинг FLEX;1.51.357;Да;46,56;6759;568,01;426;12500;27,32;27,32;1274.00
5873;молдинг FLEX;1.51.358;Да;73,46;10664;1203,06;672;19600;43,42;43,42;2010.00
5874;молдинг FLEX;1.51.361;Да;50,3;7302;822,03;460;13500;29,42;29,42;1376.00
5875;молдинг FLEX;1.51.381;Да;119,38;17351;1956,3;1090;31900;70,08;70,08;3266.00
5876;архитрав;1.26.001;Нет;63,5;9218;779,7;581;17000;37,13;37,13;1737.00
5877;архитрав;1.26.002;Нет;63,5;9218;779,7;581;17000;37,13;37,13;1737.00
5878;архитрав;1.26.003;Нет;65,02;9453;799,1;594;17400;38,18;38,18;1779.00
5879;розетка;1.56.036;Нет;115,64;16791;1894,56;1057;30900;67,62;67,62;3164.00
5880;база;1.13.600;Нет;207,62;30148;2954,73;1900;55500;121,59;121,59;5680.00
5881;ниша;1.61.101;Нет;126,94;18436;1806,36;1160;33900;74,28;74,28;3473.00
5882;ниша;1.61.102;Нет;194,52;28250;2769,51;1778;52000;113,88;113,88;5322.00
5883;ниша с полкой;1.61.110;Нет;117,52;16357;1603,49;1030;31400;69,03;69,03;3215.00
5884;ниша с полкой;1.61.120;Нет;240,1;34853;3231,68;2075;64200;140,51;140,51;6569.00
5885;сандрик;1.63.001;Нет;65,62;9534;933,17;600;17500;38,53;38,53;1795.00
5886;сандрик;1.63.002;Нет;61,74;8969;878,48;564;16500;36,09;36,09;1689.00
5887;карниз;4.02.201;Нет;291,32;41930;4279,08;2663;77900;193,92;193,92;7970.00
5888;карниз;4.01.201;Нет;295,52;42536;4341,09;2702;79000;196,86;196,86;8085.00
5889;карниз;4.01.101;Нет;253,3;36462;3720,94;2315;67700;168,89;168,89;6930.00
5890;карниз;4.01.301;Нет;274,44;39507;4031,02;2508;73400;182,88;182,88;7508.00
5891;карниз;4.32.202;Нет;211,08;30387;3100,78;1910;56500;140,56;140,56;5775.00
5892;карниз;4.01.103;Нет;379,96;54685;5581,41;3473;101600;253,16;253,16;10395.00
5893;карниз;4.31.301;Нет;253,3;36462;3720,94;2315;67700;168,89;168,89;6930.00
5894;карниз;4.32.201;Нет;211,08;30387;3100,78;1910;56500;140,56;140,56;5775.00
5895;карниз;4.81.002;Нет;190;27342;2790,7;1737;50800;126,58;126,58;5198.00
5896;карниз;4.32.302;Нет;194,2;27963;2852,72;1755;51900;129,52;129,52;5313.00
5897;карниз;4.01.202;Нет;316,64;45581;4651,17;2894;84700;210,84;210,84;8663.00
5898;карниз;4.01.302;Нет;295,52;42536;4341,09;2702;79000;196,86;196,86;8085.00
5899;карниз;4.02.101;Нет;316,64;45581;4651,17;2894;84700;210,84;210,84;8663.00
5900;карниз;4.31.101;Нет;329,3;47399;4837,22;3010;88100;219,31;219,31;9009.00
5901;карниз;4.31.201;Нет;211,08;30387;3100,78;1930;56500;140,56;140,56;5775.00
5902;карниз;4.31.202;Нет;232,22;33432;3410,86;2122;62100;154,54;154,54;6353.00
5903;карниз;4.31.302;Нет;211,08;30387;3100,78;1930;56500;140,56;140,56;5775.00
5904;карниз;4.32.101;Нет;168,86;24313;2480,62;1525;45200;112,6;112,6;4620.00
5905;карниз;4.32.301;Нет;211,08;30387;3100,78;1910;56500;140,56;140,56;5775.00
5906;карниз;4.81.001;Нет;156,22;22495;2294,58;1428;41800;104,13;104,13;4274.00
5907;карниз;4.02.301;Нет;316,64;45581;4651,17;2894;84700;210,84;210,84;8663.00
5908;фриз;4.03.101;Нет;147,78;21268;2170,55;1350;39500;98,61;98,61;4043.00
5909;фриз;4.03.102;Нет;143,54;20662;2108,53;1313;38400;95,67;95,67;3927.00
5910;фриз;4.03.201;Нет;105,56;15193;1550,39;965;28200;70,28;70,28;2888.00
5911;фриз;4.03.202;Нет;118,2;17026;1736,44;1080;31600;78,74;78,74;3234.00
5912;фриз;4.03.301;Нет;76;10937;1116,28;695;20300;50,78;50,78;2079.00
5913;фриз;4.33.301;Нет;76;10937;1116,28;695;20300;50,78;50,78;2079.00
5914;фриз;4.03.302;Нет;118,2;17026;1736,44;1080;31600;78,74;78,74;3234.00
5915;фриз;4.33.101;Нет;126,66;18238;1860,47;1158;33900;84,63;84,63;3465.00
5916;фриз;4.33.102;Нет;63,34;9119;930,23;575;16900;42,32;42,32;1733.00
5917;фриз;4.33.201;Нет;147,78;21268;2170,55;1350;39500;98,61;98,61;4043.00
5918;фриз;4.33.202;Нет;80,24;11558;1178,3;725;21500;53,72;53,72;2195.00
5919;архитрав;4.04.201;Нет;105,56;15193;1550,39;965;28200;70,28;70,28;2888.00
5920;архитрав;4.34.201;Нет;97,12;13981;1426,36;887;26000;64,76;64,76;2657.00
5921;архитрав;4.34.202;Нет;84,44;12164;1240,31;765;22600;56,3;56,3;2310.00
5922;архитрав;4.04.101;Нет;84,44;12164;1240,31;772;22600;56,3;56,3;2310.00
5923;архитрав;4.04.102;Нет;114;16405;1674,42;1042;30500;76,17;76,17;3119.00
5924;архитрав;4.04.202;Нет;135,1;19450;1984,5;1235;36100;90,15;90,15;3696.00
5925;архитрав;4.04.301;Нет;80,24;11558;1178,3;733;21500;53,72;53,72;2195.00
5926;архитрав;4.04.302;Нет;135,1;19450;1984,5;1235;36100;90,15;90,15;3696.00
5927;архитрав;4.34.101;Нет;126,66;18238;1860,47;1158;33900;84,63;84,63;3465.00
5928;архитрав;4.34.102;Нет;76;10937;1116,28;690;20300;50,78;50,78;2079.00
5929;архитрав;4.34.301;Нет;105,56;15193;1550,39;965;28200;70,28;70,28;2888.00
5930;архитрав;4.34.302;Нет;76;10937;1116,28;690;20300;50,78;50,78;2079.00
5931;балясина;4.71.101;Нет;63,34;9119;930,23;579;16900;42,32;42,32;1733.00
5932;балясина;4.71.201;Нет;54,9;7907;806,2;502;14700;36,8;36,8;1502.00
5933;столб;4.75.101;Нет;211,08;30387;3100,78;1930;56500;140,56;140,56;5775.00
5934;столб;4.75.201;Нет;168,86;24313;2480,62;1544;45200;112,6;112,6;4620.00
5935;крышка (пирамида);4.76.101;Нет;33,78;4862;496,12;309;9000;22,81;22,81;924.00
5936;крышка (пирамида);4.76.201;Нет;19,04;2741;279,37;174;5100;12,88;12,88;521.00
5937;крышка столба (плоская);4.73.101;Нет;27,48;3953;403,4;251;7400;18,4;18,4;752.00
5938;крышка столба (плоская);4.73.201;Нет;21,12;3044;310,08;193;5600;14,35;14,35;578.00
5939;крышка (шар);4.77.101;Нет;33,78;4862;496,12;309;9000;22,81;22,81;924.00
5940;крышка (шар);4.77.201;Нет;27,48;3953;403,4;251;7400;18,4;18,4;752.00
5941;основание;4.74.101;Нет;358,86;51656;5271,33;3280;96000;239,18;239,18;9818.00
5942;основание;4.74.201;Нет;295,52;42536;4341,09;2702;79000;196,86;196,86;8085.00
5943;поручень;4.72.101;Нет;308,2;44369;4527,14;2817;82400;205,32;205,32;8432.00
5944;поручень;4.72.201;Нет;274,44;39507;4031,02;2508;73400;182,88;182,88;7508.00
5945;наличник;4.84.001;Нет;105,56;15193;1550,39;965;28200;70,28;70,28;2888.00
5946;наличник;4.84.002;Нет;91,06;13103;1337,18;832;24300;60,71;60,71;2491.00
5947;наличник;4.84.003;Нет;70,22;10103;1031,23;642;18800;46,73;46,73;1921.00
5948;наличник;4.84.051;Нет;109,76;15799;1612,41;1004;29400;73,22;73,22;3003.00
5949;наличник;4.84.052;Нет;86,92;12512;1276,34;794;23200;58,14;58,14;2378.00
5950;наличник;4.84.053;Нет;66,3;9543;973,94;606;17700;44,16;44,16;1814.00
5951;арочное обрамление;4.87.031;Нет;97,12;13981;1426,36;887;26000;64,76;64,76;2657.00
5952;арочное обрамление;4.87.032;Нет;78,14;11255;1147,58;714;20900;52,25;52,25;2138.00
5953;арочное обрамление;4.87.033;Нет;50,66;7301;744,19;463;13500;33,85;33,85;1386.00
5954;замковый камень;4.85.001;Нет;28,72;4135;421,71;263;7700;19,13;19,13;786.00
5955;замковый камень;4.85.002;Нет;25,34;3650;372,09;232;6800;16,93;16,93;693.00
5956;замковый камень;4.85.003;Нет;25,34;3650;372,09;232;6800;16,93;16,93;693.00
5957;подоконный элемент;4.82.001;Нет;126,66;18238;1860,47;1158;33900;84,63;84,63;3465.00
5958;подоконный элемент;4.82.002;Нет;84,44;12164;1240,31;772;22600;56,3;56,3;2310.00
5959;подоконный элемент;4.82.003;Нет;84,44;12164;1240,31;772;22600;56,3;56,3;2310.00
5960;подоконный элемент;4.82.101;Нет;61,26;8816;899,52;555;16400;40,84;40,84;1676.00
5961;подоконный элемент;4.82.201;Нет;63,34;9119;930,23;575;16900;42,32;42,32;1733.00
5962;подоконный элемент;4.82.202;Нет;63,34;9119;930,23;579;16900;42,32;42,32;1733.00
5963;подоконный элемент;4.82.301;Нет;63,34;9119;930,23;575;16900;42,32;42,32;1733.00
5964;подоконный элемент;4.82.302;Нет;63,34;9119;930,23;579;16900;42,32;42,32;1733.00
5965;кронштейн-пьедестал;4.83.101;Нет;67,54;9725;992,25;610;18100;45,26;45,26;1848.00
5966;кронштейн-пьедестал;4.83.102;Нет;41,2;5938;604,8;376;11000;27,6;27,6;1127.00
5967;кронштейн-пьедестал;4.83.201;Нет;46,46;6695;682,17;420;12400;30,91;30,91;1271.00
5968;кронштейн-пьедестал;4.83.202;Нет;47,56;6847;698,12;435;12700;31,64;31,64;1301.00
5969;кронштейн-пьедестал;4.83.301;Нет;42,22;6089;620,16;385;11300;28,33;28,33;1155.00
5970;кронштейн-пьедестал;4.83.302;Нет;38,02;5468;558,14;348;10200;25,39;25,39;1040.00
5971;руст;4.86.003;Нет;27,48;3953;403,4;251;7400;18,4;18,4;752.00
5972;руст;4.86.004;Нет;16,88;2438;248,06;154;4500;11,41;11,41;462.00
5973;руст;4.86.005;Нет;27,48;3953;403,4;251;7400;18,4;18,4;752.00
5974;руст;4.86.001;Нет;46,46;6695;682,17;424;12400;30,91;30,91;1271.00
5975;руст;4.86.002;Нет;29,58;4256;434,11;270;7900;19,87;19,87;809.00
5982;угловой элемент;1.52.361;Нет;20;2891;284,01;183;5300;11,9;11,9;547.00
5983;база;4.17.302;Нет;59,1;8513;868,22;541;15800;39,37;39,37;1617.00
5984;база;4.53.201;Нет;22,22;3196;326,03;205;5900;15,09;15,09;608.00
5985;база;4.53.301;Нет;15,86;2287;232,71;145;4200;10,67;10,67;434.00
5986;база;4.17.101;Нет;59,1;8513;868,22;541;15800;39,37;39,37;1617.00
5987;база;4.17.201;Нет;59,1;8513;868,22;541;15800;39,37;39,37;1617.00
5988;база;4.17.202;Нет;42,22;6089;620,16;386;11300;28,33;28,33;1155.00
5989;база;4.17.301;Нет;46,46;6695;682,17;424;12400;30,91;30,91;1271.00
5990;база;4.23.101;Нет;44,38;6392;651,46;405;11900;29,8;29,8;1214.00
5991;база;4.23.201;Нет;44,38;6392;651,46;405;11900;29,8;29,8;1214.00
5992;база;4.23.301;Нет;44,38;6392;651,46;405;11900;29,8;29,8;1214.00
5993;база;4.43.101;Нет;52,96;7634;777,85;485;14200;35,32;35,32;1449.00
5994;база;4.43.201;Нет;48,8;7028;716,43;450;13000;32,75;32,75;1335.00
5995;база;4.43.202;Нет;55,74;8028;818,61;510;14900;37,16;37,16;1525.00
5996;база;4.43.301;Нет;55,74;8028;818,61;510;14900;37,16;37,16;1525.00
5997;база;4.43.302;Нет;55,74;8028;818,61;510;14900;37,16;37,16;1525.00
5998;база;4.47.101;Нет;24,08;3468;353,78;225;6400;16,19;16,19;659.00
5999;база;4.47.201;Нет;22,22;3196;326,03;205;5900;15,09;15,09;608.00
6000;база;4.47.202;Нет;25,34;3650;372,09;235;6800;16,93;16,93;693.00
6001;база;4.47.301;Нет;25,34;3650;372,09;235;6800;16,93;16,93;693.00
6002;база;4.47.302;Нет;25,34;3650;372,09;235;6800;16,93;16,93;693.00
6003;база;4.53.101;Нет;19,04;2741;279,37;175;5100;12,88;12,88;521.00
6004;база;4.53.302;Нет;15,86;2287;232,71;145;4200;10,67;10,67;434.00
6005;база;4.13.101;Нет;130,06;18723;1910,08;1189;34800;86,84;86,84;3558.00
6006;база;4.13.201;Нет;130,06;18723;1910,08;1189;34800;86,84;86,84;3558.00
6007;база;4.13.202;Нет;92,88;13376;1364,34;849;24800;61,82;61,82;2541.00
6008;база;4.13.301;Нет;102,2;14709;1500,78;933;27300;68,07;68,07;2796.00
6009;база;4.13.302;Нет;130,06;18723;1910,08;1189;34800;86,84;86,84;3558.00
6010;база;4.17.002;Нет;80,24;11558;1178,3;733;21500;53,72;53,72;2195.00
6011;база;4.17.001;Нет;71,78;10331;1054,27;656;19200;47,84;47,84;1964.00
6012;капитель;4.51.301;Нет;25,34;3650;372,09;230;6800;16,93;16,93;693.00
6013;капитель;4.15.101;Нет;57,02;8210;837,51;521;15200;38,27;38,27;1560.00
6014;капитель;4.15.201;Нет;50,66;7301;744,19;463;13500;33,85;33,85;1386.00
6015;капитель;4.15.301;Нет;71,78;10331;1054,27;656;19200;47,84;47,84;1964.00
6016;капитель;4.21.101;Нет;44,38;6392;651,46;405;11900;29,8;29,8;1214.00
6017;капитель;4.21.201;Нет;44,38;6392;651,46;405;11900;29,8;29,8;1214.00
6018;капитель;4.21.301;Нет;63,34;9119;930,23;580;16900;42,32;42,32;1733.00
6019;капитель;4.41.101;Нет;73,88;10634;1084,98;675;19800;49,31;49,31;2021.00
6020;капитель;4.41.201;Нет;48,8;7028;716,43;450;13000;32,75;32,75;1335.00
6021;капитель;4.41.301;Нет;55,74;8028;818,61;510;14900;37,16;37,16;1525.00
6022;капитель;4.45.101;Нет;33,6;4832;493,17;310;9000;22,45;22,45;919.00
6023;капитель;4.45.201;Нет;22,22;3196;326,03;205;5900;15,09;15,09;608.00
6024;капитель;4.45.301;Нет;25,34;3650;372,09;235;6800;16,93;16,93;693.00
6025;капитель;4.51.101;Нет;19,04;2741;279,37;175;5100;12,88;12,88;521.00
6026;капитель;4.51.201;Нет;19,04;2741;279,37;175;5100;12,88;12,88;521.00
6027;капитель;4.11.101;Нет;125,4;18056;1842,16;1147;33500;83,53;83,53;3431.00
6028;капитель;4.11.201;Нет;111,48;16042;1637,21;1019;29800;74,33;74,33;3050.00
6029;капитель;4.11.301;Нет;157,9;22737;2319,38;1443;42200;105,24;105,24;4320.00
6030;капитель;4.15.102;Нет;95,04;13679;1395,65;868;25400;63,29;63,29;2600.00
6031;регул;4.37.101;Нет;5,52;802;80,92;50;1500;3,68;3,68;151.00
6032;регул;4.07.101;Нет;5,52;802;80,92;50;1500;3,68;3,68;151.00
6033;мутул;4.05.102;Нет;28,52;4105;418,75;260;7600;19,13;19,13;780.00
6034;мутул;4.35.102;Нет;8,44;1227;124,03;80;2300;5,89;5,89;231.00
6035;мутул;4.35.101;Нет;11;1590;161,24;101;2900;7,36;7,36;301.00
6036;мутул;4.05.101;Нет;30,42;4377;446,51;278;8100;20,24;20,24;832.00
6037;модильон;4.08.301;Нет;8,92;1287;130,53;81;2400;6,26;6,26;244.00
6038;модильон;4.08.302;Нет;5,52;802;80,92;50;1500;3,68;3,68;151.00
6039;модильон;4.38.301;Нет;5,52;802;80,92;50;1500;3,68;3,68;151.00
6040;модильон;4.38.302;Нет;5,52;802;80,92;50;1500;3,68;3,68;151.00
6041;триглиф;4.36.101;Нет;7,6;1105;111,63;69;2000;5,15;5,15;208.00
6042;триглиф;4.06.101;Нет;16,04;2317;235,66;147;4300;11,04;11,04;439.00
6043;ствол;4.52.102;Нет;84,44;12164;1240,31;765;22600;56,3;56,3;2310.00
6044;ствол;4.52.301;Нет;63,34;9119;930,23;575;16900;42,32;42,32;1733.00
6045;ствол;4.16.101;Нет;337,74;48611;4961,25;3087;90300;224,82;224,82;9240.00
6046;ствол;4.16.102;Нет;211,08;30387;3100,78;1930;56500;140,56;140,56;5775.00
6047;ствол;4.16.201;Нет;274,44;39507;4031,02;2508;73400;182,88;182,88;7508.00
6048;ствол;4.16.202;Нет;253,3;36462;3720,94;2315;67700;168,89;168,89;6930.00
6049;ствол;4.16.301;Нет;211,08;30387;3100,78;1930;56500;140,56;140,56;5775.00
6050;ствол;4.22.101;Нет;211,08;30387;3100,78;1930;56500;140,56;140,56;5775.00
6051;ствол;4.22.102;Нет;190;27342;2790,7;1740;50800;126,58;126,58;5198.00
6052;ствол;4.22.201;Нет;190;27342;2790,7;1740;50800;126,58;126,58;5198.00
6053;ствол;4.22.202;Нет;190;27342;2790,7;1740;50800;126,58;126,58;5198.00
6054;ствол;4.22.301;Нет;194,2;27963;2852,72;1780;51900;129,52;129,52;5313.00
6055;ствол;4.22.302;Нет;168,86;24313;2480,62;1545;45200;112,6;112,6;4620.00
6056;ствол;4.42.101;Нет;204,36;29418;3001,56;1870;54700;136,15;136,15;5591.00
6057;ствол;4.42.201;Нет;167,18;24070;2455,82;1530;44700;111,49;111,49;4574.00
6058;ствол;4.42.301;Нет;139,34;20056;2046,52;1275;37300;92,73;92,73;3812.00
6059;ствол;4.46.101;Нет;92,88;13376;1364,34;850;24800;61,82;61,82;2541.00
6060;ствол;4.46.201;Нет;76;10937;1116,28;695;20300;50,78;50,78;2079.00
6061;ствол;4.46.301;Нет;63,34;9119;930,23;580;16900;42,32;42,32;1733.00
6062;ствол;4.52.101;Нет;84,44;12164;1240,31;765;22600;56,3;56,3;2310.00
6063;ствол;4.52.201;Нет;84,44;12164;1240,31;765;22600;56,3;56,3;2310.00
6064;ствол;4.52.202;Нет;101,32;14587;1488,38;915;27100;67,71;67,71;2772.00
6065;ствол;4.52.302;Нет;50,66;7301;744,19;460;13500;33,85;33,85;1386.00
6066;верхний фрагмент ствола;4.16.001;Нет;92,88;13376;1364,34;849;24800;61,82;61,82;2541.00
6067;фрагмент ствола;4.16.002;Нет;95,04;13679;1395,65;868;25400;63,29;63,29;2600.00
6068;ствол;4.12.301;Нет;464,38;66850;6821,72;4245;124200;309,09;309,09;12705.00
6069;ствол;4.12.101;Нет;743,02;106947;10914,75;6791;198700;494,54;494,54;20328.00
6070;ствол;4.12.102;Нет;464,38;66850;6821,72;4245;124200;309,09;309,09;12705.00
6071;ствол;4.12.202;Нет;557,26;80210;8186,06;5094;149000;370,91;370,91;15246.00
6072;ствол;4.12.201;Нет;603,72;86891;8868,23;5518;161500;401,81;401,81;16517.00
6073;колонна;4.30.301;Нет;;;;;;;;18711.00
6074;колонна;4.30.201;Нет;;;;;;;;20097.00
6075;колонна;4.30.202;Нет;;;;;;;;18942.00
6076;колонна;4.30.101;Нет;;;;;;;;24833.00
6077;колонна;4.30.102;Нет;;;;;;;;17903.00
6078;колонна;4.30.104;Нет;;;;;;;;8236.00
6079;колонна;4.30.204;Нет;;;;;;;;6757.00
6080;колонна;4.30.304;Нет;;;;;;;;6237.00
6081;полуколонна;4.10.301;Нет;;;;;;;;8505.00
6082;полуколонна;4.10.201;Нет;;;;;;;;9135.00
6083;полуколонна;4.10.202;Нет;;;;;;;;8610.00
6084;полуколонна;4.10.101;Нет;;;;;;;;11288.00
6085;полуколонна;4.10.102;Нет;;;;;;;;8138.00
6086;полуколонна;4.10.104;Нет;;;;;;;;5424.00
6087;полуколонна;4.10.103;Нет;;;;;;;;13547.00
6088;полуколонна;4.10.204;Нет;;;;;;;;4149.00
6089;полуколонна;4.10.305;Нет;;;;;;;;3885.00
6090;пилястра;4.20.301;Нет;;;;;;;;7508.00
6091;пилястра;4.20.302;Нет;;;;;;;;6878.00
6092;пилястра;4.20.201;Нет;;;;;;;;6931.00
6093;пилястра;4.20.202;Нет;;;;;;;;6931.00
6094;пилястра;4.20.101;Нет;;;;;;;;7456.00
6095;пилястра;4.20.102;Нет;;;;;;;;6931.00
6096;пилястра;4.20.103;Нет;;;;;;;;4070.00
6097;пилястра;4.20.104;Нет;;;;;;;;4070.00
6098;пилястра;4.20.203;Нет;;;;;;;;4307.00
6099;пилястра;4.20.204;Нет;;;;;;;;4727.00
6100;пилястра;4.20.303;Нет;;;;;;;;3544.00
6101;пилястра;4.20.304;Нет;;;;;;;;3229.00
6102;пилястра;4.20.305;Нет;;;;;;;;3544.00
6103;пилястра;4.20.306;Нет;;;;;;;;3229.00
6104;клей монтажный 290 мл;E01.M.290;Нет;13,26;4080;157,5;125;3500;9,56;9,56;363.00
6105;клей универсальный 290 мл;E04.U.290;Нет;20,1;2750;262,5;190;5400;14,53;14,53;550.00
6106;клей стыковочный 80 мл;k-es80;Нет;16,44;2460;226,8;;;;;363.00
6107;клей стыковочный 290 мл;E02.S.290;Нет;26,14;3900;450,45;245;7000;27,01;27,01;715.00
6108;карниз;1.50.101;Нет;28,54;4139;405,72;261;7600;16,81;16,81;781.00
6109;карниз FLEX;1.50.101;Да;57,1;8278;811,45;522;15300;33,62;33,62;1562.00
6110;карниз FLEX;1.50.199;Да;61,34;8892;950,81;560;16400;36,44;36,44;1678.00
6111;карниз;1.50.199;Нет;30,66;4446;474,52;280;8200;18,22;18,22;839.00
6112;молдинг;1.51.353;Нет;18,5;2693;303,41;169;4900;10,85;10,85;506.00
6113;молдинг FLEX;1.51.353;Да;37;5386;606,82;338;9900;21,7;21,7;1012.00
6114;молдинг;1.51.356;Нет;23,28;3379;284,01;213;6200;13,66;13,66;637.00
6115;молдинг FLEX;1.51.356;Да;46,56;6759;568,01;426;12500;27,32;27,32;1274.00
6135;откос;4.88.001;Нет;73,9;10649;1085,57;675;19800;49,31;49,31;2022.00
6136;база;1.54.010;Нет;22,84;3325;324,58;207;6100;13,66;13,66;625.00
6168;элемент камина;1.64.004;Нет;312,38;45331;4452,38;3270;83500;182,92;182,92;8546.00
6169;элемент камина;1.64.005;Нет;158,42;22991;2257,94;1655;42400;92,85;92,85;4334.00
6170;элементы декоративного камина;1.64.100;Нет;;;;;;;;12930.00
6171;элемент камина;1.64.005;Нет;158,42;22991;2257,94;1655;42400;92,85;92,85;4334.00
6172;карниз;1.50.108;Нет;55,22;8025;786,75;505;14800;32,58;32,58;1511.00
6173;карниз;1.50.161;Нет;30,66;4464;453,35;280;8200;18,22;18,22;839.00
6174;карниз;1.50.179;Нет;29,02;4210;412,78;265;7800;17,16;17,16;794.00
6175;карниз;1.50.189;Нет;30,66;4446;435,71;280;8200;18,22;18,22;839.00
6176;карниз;1.50.207;Нет;30;4356;426,89;274;8000;17,87;17,87;821.00
6177;карниз;1.50.274;Нет;30,66;4464;435,71;280;8200;18,22;18,22;839.00
6178;карниз;1.50.275;Нет;56;8133;797,34;511;15000;32,93;32,93;1532.00
6179;молдинг;1.51.346;Нет;19,92;2910;311,48;182;5300;11,9;11,9;545.00
6180;розетка;1.56.040;Нет;97,16;14098;1384,76;888;26000;57,11;57,11;2658.00
6181;розетка;1.56.041;Нет;67,48;9794;961,39;616;18000;39,59;39,59;1846.00
6182;кронштейн;1.19.007;Нет;37,28;5424;560,7;340;10000;22,07;22,07;1020.00
6183;кронштейн;1.19.008;Нет;37,28;5424;560,7;340;10000;22,07;22,07;1020.00
6184;капитель;1.21.008;Нет;38,3;6109;467,47;350;10200;22,42;22,42;1048.00
6185;ствол;1.22.050;Нет;56,48;8204;804,39;520;15100;33,28;33,28;1545.00
6186;база;1.23.600;Нет;40,14;5836;571,54;370;10700;23,47;23,47;1098.00
6187;пилястра;1.20.103;Нет;;;;;;;;2770.00
6188;карниз;4.91.001;Нет;201,04;28933;2953,12;1838;53800;133,94;133,94;5500.00
6189;карниз;4.91.004;Нет;261,34;37613;3839,06;2389;69900;174,05;174,05;7150.00
6194;карниз FLEX;1.50.208;Да;61,34;8892;961,39;560;16400;36,44;36,44;1678.00
6195;карниз FLEX;1.50.204;Да;55,2;8025;783,22;504;14800;32,92;32,92;1510.00
6196;карниз FLEX;1.50.189;Да;61,34;8892;869,66;560;16400;36,44;36,44;1678.00
6198;замковый камень;4.85.004;Нет;26,54;3832;389,81;243;7100;17,73;17,73;726.00
6199;замковый камень;4.85.005;Нет;36,18;5211;531,56;331;9700;24,18;24,18;990.00
6200;карниз;4.91.002;Нет;301,56;43400;4429,69;2756;80600;200,91;200,91;8250.00
6201;наличник;4.84.005;Нет;44,22;6377;649,69;404;11800;29,44;29,44;1210.00
6202;кронштейн-пьедестал;4.83.003;Нет;12,68;1832;186,05;116;3400;8,46;8,46;347.00
6206;молдинг;1.51.359;Нет;23,28;3379;284,01;213;6200;13,66;13,66;637.00
6207;карниз FLEX;1.50.161;Да;61,34;8892;904,94;560;16400;36,44;36,44;1678.00
6208;молдинг FLEX;1.51.359;Да;46,56;6759;568,01;426;12500;27,32;27,32;1274.00
6211;наличник;4.84.004;Нет;57,5;8286;844,59;526;15400;38,27;38,27;1573.00
6212;наличник;4.84.006;Нет;88,46;12739;1299,38;809;23700;58,9;58,9;2420.00
6213;карниз;4.91.003;Нет;185,76;26736;2728,69;1698;49700;123,78;123,78;5082.00
6214;карниз;4.91.005;Нет;199,02;28645;2923,59;1820;53200;132,59;132,59;5445.00
6215;фриз;4.33.302;Нет;63,34;9119;930,23;575;16900;42,32;42,32;1733.00
6216;кронштейн-пьедестал;4.83.002;Нет;15,2;2196;223,26;139;4100;10,3;10,3;416.00
6217;фрагмент ствола;4.16.002;Нет;95,04;13679;1395,65;868;25400;63,29;63,29;2600.00
6218;фрагмент ствола;4.16.002;Нет;95,04;13679;1395,65;868;25400;63,29;63,29;2600.00
6313;молдинг FLEX;1.51.346;Да;39,84;5802;622,97;364;10700;23,8;23,8;1090.00
6355;угловой элемент;1.52.322;Нет;16,74;2440;262,5;153;4500;9,8;9,8;458.00
6356;угловой элемент;1.52.348;Нет;17,7;2584;277,2;162;4700;10,5;10,5;484.00
6357;угловой элемент;1.52.286;Нет;17,48;2548;273;160;4700;10,5;10,5;478.00
6358;угловой элемент;1.52.287;Нет;18,56;2711;290,85;169;5000;10,85;10,85;508.00
6359;карниз FLEX;1.50.108;Да;110,46;16043;1573,51;1010;29500;65,16;65,16;3022.00
6360;карниз;1.50.213;Нет;28,52;;446,25;260;;;;780.00
6361;карниз FLEX;1.50.213;Да;56,94;;893,55;520;;;;1560.00
6362;карниз;1.50.279;Нет;58,56;8513;917,7;536;15700;34,33;34,33;1602.00
6363;карниз;1.50.276;Нет;30;4356;470,4;274;8000;17,87;17,87;821.00
6364;карниз FLEX;1.50.276;Да;60,02;8712;939,75;548;16100;35,74;35,74;1642.00
6365;карниз;1.50.278;Нет;31,62;4591;495,6;289;8500;18,56;18,56;865.00
6366;карниз FLEX;1.50.278;Да;63,24;9182;990,15;578;16900;37,12;37,12;1730.00
6367;розетка;1.56.044;Нет;63,64;9254;996,45;582;17000;37,48;37,48;1741.00
6368;молдинг;1.51.360;Нет;22,74;3307;355,95;208;6100;13,31;13,31;622.00
6369;молдинг FLEX;1.51.360;Да;45,48;6615;710,85;416;12200;26,62;26,62;1244.00
6370;молдинг;1.51.363;Нет;24,64;3575;553,35;323;6600;20,66;20,66;674.00
6371;молдинг FLEX;1.51.363;Да;49,28;7150;1107,75;646;13200;41,32;41,32;1348.00
6372;молдинг;1.51.362;Нет;23,24;3379;364,35;212;6200;13,66;13,66;636.00
6373;молдинг FLEX;1.51.362;Да;46,5;6759;727,65;424;12400;27,32;27,32;1272.00
6374;молдинг;1.51.370;Нет;25,54;3723;400,05;233;6800;15,06;15,06;699.00
6375;молдинг FLEX;1.51.370;Да;51,1;7446;800,1;466;13700;30,12;30,12;1398.00
6376;плинтус;1.53.110;Нет;43,02;6253;674,1;394;11500;25,22;25,22;1177.00
6377;плинтус FLEX;1.53.110;Да;86,04;12507;1347,15;788;23000;50,44;50,44;2354.00
6378;колонна;1.30.203;Нет;;;;;;;;13345.00
6379;колонна;1.30.103;Нет;;;;;;;;11048.00
6380;карниз FLEX;1.50.179;Да;58,04;8419;825,56;530;15500;34,32;34,32;1588.00
6381;карниз FLEX;1.50.207;Да;60,02;8712;853,79;548;16100;35,74;35,74;1642.00
6382;карниз FLEX;1.50.275;Да;112;16258;1594,67;1022;30000;65,86;65,86;3064.00
6385;ствол;4.16.003;Нет;66,34;9558;974,53;607;17700;44,16;44,16;1815.00
6386;ствол;4.16.004;Нет;92,48;13315;1358,44;845;24700;61,82;61,82;2530.00
6387;ствол;4.16.005;Нет;66,34;9558;974,53;607;17700;44,16;44,16;1815.00
6388;капитель;4.15.202;Нет;132,68;19102;1949,06;1213;35500;88,31;88,31;3630.00
6389;капитель;4.15.302;Нет;199,02;28645;2923,59;1820;53200;132,47;132,47;5445.00
6390;капитель;4.11.102;Нет;209;30084;3070,07;1910;55900;139,15;139,15;5718.00
6391;капитель;4.11.202;Нет;291,9;42021;4287,94;2668;78100;194,68;194,68;7986.00
6392;капитель;4.11.302;Нет;437,86;63017;6431,91;4003;117100;287,6;287,6;11979.00
6393;база;4.13.001;Нет;157,9;22737;2319,38;1443;42200;105,45;105,45;4320.00
6394;ствол;4.12.001;Нет;204,36;29418;3001,56;1868;54700;136,03;136,03;5591.00
6395;ствол;4.12.002;Нет;209,04;30099;3070,66;1911;55900;139,15;139,15;5719.00
6396;ствол;4.12.003;Нет;145,96;21010;2143,97;1335;39000;97,16;97,16;3993.00
6397;ствол;4.12.004;Нет;203,44;29281;2988,56;1860;54400;135,44;135,44;5566.00
6398;ствол;4.12.005;Нет;145,96;21010;2143,97;1335;39000;97,16;97,16;3993.00
6423;карниз FLEX;1.50.271;Да;175;25413;2741,29;1600;46800;102,3;102,3;4788.00
6424;карниз FLEX;1.50.274;Да;61,34;8892;873,19;560;16400;36,44;36,44;1678.00
6429;клей стыковочный 60 мл;E03.S.60;Нет;10,96;1620;189;90;2900;9,08;9,08;300.00
6430;база;1.54.030;Нет;21,6;3145;338,1;195;5800;12,95;12,95;591.00
6431;квадрат;1.54.013;Нет;7,94;1156;123,9;75;2100;4,9;4,9;217.00
6432;квадрат;1.54.013;Нет;7,94;1156;123,9;75;2100;4,9;4,9;217.00
6433;база;1.54.030;Нет;21,6;3145;338,1;195;5800;12,95;12,95;591.00
6434;угловой элемент;1.52.285;Нет;17,36;2530;271,95;157;4600;10,15;10,15;475.00
6435;молдинг;1.51.367;Нет;37,28;5422;583,8;336;10000;22,07;22,07;1020.00
6436;молдинг FLEX;1.51.367;Да;74,56;10844;1148,7;672;19900;44,14;44,14;2040.00
6437;карниз;1.50.214;Нет;25,96;;406,35;250;;;;710.00
6438;карниз;1.50.280;Нет;78;11341;1222,2;704;20900;45,9;45,9;2134.00
6439;молдинг;1.51.368;Нет;44,38;6452;695,1;400;11900;26,28;26,28;1214.00
6440;орнамент;1.60.025;Нет;28,4;4126;445,2;260;7600;16,81;16,81;777.00
6441;орнамент;1.60.032;Нет;52,24;7594;817,95;475;14000;30,83;30,83;1429.00
6442;орнамент;1.60.020;Нет;10,24;1497;159,6;95;2700;6,3;6,3;280.00
6443;орнамент;1.60.120;Нет;10,24;1497;159,6;95;2700;6,3;6,3;280.00
6444;торцевой элемент;4.33.332;Нет;9,32;1348;136,43;85;2500;6,26;6,26;255.00
6445;торцевой элемент;4.31.232;Нет;63,9;9195;938,5;577;17100;42,68;42,68;1748.00
6446;торцевой элемент;4.81.031;Нет;17,22;2484;252,79;158;4600;11,77;11,77;471.00
6447;торцевой элемент;4.81.032;Нет;23,06;3317;338,43;211;6200;15,45;15,45;631.00
6448;внешний угол;4.32.111;Нет;55,74;8028;818,61;509;14900;37,16;37,16;1525.00
6449;внешний угол;4.32.312;Нет;65,24;9392;957,99;596;17400;43,42;43,42;1785.00
6450;внешний угол;4.81.011;Нет;34,4;4953;504,98;315;9200;23,18;23,18;941.00
6451;внешний угол;4.81.012;Нет;43,94;6332;644,96;401;11700;29,44;29,44;1202.00
6452;внутренний угол;4.31.222;Нет;89,44;12876;1313,55;808;23900;59,61;59,61;2447.00
6453;внутренний угол;4.32.221;Нет;68,58;9876;1007,02;627;18300;45,63;45,63;1876.00
6454;внутренний угол;4.81.021;Нет;34,4;4953;504,98;314;9200;23,18;23,18;941.00
6455;внутренний угол;4.81.022;Нет;43,94;6332;644,96;401;11700;29,44;29,44;1202.00
6456;опорный блок;4.78.101;Нет;19,04;2741;279,37;174;5100;12,88;12,88;521.00
6457;полукрышка;4.73.211;Нет;12,68;1832;186,05;116;3400;8,46;8,46;347.00
6458;полукрышка пирамида;4.76.111;Нет;21,12;3044;310,08;193;5600;14,35;14,35;578.00
6459;полуоснование;4.74.111;Нет;211,08;30387;3100,78;1930;56500;140,56;140,56;5775.00
6460;полупоручень;4.72.111;Нет;190;27342;2790,7;1737;50800;126,58;126,58;5198.00
6461;полустолб;4.75.111;Нет;126,66;18238;1860,47;1158;33900;84,63;84,63;3465.00
6462;полустолб;4.75.211;Нет;101,32;14587;1488,38;926;27100;67,71;67,71;2772.00
6463;торцевой элемент;4.02.331;Нет;102,78;14800;1509,64;940;27500;68,44;68,44;2812.00
6464;торцевой элемент;4.03.131;Нет;9,32;1348;136,43;85;2500;6,26;6,26;255.00
6465;торцевой элемент;4.03.132;Нет;11,22;1620;164,78;103;3000;7,73;7,73;307.00
6466;торцевой элемент;4.03.332;Нет;9,76;1408;142,93;89;2600;6,62;6,62;267.00
6467;полубалясина;4.71.111;Нет;42,22;6089;620,16;386;11300;28,33;28,33;1155.00
6468;полубалясина;4.71.211;Нет;33,78;4862;496,12;309;9000;22,81;22,81;924.00
6469;торцевой элемент;4.33.331;Нет;9,32;1348;136,43;80;2500;6,26;6,26;255.00
6470;торцевой элемент;4.34.131;Нет;15,2;2196;223,26;140;4100;10,3;10,3;416.00
6471;торцевой элемент;4.34.231;Нет;11,66;1681;171,28;110;3100;8,1;8,1;319.00
6472;внутренний угол;4.32.322;Нет;65,24;9392;957,99;596;17400;43,42;43,42;1785.00
6473;торцевой элемент;4.32.331;Нет;47,66;6862;699,89;436;12700;32,01;32,01;1304.00
6474;торцевой элемент;4.32.332;Нет;43,82;6316;643,78;401;11700;29,44;29,44;1199.00
6475;торцевой элемент;4.33.132;Нет;9,32;1348;136,43;85;2500;6,26;6,26;255.00
6476;торцевой элемент;4.33.232;Нет;9,32;1348;136,43;85;2500;6,26;6,26;255.00
6477;торцевой элемент;4.04.331;Нет;9,32;1348;136,43;85;2500;6,26;6,26;255.00
6478;внешний угол;4.01.111;Нет;126,84;18253;1862,83;1159;33900;84,63;84,63;3470.00
6479;внешний угол;4.01.113;Нет;192,3;27676;2824,37;1758;51400;128,05;128,05;5261.00
6480;внешний угол;4.01.211;Нет;125,22;18026;1839,21;1145;33500;83,53;83,53;3426.00
6481;внешний угол;4.01.212;Нет;134,14;19314;1970,32;1226;35900;89,41;89,41;3670.00
6482;внешний угол;4.01.311;Нет;123,8;17829;1818,53;1132;33100;82,42;82,42;3387.00
6483;внешний угол;4.02.111;Нет;142,88;20571;2098,49;1306;38200;95,3;95,3;3909.00
6484;внешний угол;4.02.211;Нет;118,62;17072;1742,34;1085;31700;79,11;79,11;3245.00
6485;внешний угол;4.02.311;Нет;137,62;19814;2021,12;1258;36800;91,62;91,62;3765.00
6486;внутренний угол;4.01.121;Нет;126,84;18253;1862,83;1159;33900;84,63;84,63;3470.00
6487;внутренний угол;4.01.123;Нет;192,3;27676;2824,37;1758;51400;128,05;128,05;5261.00
6488;внутренний угол;4.01.221;Нет;125,22;18026;1839,21;1145;33500;83,53;83,53;3426.00
6489;внутренний угол;4.01.222;Нет;134,14;19314;1970,32;1226;35900;89,41;89,41;3670.00
6490;внутренний угол;4.01.321;Нет;123,8;17829;1818,53;1132;33100;82,42;82,42;3387.00
6491;внутренний угол;4.01.322;Нет;133,3;19193;1957,92;1218;35600;89,05;89,05;3647.00
6492;внутренний угол;4.02.121;Нет;142,88;20571;2098,49;1306;38200;95,3;95,3;3909.00
6493;плинтус столба;4.79.101;Нет;29,58;4256;434,11;270;7900;19,87;19,87;809.00
6497;МОНТАЖНЫЙ КОМПЛЕКТ 101;m_comp_b101;Нет;146,2;;2381;1536;;;;4000.00
6498;карниз;1.50.284;Нет;28;4065;438,9;252;7500;16,46;16,46;766.00
6499;карниз FLEX;1.50.284;Да;56;8131;876,75;504;15000;32,92;32,92;1532.00
6500;карниз;1.50.283;Нет;27,02;3928;423,15;244;7200;16,11;16,11;739.00
6501;МОНТАЖНЫЙ КОМПЛЕКТ 201;m_comp_b201;Нет;146,2;;2381;1536;;;;4000.00
6502;внешний угол;4.32.212;Нет;68,58;9876;1007,02;627;18300;45,63;45,63;1876.00
6503;внешний угол;4.32.121;Нет;55,74;8028;818,61;510;14900;37,16;37,16;1525.00
6504;торцевой элемент;4.32.131;Нет;37,58;5407;551,64;343;10000;25,02;25,02;1028.00
6505;балюстрада;4.70.101;Нет;;;;;;;;57299.00
6506;балюстрада;4.70.102;Нет;;;;;;;;57643.00
6507;балюстрада;4.70.103;Нет;;;;;;;;59147.00
6508;балюстрада;4.70.111;Нет;;;;;;;;36152.00
6509;балюстрада;4.70.112;Нет;;;;;;;;36384.00
6510;балюстрада;4.70.201;Нет;;;;;;;;56029.00
6511;балюстрада;4.70.202;Нет;;;;;;;;55915.00
6512;балюстрада;4.70.203;Нет;;;;;;;;57533.00
6513;балюстрада;4.70.211;Нет;;;;;;;;34074.00
6514;балюстрада;4.70.212;Нет;;;;;;;;34074.00
6515;полукрышка;4.73.111;Нет;16,88;2438;248,06;154;4500;11,41;11,41;462.00
6516;полупоручень;4.72.211;Нет;164,66;23707;2418,61;1505;44000;109,65;109,65;4505.00
6517;полуоснование;4.74.211;Нет;177,32;25525;2604,66;1621;47400;118,12;118,12;4851.00
6518;полукрышка пирамида;4.76.211;Нет;12,68;1832;186,05;116;3400;8,46;8,46;347.00
6519;ниша;0-1.61.102-1.61.120;Нет;;;;;;;;0.00
6520;ниша;0-1.61.101-1.61.110;Нет;;;;;;;;0.00
6538;орнамент;1.60.026;Нет;10,46;1536;150;95;2800;6,3;6,3;286.00
6539;орнамент;1.60.029;Нет;31,54;4590;493,5;285;8400;18,56;18,56;863.00
6540;карниз;1.50.281;Нет;79,6;11571;1141,35;718;21300;46,59;46,59;2178.00
6541;молдинг;1.51.374;Нет;36,04;5243;513;325;9600;21,36;21,36;986.00
6542;молдинг FLEX;1.51.374;Да;72,08;10486;1027;650;19300;42,72;42,72;1972.00
6544;внешний угол;4.32.311;Нет;70,88;10210;1040,68;648;19000;47,47;47,47;1939.00
6545;внутренний угол;4.32.321;Нет;70,88;10210;1040,68;648;19000;47,47;47,47;1939.00
6546;торцевой элемент;4.32.231;Нет;45,32;6528;665,63;414;12100;30,17;30,17;1240.00
6547;орнамент;1.60.021;Нет;58,3;8458;913,5;530;15600;34,33;34,33;1595.00
6548;орнамент;1.60.022;Нет;76,24;11080;1093;690;20400;44,85;44,85;2086.00
6549;орнамент;1.60.024;Нет;28,1;4102;439,95;255;7500;16,46;16,46;769.00
6550;орнамент;1.60.027;Нет;28,1;4102;439,95;255;7500;16,46;16,46;769.00
6551;орнамент;1.60.028;Нет;36,08;5241;564,9;330;9600;21,36;21,36;987.00
6552;кронштейн;1.19.010;Нет;37,28;5422;583,8;340;10000;22,07;22,07;1020.00
6553;карниз;1.50.285;Нет;60,96;8857;955,5;550;16300;35,74;35,74;1668.00
6554;карниз;1.50.286;Нет;30,04;4371;470,4;271;8000;17,87;17,87;822.00
6555;карниз;1.50.282;Нет;27,02;3928;423,15;243;7200;16,11;16,11;739.00
6564;карниз FLEX;1.50.286;Да;60,1;8743;520,8;542;16100;35,74;35,74;1644.00
6565;карниз;1.50.288;Нет;27,02;3928;423,15;243;7200;16,11;16,11;739.00
6566;молдинг;1.51.375;Нет;22,78;3317;357;206;6100;13,31;13,31;623.00
6581;карниз FLEX;1.50.288;Да;54,02;7856;846,3;486;14400;32,22;32,22;1478.00
6582;карниз FLEX;1.50.280;Да;156;22682;2443,35;1408;41700;91,8;91,8;4268.00
6583;орнамент;1.60.034;Нет;26,5;4998;378;245;7100;15,76;15,76;725.00
6584;молдинг;1.51.373;Нет;37,32;6388;584,85;336;10000;22,07;22,07;1021.00
6585;орнамент;1.60.033;Нет;26,9;4601;421,05;245;7200;15,76;15,76;736.00
6586;орнамент;1.60.030;Нет;27,04;4622;423,15;245;7200;16,11;16,11;740.00
6587;карниз;1.50.277;Нет;60,16;8725;942,9;543;16100;35,39;35,39;1646.00
6588;розетка;1.56.008;Нет;49,2;7153;701;444;13200;29,07;29,07;1346.00
6589;орнамент;1.60.031;Нет;26,8;3897;382;245;7200;15,76;15,76;733.00
6590;орнамент;1.60.123;Нет;32,9;4785;469;300;8800;19,26;19,26;900.00
6591;орнамент;1.60.023;Нет;32,9;4785;468;300;8800;19,26;19,26;900.00
6592;полуколонна;4.10.205;Нет;;;;;;;;0.00
6593;полуколонна;4.10.206;Нет;;;;;;;;0.00
6594;ствол;4.16.004;Нет;92,48;13315;1358,44;845;24700;61,82;61,82;2530.00
6595;ствол;4.16.004;Нет;92,48;13315;1358,44;845;24700;61,82;61,82;2530.00
6596;полуколонна;4.10.307;Нет;;;;;;;;0.00
6597;полуколонна;4.10.306;Нет;;;;;;;;0.00
6598;база;4.13.002;Нет;176,48;25403;2592,25;1613;47200;117,85;117,85;4828.00
6599;ствол;4.12.002;Нет;209,04;30099;3070,66;1911;55900;139,15;139,15;5719.00
6600;ствол;4.12.002;Нет;209,04;30099;3070,66;1911;55900;139,15;139,15;5719.00
6601;ствол;4.12.004;Нет;203,44;29281;2988,56;1860;54400;135,44;135,44;5566.00
6602;ствол;4.12.004;Нет;203,44;29281;2988,56;1860;54400;135,44;135,44;5566.00
6603;колонна;4.30.205;Нет;;;;;;;;0.00
6604;колонна;4.30.306;Нет;;;;;;;;0.00
6605;колонна;4.30.206;Нет;;;;;;;;0.00
6606;колонна;4.30.307;Нет;;;;;;;;0.00
6611;карниз FLEX;1.50.273;Да;201,62;29281;3155,83;1842;39100;118,42;118,42;4000.00
6612;молдинг FLEX;1.51.375;Да;45,54;6616;712,95;412;12200;26,62;26,62;1246.00
6613;внешний угол;4.01.312;Нет;133,3;19193;1957,92;1218;35600;89,05;89,05;3647.00
6614;сандрик;4.89.001;Нет;214,92;30933;3062;1940;57500;143,39;143,39;5880.00
6615;орнамент;4.99.001;Нет;21,52;3105;307;195;5800;14,36;14,36;589.00
6616;орнамент;4.99.002;Нет;9,86;1423;141;90;2600;6,59;6,59;270.00
6617;внутренний угол;4.02.221;Нет;118,58;17072;1742,34;1085;31700;79,11;79,11;3244.00
6618;внутренний угол;4.02.321;Нет;137,62;19814;2021,12;1258;36800;91,62;91,62;3765.00
6619;торцевой элемент;4.34.332;Нет;9,32;1348;136,43;85;2500;6,26;6,26;255.00
6620;торцевой элемент;4.34.232;Нет;9,32;1348;136,43;85;2500;6,26;6,26;255.00
6621;торцевой элемент;4.01.131;Нет;98,98;14254;1453,53;904;26500;65,87;65,87;2708.00
6622;торцевой элемент;4.34.132;Нет;9,32;1348;136,43;85;2500;6,26;6,26;255.00
6623;торцевой элемент;4.32.232;Нет;45,32;6528;665,63;414;12100;30,17;30,17;1240.00
6624;торцевой элемент;4.01.133;Нет;150,52;21662;2210,71;1376;40300;100,45;100,45;4118.00
6625;торцевой элемент;4.01.231;Нет;92,66;13345;1361,39;847;24800;61,82;61,82;2535.00
6626;внутренний угол;4.32.222;Нет;68,58;9876;1007,02;627;18300;45,63;45,63;1876.00
6627;торцевой элемент;4.01.232;Нет;99,32;14300;1458,84;908;26600;66,23;66,23;2717.00
6628;внешний угол;4.32.211;Нет;68,58;9876;1007,02;627;18300;45,63;45,63;1876.00
6629;торцевой элемент;4.01.331;Нет;93,6;13482;1374,98;856;25000;62,55;62,55;2561.00
6630;торцевой элемент;4.34.331;Нет;11,62;1681;170,69;105;3100;8,1;8,1;318.00
6631;торцевой элемент;4.01.332;Нет;100,8;14512;1480,7;921;27000;67,34;67,34;2758.00
6632;торцевой элемент;4.33.231;Нет;13,12;1893;192,54;120;3500;8,83;8,83;359.00
6633;торцевой элемент;4.33.131;Нет;12,86;1863;189;116;3400;8,83;8,83;352.00
6634;торцевой элемент;4.31.332;Нет;60,42;8695;887,12;546;16200;40,48;40,48;1653.00
6635;торцевой элемент;4.31.331;Нет;72,48;10437;1064,31;655;19400;48,57;48,57;1983.00
6636;торцевой элемент;4.31.231;Нет;58,08;8361;852,86;525;15500;39;39;1589.00
6637;торцевой элемент;4.02.131;Нет;106,96;15405;1571,06;978;28600;71,38;71,38;2926.00
6638;торцевой элемент;4.31.131;Нет;112,32;16163;1649,62;1015;30000;75,06;75,06;3073.00
6639;торцевой элемент;4.02.231;Нет;86,6;12467;1271,62;792;23200;57,77;57,77;2369.00
6640;внутренний угол;4.31.322;Нет;83,6;12042;1227,91;755;22400;55,93;55,93;2287.00
6641;торцевой элемент;4.03.132;Нет;11,22;1620;164,78;103;3000;7,73;7,73;307.00
6642;внутренний угол;4.31.321;Нет;100,34;14451;1473,61;906;26800;66,97;66,97;2745.00
6643;торцевой элемент;4.03.231;Нет;9,32;1348;136,43;85;2500;6,26;6,26;255.00
6644;внутренний угол;4.31.221;Нет;81,32;11709;1194,24;735;21700;54,46;54,46;2225.00
6645;внутренний угол;4.31.121;Нет;148,54;21389;2181,77;1345;39700;98,98;98,98;4064.00
6646;торцевой элемент;4.03.232;Нет;9,32;1348;136,43;85;2500;6,26;6,26;255.00
6647;торцевой элемент;4.03.331;Нет;9,32;1348;136,43;85;2500;6,26;6,26;255.00
6648;внешний угол;4.31.312;Нет;83,6;12042;1227,91;755;22400;55,93;55,93;2287.00
6649;торцевой элемент;4.04.131;Нет;9,32;1348;136,43;85;2500;6,26;6,26;255.00
6650;внешний угол;4.31.311;Нет;100,34;14451;1473,61;910;26800;66,97;66,97;2745.00
6651;торцевой элемент;4.04.132;Нет;9,32;1348;136,43;85;2500;6,26;6,26;255.00
6652;внешний угол;4.31.212;Нет;89,44;12876;1313,55;808;23900;59,61;59,61;2447.00
6653;торцевой элемент;4.04.231;Нет;9,32;1348;136,43;85;2500;6,26;6,26;255.00
6654;внешний угол;4.31.211;Нет;81,32;11709;1194,24;735;21700;54,46;54,46;2225.00
6655;торцевой элемент;4.04.232;Нет;9,32;1348;136,43;85;2500;6,26;6,26;255.00
6656;внешний угол;4.31.111;Нет;148,54;21389;2181,77;1345;39700;98,98;98,98;4064.00
6657;торцевой элемент;4.04.332;Нет;9,32;1348;136,43;85;2500;6,26;6,26;255.00
6658;торцевой элемент;4.82.031;Нет;11,62;1681;170,69;106;3100;8,1;8,1;318.00
6659;арочное обрамление FLEX;4.87.031;Да;126,66;;1805;1178;;84,63;84,63;3465.00
6660;арочное обрамление FLEX;4.87.032;Да;126,66;;1805;1178;;84,63;84,63;3465.00
6661;арочное обрамление FLEX;4.87.033;Да;76;;1083;707;;50,78;50,78;2079.00
6662;карниз FLEX;1.50.281;Да;159,22;23118;2283,75;1436;42600;93,18;93,18;4356.00
6663;карниз FLEX;1.50.282;Да;54,02;7838;846,3;486;14400;32,22;32,22;1478.00
6664;молдинг FLEX;1.51.368;Да;88,74;12905;1390,2;800;23700;52,56;52,56;2428.00
6665;молдинг;1.51.364;Нет;33,96;4936;484;310;9100;19,96;19,96;929.00
6666;элемент камина;1.64.001;Нет;352,62;51201;5520,9;3395;94300;206,4;206,4;9647.00
6667;элемент камина;1.64.002;Нет;205,78;29880;3222,45;1985;55000;120,54;120,54;5630.00
6668;элемент камина;1.64.003;Нет;205,78;29880;3222,45;1985;55000;120,54;120,54;5630.00
6669;элементы декоративного камина;1.64.101;Нет;;;;;;;;0.00
6670;карниз FLEX;1.50.277;Да;120,32;17464;1884,75;1086;32200;70,78;70,78;3292.00
6671;молдинг FLEX;1.51.373;Да;74,64;10833;1063;672;20000;44,14;44,14;2042.00
6672;розетка;1.56.050;Нет;40,06;5822;574,35;370;10700;23,47;23,47;1096.00
6674;архитрав FLEX;1.26.001;Да;126,98;18418;1559,39;1162;34000;74,28;74,28;3474.00
6675;архитрав FLEX;1.26.002;Да;126,98;18418;1559,39;1162;34000;74,28;74,28;3474.00
6676;архитрав FLEX;1.26.003;Да;130,06;18888;1598,2;1188;34800;76,36;76,36;3558.00
6683;розетка;1.56.047;Нет;40,06;5822;571;370;10700;23,47;23,47;1096.00
6684;кронштейн;1.19.011;Нет;38,12;5532;547,05;360;10200;22,42;22,42;1043.00
6687;молдинг;1.51.307;Нет;38,06;5530;541,55;348;10200;22,42;22,42;1041.00
6707;молдинг;1.51.369;Нет;31,62;4583;443,1;287;8500;18,57;18,57;865.00
6708;молдинг;1.51.376;Нет;24,64;3575;353,85;225;6600;20,66;20,66;674.00
6709;розетка;1.56.045;Нет;94,6;13732;1348;870;25300;55,37;55,37;2588.00
6710;угловой элемент;1.52.352;Нет;19,62;2850;280;177;5200;11,55;11,55;537.00
6711;кронштейн;1.19.009;Нет;37,28;5412;531;340;10000;22,07;22,07;1020.00
6736;орнамент;1.60.037;Нет;32,94;4780;472,5;300;8800;19,27;19,27;901.00
6737;орнамент;1.60.038;Нет;31,44;4562;450,45;287;8400;18,57;18,57;860.00
6738;орнамент;1.60.039;Нет;31,72;4605;454,65;290;8500;18,57;18,57;868.00
6739;орнамент;1.60.040;Нет;33,96;4929;487,2;310;9100;19,98;19,98;929.00
6740;наличник;1.54.014;Нет;60,52;8786;868,35;563;16200;35,39;35,39;1656.00
6741;розетка;1.56.043;Нет;31,36;4552;449,4;290;8400;18,57;18,57;858.00
6742;розетка;1.56.048;Нет;31,36;4552;449,4;287;8400;18,57;18,57;858.00
6743;розетка;1.56.049;Нет;30,22;4387;433,65;276;8100;17,87;17,87;827.00
6744;розетка;1.56.051;Нет;29,6;4297;433,65;290;7900;17,52;17,52;810.00
6749;карниз;1.50.290;Нет;28;4064;401,1;253;7500;16,47;16,47;766.00
6750;угловой элемент;1.52.375;Нет;19,74;2865;283,5;175;5300;11,9;11,9;540.00
6751;кронштейн;1.19.013;Нет;45,8;6648;657,3;375;12200;26,98;26,98;1253.00
6755;молдинг;1.51.338;Нет;19,66;2854;282,45;179;5300;11,57;11,57;538.00
6756;угловой элемент;1.52.376;Нет;19,16;2780;275,1;173;5100;11,55;11,55;524.00
6757;орнамент;1.60.035;Нет;9,24;1342;132;95;2500;5,6;5,6;253.00
6758;орнамент;1.60.135;Нет;9,24;1342;132;95;2500;5,6;5,6;253.00
6761;угловой элемент;1.52.283;Нет;18,78;2726;268;170;5000;11,22;11,22;514.00
6762;угловой элемент;1.52.284;Нет;18,1;2643;258;165;4800;10,5;10,5;495.00
6763;кронштейн;1.19.012;Нет;37,28;6648;531;340;10000;22,07;22,07;1020.00
6764;розетка;1.56.046;Нет;110,98;16111;1591,8;1036;29700;65,18;65,18;3036.00
6765;карниз;1.50.225;Нет;25,96;3778;370;237;6900;15,41;15,41;710.00
6766;карниз;1.50.226;Нет;28,52;4139;406;260;7600;16,81;16,81;780.00
6767;орнамент;1.60.036;Нет;63,42;9213;904;590;17000;37,15;37,15;1735.00
6768;карниз;1.50.289;Нет;26,42;3847;379,05;239;7100;15,77;15,77;723.00
6770;карниз FLEX;1.50.283;Да;54,02;7856;775,95;488;14400;32,22;32,22;1478.00
6771;карниз;1.50.206;Нет;21,52;3125;308,7;197;5800;12,62;12,62;589.00
6772;кронштейн;1.19.014;Нет;39;5667;559,65;363;10400;23,12;23,12;1067.00
6773;карниз;1.50.295;Нет;20,24;2944;290,85;188;5400;11,92;11,92;554.00
6783;карниз;1.50.293;Нет;31,54;4583;452,55;290;8400;18,57;18,57;863.00
6784;карниз;1.50.294;Нет;21,56;3139;309,75;198;5800;12,62;12,62;590.00
6785;карниз FLEX;1.50.279;Да;117,12;17026;1680;1072;31300;68,66;68,66;3204.00
6786;карниз FLEX;1.50.293;Да;63,08;9167;905,1;580;16900;37,14;37,14;1726.00
6787;карниз FLEX;1.50.294;Да;43,14;6278;618,45;396;11500;25,24;25,24;1180.00
6807;карниз FLEX;1.50.290;Да;56;8129;803,25;506;15000;32,94;32,94;1532.00
6808;карниз FLEX;1.50.289;Да;52,86;7695;758,1;478;14100;31,54;31,54;1446.00
6809;карниз FLEX;1.50.206;Да;43,06;6250;617,4;394;11500;25,24;25,24;1178.00
6810;карниз FLEX;1.50.295;Да;40,5;5889;580,65;376;10800;23,84;23,84;1108.00
6811;молдинг FLEX;1.51.376;Да;49,28;7150;706,65;450;13200;41,32;41,32;1348.00
6812;молдинг FLEX;1.51.338;Да;39,32;5709;563,85;358;10500;23,14;23,14;1076.00
6817;кронштейн;1.19.018;Нет;50,88;7389;729,75;475;13600;29,79;29,79;1392.00
6818;молдинг;1.51.382;Нет;40,5;5889;580,65;377;10800;23,82;23,82;1108.00
6819;молдинг;1.51.377;Нет;20,28;2959;290,85;189;5400;11,92;11,92;555.00
6820;молдинг;1.51.379;Нет;20;2902;286,65;186;5300;11,92;11,92;547.00
6821;карниз;1.50.272;Нет;21,56;3139;309,75;201;5800;12,62;12,62;590.00
6823;молдинг FLEX;1.51.379;Да;39,98;5805;573,3;372;10700;23,84;23,84;1094.00
6824;карниз FLEX;1.50.272;Да;43,14;6278;618,45;402;11500;25,24;25,24;1180.00
6826;молдинг;1.51.371;Нет;32,12;4667;460,95;300;8600;18,92;18,92;879.00
6827;карниз;1.50.292;Нет;20;2902;286,65;186;5300;11,92;11,92;547.00
6828;карниз FLEX;1.50.292;Да;39,98;5805;573,3;372;;23,84;23,84;1094.00
6829;карниз FLEX;1.50.225;Да;51,9;7557;740;474;13900;30,82;30,82;1420.00
6830;карниз FLEX;1.50.226;Да;57,02;8278;813;520;15200;33,62;33,62;1560.00
6831;карниз FLEX;1.50.214;Да;;;744,45;;;;;1420.00
6835;молдинг;1.51.378;Нет;19,16;2791;275,1;179;5100;11,22;11,22;524.00
6836;розетка;1.56.052;Нет;28,36;4126;404;270;7600;16,82;16,82;776.00
6837;квадрат;1.54.017;Нет;7,86;1152;112;75;2100;4,9;4,9;215.00
8330;молдинг FLEX;1.51.378;Да;38,3;;549,15;358;;22,44;22,44;1048.00
8331;молдинг FLEX;1.51.377;Да;40,58;5918;578;378;10900;23,84;23,84;1110.00
8332;молдинг FLEX;1.51.382;Да;81;11778;1154;754;21700;47,64;47,64;2216.00
8981;кронштейн;1.19.015;Нет;36,44;5292;519;339;9700;21,38;21,38;997.00
12094;карниз;1.50.298;Нет;21,12;3070;301;197;5600;;;578.00
12104;молдинг;1.51.372;Нет;19,38;;276;180;5200;11,55;11,55;530.00
13520;карниз;1.50.296;Нет;30,52;;435;285;8200;;;835.00
14598;угловой элемент;1.52.299;Нет;20,72;;295;193;5500;12,25;12,25;567.00
14599;угловой элемент;1.52.279;Нет;20,72;;295;193;5500;12,25;12,25;567.00
14600;молдинг;1.51.365;Нет;28,48;;406;265;7600;16,81;16,81;779.00
14781;плинтус;1.53.108;Нет;40,14;;572;375;;23,47;23,47;1098.00
17562;кронштейн;1.19.016;Нет;39,00;;556;370;;;;1067.00
17563;розетка;1.56.053;Нет;50,00;;712;470;;;;1368.00
21020;карниз;1.50.227;Нет;;;;;;;;2178.00
21021;молдинг;1.51.385;Нет;;;;;;;;985.00
21022;наличник;1.54.015;Нет;;;;;;;;1605.00
21023;сандрик;1.63.003;Нет;;;;;;;;1797.00
