IE_XML_ID;IE_NAME;IP_PROP142;IP_PROP157;IP_PROP160;CV_PRICE_1
4774;карниз 1.50.114;1.50.114;Нет;ВР000001360;1088.00
4775;карниз 1.50.115;1.50.115;Нет;ВР000001045;879.00
4776;карниз 1.50.116;1.50.116;Нет;ВР000001487;2220.00
4777;карниз 1.50.117;1.50.117;Нет;ВР000001046;2214.00
4778;карниз 1.50.118;1.50.118;Нет;ВР000001868;2463.00
4779;карниз 1.50.119;1.50.119;Нет;ВР000001858;1209.00
4780;карниз 1.50.120;1.50.120;Нет;ВР000001867;2460.00
4781;карниз 1.50.121;1.50.121;Нет;ВР000001047;1186.00
4782;карниз 1.50.122;1.50.122;Нет;ВР000001048;780.00
4783;карниз 1.50.100;1.50.100;Нет;ВР000001042;1081.00
4784;карниз 1.50.102;1.50.102;Нет;ВР000005632;867.00
4785;карниз 1.50.103;1.50.103;Нет;ВР000005166;875.00
4786;карниз 1.50.104;1.50.104;Нет;ВР000001293;2159.00
4787;карниз 1.50.105;1.50.105;Нет;ВР000005167;1064.00
4788;карниз 1.50.106;1.50.106;Нет;ВР000005174;1149.00
4789;карниз 1.50.107;1.50.107;Нет;ВР000005326;2269.00
4790;карниз 1.50.109;1.50.109;Нет;ВР000002930;2463.00
4791;карниз 1.50.110;1.50.110;Нет;ВР000002931;2788.00
4792;карниз 1.50.111;1.50.111;Нет;ВР000001285;2282.00
4793;карниз 1.50.112;1.50.112;Нет;ВР000001043;1132.00
4794;карниз 1.50.113;1.50.113;Нет;ВР000001044;1201.00
4795;карниз 1.50.123;1.50.123;Нет;ВР000001718;807.00
4796;карниз 1.50.124;1.50.124;Нет;ВР000001972;2056.00
4797;карниз 1.50.125;1.50.125;Нет;ВР000002129;1691.00
4798;карниз 1.50.126;1.50.126;Нет;ВР001003726;1185.00
4799;карниз 1.50.127;1.50.127;Нет;ВР000002929;1149.00
4800;карниз 1.50.128;1.50.128;Нет;ВР000002329;2011.00
4801;карниз 1.50.129;1.50.129;Нет;ВР000005168;1160.00
4802;карниз 1.50.130;1.50.130;Нет;ВР000001049;813.00
4803;карниз 1.50.131;1.50.131;Нет;ВР000001081;1980.00
4804;карниз 1.50.132;1.50.132;Нет;ВР000001050;2952.00
4805;карниз 1.50.133;1.50.133;Нет;ВР000001076;1828.00
4806;карниз 1.50.134;1.50.134;Нет;ВР000001051;2852.00
4807;карниз 1.50.135;1.50.135;Нет;ВР000001303;2056.00
4808;карниз 1.50.136;1.50.136;Нет;ВР000002167;2305.00
4809;карниз 1.50.137;1.50.137;Нет;ВР000001827;3018.00
4810;карниз 1.50.138;1.50.138;Нет;ВР000002343;2528.00
4811;карниз 1.50.139;1.50.139;Нет;ВР000006023;1935.00
4812;карниз 1.50.140;1.50.140;Нет;ВР000001052;1129.00
4813;карниз 1.50.141;1.50.141;Нет;ВР000005170;1129.00
4814;карниз 1.50.142;1.50.142;Нет;ВР000001544;2528.00
4815;карниз 1.50.143;1.50.143;Нет;ВР000005171;1088.00
4816;карниз 1.50.144;1.50.144;Нет;ВР000005173;1209.00
4817;карниз 1.50.145;1.50.145;Нет;ВР000001586;3210.00
4818;карниз 1.50.146;1.50.146;Нет;ВР000005175;2045.00
4819;карниз 1.50.147;1.50.147;Нет;ВР000001182;2528.00
4820;карниз 1.50.148;1.50.148;Нет;ВР000006025;2152.00
4822;карниз 1.50.150;1.50.150;Нет;ВР000001054;830.00
4823;карниз 1.50.151;1.50.151;Нет;ВР001021964;3259.00
4824;карниз 1.50.152;1.50.152;Нет;ВР001021965;3259.00
4825;карниз 1.50.153;1.50.153;Нет;ВР001021966;3259.00
4826;карниз 1.50.154;1.50.154;Нет;ВР001022849;757.00
4827;карниз 1.50.155;1.50.155;Нет;ВР001022850;751.00
4828;карниз 1.50.156;1.50.156;Нет;ВР001022851;833.00
4829;карниз 1.50.157;1.50.157;Нет;ВР001022852;774.00
4830;карниз 1.50.158;1.50.158;Нет;ВР001022853;783.00
4831;карниз 1.50.159;1.50.159;Нет;ВР001022854;805.00
4832;карниз 1.50.160;1.50.160;Нет;ВР000001055;1064.00
4833;карниз 1.50.162;1.50.162;Нет;ВР000002855;1088.00
4834;карниз 1.50.163;1.50.163;Нет;ВР000002934;2122.00
4835;карниз 1.50.164;1.50.164;Нет;ВР000002936;2334.00
4836;карниз 1.50.165;1.50.165;Нет;ВР000001056;1110.00
4837;карниз 1.50.166;1.50.166;Нет;ВР000004078;2250.00
4838;карниз 1.50.167;1.50.167;Нет;ВР000004319;2282.00
4839;карниз 1.50.168;1.50.168;Нет;ВР000004036;2282.00
4840;карниз 1.50.169;1.50.169;Нет;ВР000005325;2152.00
4841;карниз 1.50.170;1.50.170;Нет;ВР000001057;1209.00
4842;карниз 1.50.171;1.50.171;Нет;ВР001022855;799.00
4843;карниз 1.50.172;1.50.172;Нет;ВР001022856;829.00
4844;карниз 1.50.173;1.50.173;Нет;ВР001022857;833.00
4845;карниз 1.50.174;1.50.174;Нет;ВР001022858;846.00
4846;карниз 1.50.175;1.50.175;Нет;ВР000001355;2269.00
4847;карниз 1.50.176;1.50.176;Нет;ВР000005000;2056.00
4848;карниз 1.50.177;1.50.177;Нет;ВР000006024;1238.00
4849;карниз 1.50.180;1.50.180;Нет;ВР000001451;2106.00
4850;карниз 1.50.181;1.50.181;Нет;ВР001023412;1186.00
4851;карниз 1.50.182;1.50.182;Нет;ВР001023413;1168.00
4852;карниз 1.50.183;1.50.183;Нет;ВР001023414;1268.00
4853;карниз 1.50.184;1.50.184;Нет;ВР001023415;1268.00
4854;карниз 1.50.185;1.50.185;Нет;ВР001023416;2220.00
4855;карниз 1.50.186;1.50.186;Нет;ВР001023417;1268.00
4856;карниз 1.50.187;1.50.187;Нет;ВР001023418;1126.00
4857;карниз 1.50.188;1.50.188;Нет;ВР001023693;1126.00
4858;карниз 1.50.190;1.50.190;Нет;ВР001024050;844.00
4859;карниз 1.50.191;1.50.191;Нет;ВР001024053;828.00
4860;карниз 1.50.192;1.50.192;Нет;ВР002025145;1148.00
4861;карниз 1.50.193;1.50.193;Нет;ВР002025144;1183.00
4862;карниз 1.50.194;1.50.194;Нет;ВР002025137;1088.00
4863;карниз 1.50.195;1.50.195;Нет;ВР002025296;1186.00
4864;карниз 1.50.196;1.50.196;Нет;ВР002025293;1148.00
4865;карниз 1.50.197;1.50.197;Нет;ВР002025291;1268.00
4866;карниз 1.50.198;1.50.198;Нет;ВР002025290;1243.00
4867;карниз 1.50.200;1.50.200;Нет;ВР002025307;1126.00
4868;карниз 1.50.201;1.50.201;Нет;ВР002025337;2804.00
4869;карниз 1.50.202;1.50.202;Нет;ВР002025339;2026.00
4870;карниз 1.50.203;1.50.203;Нет;ВР002025341;2282.00
4871;карниз 1.50.204;1.50.204;Нет;ВР002025428;1088.00
4872;карниз 1.50.208;1.50.208;Нет;ВР002025426;1209.00
4873;карниз 1.50.209;1.50.209;Нет;ВР000001058;2626.00
4874;карниз 1.50.210;1.50.210;Нет;ВР000001077;2744.00
4875;карниз 1.50.211;1.50.211;Нет;ВР000004385;2812.00
4876;карниз 1.50.212;1.50.212;Нет;ВР000004386;2812.00
4877;карниз 1.50.220;1.50.220;Нет;ВР000001281;2435.00
4878;карниз 1.50.221;1.50.221;Нет;ВР000001338;2851.00
4879;карниз 1.50.222;1.50.222;Нет;ВР000001612;3144.00
4880;карниз 1.50.250;1.50.250;Нет;ВР000005486;2056.00
4881;карниз 1.50.251;1.50.251;Нет;ВР000005602;797.00
4882;карниз 1.50.252;1.50.252;Нет;ВР000004035;2400.00
4883;карниз 1.50.253;1.50.253;Нет;ВР000005501;1186.00
4884;карниз 1.50.254;1.50.254;Нет;ВР000005595;1793.00
4885;карниз 1.50.255;1.50.255;Нет;ВР000005644;2015.00
4886;карниз 1.50.256;1.50.256;Нет;ВР000005750;2315.00
4887;карниз 1.50.257;1.50.257;Нет;ВР000005752;827.00
4888;карниз 1.50.258;1.50.258;Нет;ВР000005754;761.00
4889;карниз 1.50.259;1.50.259;Нет;ВР000005756;1088.00
4890;карниз 1.50.260;1.50.260;Нет;ВР000006884;2810.00
4891;карниз 1.50.261;1.50.261;Нет;ВР001000006;1895.00
4892;карниз 1.50.262;1.50.262;Нет;ВР001000028;2338.00
4893;карниз 1.50.264;1.50.264;Нет;ВР001002926;2865.00
4894;карниз 1.50.265;1.50.265;Нет;ВР001007508;1209.00
4895;карниз 1.50.266;1.50.266;Нет;ВР001007509;1088.00
4896;карниз 1.50.267;1.50.267;Нет;ВР001007510;2347.00
4897;карниз 1.50.268;1.50.268;Нет;ВР001007511;2414.00
4898;карниз 1.50.269;1.50.269;Нет;ВР001007512;2545.00
4899;карниз 1.50.270;1.50.270;Нет;ВР001007513;2738.00
4900;карниз 1.50.271;1.50.271;Нет;ВР002025312;3506.00
4901;карниз 1.50.273;1.50.273;Нет;ВР002025512;2929.00
4902;карниз 1.50.114 гибкий;1.50.114;Да;ВР002028331;2176.00
4903;карниз 1.50.115 гибкий;1.50.115;Да;ВР002028332;1758.00
4904;карниз 1.50.116 гибкий;1.50.116;Да;ВР002028333;4440.00
4905;карниз 1.50.117 гибкий;1.50.117;Да;ВР002028334;4427.00
4906;карниз 1.50.118 гибкий;1.50.118;Да;ВР002028335;4926.00
4907;карниз 1.50.119 гибкий;1.50.119;Да;ВР002028336;2418.00
4908;карниз 1.50.120 гибкий;1.50.120;Да;ВР002028337;4920.00
4909;карниз 1.50.121 гибкий;1.50.121;Да;ВР002028338;2372.00
4910;карниз 1.50.122 гибкий;1.50.122;Да;ВР002028339;1560.00
4911;карниз 1.50.100 гибкий;1.50.100;Да;ВР002028318;2161.00
4912;карниз 1.50.102 гибкий;1.50.102;Да;ВР002028319;1734.00
4913;карниз 1.50.103 гибкий;1.50.103;Да;ВР002028320;1749.00
4914;карниз 1.50.104 гибкий;1.50.104;Да;ВР002028321;4317.00
4915;карниз 1.50.105 гибкий;1.50.105;Да;ВР002028322;2128.00
4916;карниз 1.50.106 гибкий;1.50.106;Да;ВР002028323;2297.00
4917;карниз 1.50.107 гибкий;1.50.107;Да;ВР002028324;4537.00
4918;карниз 1.50.109 гибкий;1.50.109;Да;ВР002028326;4926.00
4919;карниз 1.50.110 гибкий;1.50.110;Да;ВР002028327;5575.00
4920;карниз 1.50.111 гибкий;1.50.111;Да;ВР002028328;4563.00
4921;карниз 1.50.112 гибкий;1.50.112;Да;ВР002028329;2264.00
4922;карниз 1.50.113 гибкий;1.50.113;Да;ВР002028330;2401.00
4923;карниз 1.50.123 гибкий;1.50.123;Да;ВР002028340;1613.00
4924;карниз 1.50.124 гибкий;1.50.124;Да;ВР002028341;4112.00
4925;карниз 1.50.125 гибкий;1.50.125;Да;ВР002028342;3382.00
4926;карниз 1.50.126 гибкий;1.50.126;Да;ВР002028343;2370.00
4927;карниз 1.50.127 гибкий;1.50.127;Да;ВР002028344;2297.00
4928;карниз 1.50.128 гибкий;1.50.128;Да;ВР002028345;4022.00
4929;карниз 1.50.129 гибкий;1.50.129;Да;ВР002028346;2319.00
4930;карниз 1.50.130 гибкий;1.50.130;Да;ВР002028347;1626.00
4931;карниз 1.50.131 гибкий;1.50.131;Да;ВР002028348;3960.00
4932;карниз 1.50.132 гибкий;1.50.132;Да;ВР002028349;5903.00
4933;карниз 1.50.133 гибкий;1.50.133;Да;ВР002028350;3655.00
4934;карниз 1.50.134 гибкий;1.50.134;Да;ВР002028366;5703.00
4935;карниз 1.50.135 гибкий;1.50.135;Да;ВР002028367;4112.00
4936;карниз 1.50.136 гибкий;1.50.136;Да;ВР002028368;4609.00
4937;карниз 1.50.137 гибкий;1.50.137;Да;ВР002028369;6035.00
4938;карниз 1.50.138 гибкий;1.50.138;Да;ВР002028370;5056.00
4939;карниз 1.50.139 гибкий;1.50.139;Да;ВР002028371;3870.00
4940;карниз 1.50.140 гибкий;1.50.140;Да;ВР002028372;2258.00
4941;карниз 1.50.141 гибкий;1.50.141;Да;ВР002028373;2258.00
4942;карниз 1.50.142 гибкий;1.50.142;Да;ВР002028374;5056.00
4943;карниз 1.50.143 гибкий;1.50.143;Да;ВР002028375;2176.00
4944;карниз 1.50.144 гибкий;1.50.144;Да;ВР002028376;2418.00
4945;карниз 1.50.145 гибкий;1.50.145;Да;ВР002028377;6420.00
4946;карниз 1.50.146 гибкий;1.50.146;Да;ВР002028378;4090.00
4947;карниз 1.50.147 гибкий;1.50.147;Да;ВР002028379;5056.00
4948;карниз 1.50.148 гибкий;1.50.148;Да;ВР002028380;4304.00
4950;карниз 1.50.150 гибкий;1.50.150;Да;ВР002028382;1659.00
4951;карниз 1.50.151 гибкий;1.50.151;Да;ВР002028383;6517.00
4952;карниз 1.50.152 гибкий;1.50.152;Да;ВР002028384;6517.00
4953;карниз 1.50.153 гибкий;1.50.153;Да;ВР002028385;6517.00
4954;карниз 1.50.154 гибкий;1.50.154;Да;ВР002028386;1514.00
4955;карниз 1.50.155 гибкий;1.50.155;Да;ВР002028387;1501.00
4956;карниз 1.50.156 гибкий;1.50.156;Да;ВР002028388;1666.00
4957;карниз 1.50.157 гибкий;1.50.157;Да;ВР002028389;1547.00
4958;карниз 1.50.158 гибкий;1.50.158;Да;ВР002028390;1565.00
4959;карниз 1.50.159 гибкий;1.50.159;Да;ВР002028391;1609.00
4960;карниз 1.50.160 гибкий;1.50.160;Да;ВР002028392;2128.00
4961;карниз 1.50.162 гибкий;1.50.162;Да;ВР002028393;2176.00
4962;карниз 1.50.163 гибкий;1.50.163;Да;ВР002028394;4244.00
4963;карниз 1.50.164 гибкий;1.50.164;Да;ВР002028395;4667.00
4964;карниз 1.50.165 гибкий;1.50.165;Да;ВР002028396;2220.00
4965;карниз 1.50.166 гибкий;1.50.166;Да;ВР002028397;4499.00
4966;карниз 1.50.168 гибкий;1.50.168;Да;ВР002028398;4563.00
4967;карниз 1.50.169 гибкий;1.50.169;Да;ВР002028399;4304.00
4968;карниз 1.50.170 гибкий;1.50.170;Да;ВР002028400;2418.00
4969;карниз 1.50.171 гибкий;1.50.171;Да;ВР002028401;1598.00
4970;карниз 1.50.172 гибкий;1.50.172;Да;ВР002028402;1657.00
4971;карниз 1.50.173 гибкий;1.50.173;Да;ВР002028403;1666.00
4972;карниз 1.50.174 гибкий;1.50.174;Да;ВР002028404;1692.00
4973;карниз 1.50.175 гибкий;1.50.175;Да;ВР002028405;4537.00
4974;карниз 1.50.176 гибкий;1.50.176;Да;ВР002028406;4112.00
4975;карниз 1.50.177 гибкий;1.50.177;Да;ВР002028407;2475.00
4976;карниз 1.50.180 гибкий;1.50.180;Да;ВР002028409;4211.00
4977;карниз 1.50.181 гибкий;1.50.181;Да;ВР002028410;2372.00
4978;карниз 1.50.182 гибкий;1.50.182;Да;ВР002028411;2335.00
4979;карниз 1.50.183 гибкий;1.50.183;Да;ВР002028412;2535.00
4980;карниз 1.50.184 гибкий;1.50.184;Да;ВР002028413;2535.00
4981;карниз 1.50.185 гибкий;1.50.185;Да;ВР002028414;4440.00
4982;карниз 1.50.186 гибкий;1.50.186;Да;ВР002028415;2535.00
4983;карниз 1.50.187 гибкий;1.50.187;Да;ВР002028416;2251.00
4984;карниз 1.50.188 гибкий;1.50.188;Да;ВР002028417;2251.00
4985;карниз 1.50.190 гибкий;1.50.190;Да;ВР002028419;1688.00
4986;карниз 1.50.191 гибкий;1.50.191;Да;ВР002028420;1655.00
4987;карниз 1.50.192 гибкий;1.50.192;Да;ВР002028421;2295.00
4988;карниз 1.50.193 гибкий;1.50.193;Да;ВР002028422;2365.00
4989;карниз 1.50.194 гибкий;1.50.194;Да;ВР002028423;2176.00
4990;карниз 1.50.195 гибкий;1.50.195;Да;ВР002028424;2372.00
4991;карниз 1.50.197 гибкий;1.50.197;Да;ВР002028426;2535.00
4992;карниз 1.50.200 гибкий;1.50.200;Да;ВР002028429;2251.00
4993;карниз 1.50.202 гибкий;1.50.202;Да;ВР002028431;4051.00
4994;карниз 1.50.203 гибкий;1.50.203;Да;ВР002028432;4563.00
4995;карниз 1.50.209 гибкий;1.50.209;Да;ВР002028436;5252.00
4997;карниз 1.50.220 гибкий;1.50.220;Да;ВР002028438;4869.00
4998;карниз 1.50.221 гибкий;1.50.221;Да;ВР002028439;5701.00
4999;карниз 1.50.222 гибкий;1.50.222;Да;ВР002028440;6288.00
5000;карниз 1.50.250 гибкий;1.50.250;Да;ВР002028441;4112.00
5001;карниз 1.50.251 гибкий;1.50.251;Да;ВР002028442;1593.00
5002;карниз 1.50.252 гибкий;1.50.252;Да;ВР002028443;4799.00
5003;карниз 1.50.253 гибкий;1.50.253;Да;ВР002028444;2372.00
5004;карниз 1.50.254 гибкий;1.50.254;Да;ВР002028445;3586.00
5005;карниз 1.50.255 гибкий;1.50.255;Да;ВР002028446;4029.00
5006;карниз 1.50.256 гибкий;1.50.256;Да;ВР002028447;4629.00
5007;карниз 1.50.257 гибкий;1.50.257;Да;ВР002028448;1653.00
5008;карниз 1.50.258 гибкий;1.50.258;Да;ВР002028449;1521.00
5009;карниз 1.50.259 гибкий;1.50.259;Да;ВР002028450;2176.00
5010;карниз 1.50.260 гибкий;1.50.260;Да;ВР002028451;5619.00
5011;карниз 1.50.261 гибкий;1.50.261;Да;ВР002028452;3789.00
5012;карниз 1.50.262 гибкий;1.50.262;Да;ВР002028453;4675.00
5013;карниз 1.50.264 гибкий;1.50.264;Да;ВР002028454;5729.00
5014;карниз 1.50.265 гибкий;1.50.265;Да;ВР002028455;2418.00
5015;карниз 1.50.266 гибкий;1.50.266;Да;ВР002028456;2176.00
5016;карниз 1.50.267 гибкий;1.50.267;Да;ВР002028457;4693.00
5017;карниз 1.50.268 гибкий;1.50.268;Да;ВР002028458;4827.00
5018;карниз 1.50.269 гибкий;1.50.269;Да;ВР002028459;5089.00
5019;карниз 1.50.270 гибкий;1.50.270;Да;ВР002028460;5476.00
5020;молдинг 1.51.311;1.51.311;Нет;ВР000001522;1572.00
5021;молдинг 1.51.314;1.51.314;Нет;ВР000001642;955.00
5022;молдинг 1.51.327;1.51.327;Нет;ВР000004028;1302.00
5023;молдинг 1.51.301;1.51.301;Нет;ВР000001059;820.00
5024;молдинг 1.51.305;1.51.305;Нет;ВР000001062;786.00
5025;молдинг 1.51.321;1.51.321;Нет;ВР000005725;741.00
5026;молдинг 1.51.400;1.51.400;Нет;ВР000005827;789.00
5027;молдинг 1.51.302;1.51.302;Нет;ВР000001060;944.00
5028;молдинг 1.51.303;1.51.303;Нет;ВР000001061;1023.00
5029;молдинг 1.51.304;1.51.304;Нет;ВР000001167;967.00
5030;молдинг 1.51.306;1.51.306;Нет;ВР000001064;807.00
5031;молдинг 1.51.307;1.51.307;Нет;ВР000001065;1527.00
5032;молдинг 1.51.324;1.51.324;Нет;ВР000002932;741.00
5033;молдинг 1.51.352;1.51.352;Нет;ВР000005503;915.00
5034;молдинг 1.51.325;1.51.325;Нет;ВР000002935;1626.00
5035;молдинг 1.51.312;1.51.312;Нет;ВР000001595;900.00
5036;молдинг 1.51.332;1.51.332;Нет;ВР001023823;949.00
5037;молдинг 1.51.350;1.51.350;Нет;ВР000005488;1638.00
5038;молдинг 1.51.326;1.51.326;Нет;ВР000004305;942.00
5039;молдинг 1.51.308;1.51.308;Нет;ВР000001175;900.00
5040;молдинг 1.51.309;1.51.309;Нет;ВР000001170;1007.00
5041;молдинг 1.51.310;1.51.310;Нет;ВР000001183;1527.00
5042;молдинг 1.51.313;1.51.313;Нет;ВР000004235;955.00
5043;молдинг 1.51.315;1.51.315;Нет;ВР000001942;988.00
5044;молдинг 1.51.316;1.51.316;Нет;ВР000002045;915.00
5045;молдинг 1.51.317;1.51.317;Нет;ВР000002067;1446.00
5046;молдинг 1.51.318;1.51.318;Нет;ВР000002158;1023.00
5047;молдинг 1.51.319;1.51.319;Нет;ВР000002566;1653.00
5048;молдинг 1.51.320;1.51.320;Нет;ВР000002330;1572.00
5049;молдинг 1.51.322;1.51.322;Нет;ВР001022869;755.00
5050;молдинг 1.51.328;1.51.328;Нет;ВР000005631;942.00
5051;молдинг 1.51.330;1.51.330;Нет;ВР000004389;993.00
5053;молдинг 1.51.340;1.51.340;Нет;ВР000002481;931.00
5054;молдинг 1.51.341;1.51.341;Нет;ВР001007514;1025.00
5055;молдинг 1.51.342;1.51.342;Нет;ВР001007515;987.00
5056;молдинг 1.51.343;1.51.343;Нет;ВР001007516;967.00
5057;молдинг 1.51.344;1.51.344;Нет;ВР001007518;987.00
5058;молдинг 1.51.351;1.51.351;Нет;ВР000005561;967.00
5059;молдинг 1.51.380;1.51.380;Нет;ВР000004027;2171.00
5060;молдинг 1.51.401;1.51.401;Нет;ВР000005728;743.00
5061;молдинг 1.51.323;1.51.323;Нет;ВР001022870;768.00
5062;молдинг 1.51.339;1.51.339;Нет;ВР001023833;967.00
5063;молдинг 1.51.331;1.51.331;Нет;ВР001023821;1007.00
5064;молдинг 1.51.336;1.51.336;Нет;ВР001023829;949.00
5065;молдинг 1.51.334;1.51.334;Нет;ВР001023825;916.00
5066;молдинг 1.51.335;1.51.335;Нет;ВР001023827;1009.00
5067;молдинг 1.51.337;1.51.337;Нет;ВР001023831;987.00
5068;молдинг 1.51.348;1.51.348;Нет;ВР002025333;955.00
5069;молдинг 1.51.349;1.51.349;Нет;ВР002025335;1572.00
5070;молдинг 1.51.329;1.51.329;Нет;ВР001023819;783.00
5071;молдинг 1.51.347;1.51.347;Нет;ВР002025135;1500.00
5072;молдинг 1.51.355;1.51.355;Нет;ВР002025434;1553.00
5073;молдинг 1.51.354;1.51.354;Нет;ВР002025432;989.00
5074;молдинг 1.51.311 гибкий;1.51.311;Да;ВР002028473;3144.00
5075;молдинг 1.51.314 гибкий;1.51.314;Да;ВР002028476;1910.00
5076;молдинг 1.51.327 гибкий;1.51.327;Да;ВР002028488;2603.00
5077;молдинг 1.51.301 гибкий;1.51.301;Да;ВР002028463;1639.00
5078;молдинг 1.51.305 гибкий;1.51.305;Да;ВР002028467;1571.00
5079;молдинг 1.51.321 гибкий;1.51.321;Да;ВР002028482;1481.00
5080;молдинг 1.51.400 гибкий;1.51.400;Да;ВР002028520;1578.00
5081;молдинг 1.51.302 гибкий;1.51.302;Да;ВР002028464;1888.00
5082;молдинг 1.51.303 гибкий;1.51.303;Да;ВР002028465;2046.00
5083;молдинг 1.51.304 гибкий;1.51.304;Да;ВР002028466;1934.00
5084;молдинг 1.51.306 гибкий;1.51.306;Да;ВР002028468;1613.00
5085;молдинг 1.51.307 гибкий;1.51.307;Да;ВР002028469;3054.00
5086;молдинг 1.51.324 гибкий;1.51.324;Да;ВР002028485;1481.00
5087;молдинг 1.51.352 гибкий;1.51.352;Да;ВР002028511;1829.00
5088;молдинг 1.51.325 гибкий;1.51.325;Да;ВР002028486;3252.00
5089;молдинг 1.51.312 гибкий;1.51.312;Да;ВР002028474;1800.00
5090;молдинг 1.51.332 гибкий;1.51.332;Да;ВР002028493;1897.00
5091;молдинг 1.51.350 гибкий;1.51.350;Да;ВР002028509;3276.00
5092;молдинг 1.51.326 гибкий;1.51.326;Да;ВР002028487;1884.00
5093;молдинг 1.51.308 гибкий;1.51.308;Да;ВР002028470;1800.00
5094;молдинг 1.51.309 гибкий;1.51.309;Да;ВР002028471;2013.00
5095;молдинг 1.51.310 гибкий;1.51.310;Да;ВР002028472;3054.00
5096;молдинг 1.51.313 гибкий;1.51.313;Да;ВР002028475;1910.00
5097;молдинг 1.51.315 гибкий;1.51.315;Да;ВР002028477;1976.00
5098;молдинг 1.51.316 гибкий;1.51.316;Да;ВР002028478;1829.00
5099;молдинг 1.51.317 гибкий;1.51.317;Да;ВР002028479;2891.00
5100;молдинг 1.51.318 гибкий;1.51.318;Да;ВР002028480;2046.00
5101;молдинг 1.51.319 гибкий;1.51.319;Да;ВР002028481;3305.00
5102;молдинг 1.51.320 гибкий;1.51.320;Да;ВР002028566;3144.00
5103;молдинг 1.51.322 гибкий;1.51.322;Да;ВР002028483;1510.00
5104;молдинг 1.51.328 гибкий;1.51.328;Да;ВР002028489;1884.00
5105;молдинг 1.51.330 гибкий;1.51.330;Да;ВР002028491;1985.00
5107;молдинг 1.51.340 гибкий;1.51.340;Да;ВР002028500;1862.00
5108;молдинг 1.51.341 гибкий;1.51.341;Да;ВР002028501;2049.00
5109;молдинг 1.51.342 гибкий;1.51.342;Да;ВР002028502;1974.00
5110;молдинг 1.51.343 гибкий;1.51.343;Да;ВР002028503;1934.00
5111;молдинг 1.51.344 гибкий;1.51.344;Да;ВР002028504;1974.00
5112;молдинг 1.51.351 гибкий;1.51.351;Да;ВР002028510;1934.00
5113;молдинг 1.51.380 гибкий;1.51.380;Да;ВР002028519;4341.00
5114;молдинг 1.51.401 гибкий;1.51.401;Да;ВР002028521;1485.00
5115;молдинг 1.51.323 гибкий;1.51.323;Да;ВР002028484;1536.00
5116;молдинг 1.51.339 гибкий;1.51.339;Да;ВР002028499;1934.00
5117;молдинг 1.51.331 гибкий;1.51.331;Да;ВР002028492;2013.00
5118;молдинг 1.51.336 гибкий;1.51.336;Да;ВР002028497;1897.00
5119;молдинг 1.51.334 гибкий;1.51.334;Да;ВР002028495;1831.00
5120;молдинг 1.51.335 гибкий;1.51.335;Да;ВР002028496;2018.00
5121;молдинг 1.51.337 гибкий;1.51.337;Да;ВР002028498;1974.00
5122;молдинг 1.51.348 гибкий;1.51.348;Да;ВР002028507;1910.00
5123;молдинг 1.51.349 гибкий;1.51.349;Да;ВР002028508;3144.00
5124;молдинг 1.51.329 гибкий;1.51.329;Да;ВР002028490;1565.00
5125;молдинг 1.51.347 гибкий;1.51.347;Да;ВР002028506;2999.00
5126;молдинг 1.51.355 гибкий;1.51.355;Да;ВР002028514;3105.00
5127;молдинг 1.51.354 гибкий;1.51.354;Да;ВР002028513;1978.00
5128;плинтус 1.53.102;1.53.102;Нет;ВР000004322;1731.00
5129;плинтус 1.53.103;1.53.103;Нет;ВР000004323;1572.00
5130;плинтус 1.53.104;1.53.104;Нет;ВР001005248;1615.00
5131;плинтус 1.53.105;1.53.105;Нет;ВР001022003;1781.00
5132;плинтус 1.53.106;1.53.106;Нет;ВР001022873;1448.00
5133;плинтус 1.53.107;1.53.107;Нет;ВР001022874;1392.00
5134;плинтус 1.53.109;1.53.109;Нет;ВР002025436;1558.00
5135;плинтус 1.53.101;1.53.101;Нет;ВР000004321;1675.00
5136;плинтус 1.53.102 гибкий;1.53.102;Да;ВР002028523;3461.00
5137;плинтус 1.53.103 гибкий;1.53.103;Да;ВР002028524;3144.00
5138;плинтус 1.53.104 гибкий;1.53.104;Да;ВР002028527;3230.00
5139;плинтус 1.53.105 гибкий;1.53.105;Да;ВР002028528;3562.00
5140;плинтус 1.53.106 гибкий;1.53.106;Да;ВР002028529;2896.00
5141;плинтус 1.53.107 гибкий;1.53.107;Да;ВР002028530;2783.00
5142;плинтус 1.53.109 гибкий;1.53.109;Да;ВР002028531;3116.00
5143;плинтус 1.53.101 гибкий;1.53.101;Да;ВР002028522;3349.00
5144;угловой элемент 1.52.326;1.52.326;Нет;ВР000004306;827.00
5145;угловой элемент 1.52.301;1.52.301;Нет;ВР000001080;708.00
5146;угловой элемент 1.52.302;1.52.302;Нет;ВР000001300;726.00
5147;угловой элемент 1.52.290;1.52.290;Нет;ВР000001732;768.00
5148;угловой элемент 1.52.293;1.52.293;Нет;ВР000001733;768.00
5149;угловой элемент 1.52.292;1.52.292;Нет;ВР000001755;786.00
5150;угловой элемент 1.52.288;1.52.288;Нет;ВР000005304;802.00
5151;угловой элемент 1.52.294;1.52.294;Нет;ВР000001643;802.00
5152;угловой элемент 1.52.291;1.52.291;Нет;ВР000001731;732.00
5153;угловой элемент 1.52.295;1.52.295;Нет;ВР000001734;732.00
5154;угловой элемент 1.52.328;1.52.328;Нет;ВР000005640;732.00
5155;угловой элемент 1.52.400;1.52.400;Нет;ВР000005828;772.00
5156;угловой элемент 1.52.289;1.52.289;Нет;ВР000005338;710.00
5157;угловой элемент 1.52.296;1.52.296;Нет;ВР000001774;879.00
5158;угловой элемент 1.52.297;1.52.297;Нет;ВР000005406;717.00
5159;угловой элемент 1.52.298;1.52.298;Нет;ВР000004320;717.00
5160;угловой элемент 1.52.300;1.52.300;Нет;ВР000005506;732.00
5161;угловой элемент 1.52.303;1.52.303;Нет;ВР000005507;732.00
5162;угловой элемент 1.52.308;1.52.308;Нет;ВР000001351;701.00
5163;угловой элемент 1.52.312;1.52.312;Нет;ВР000001679;708.00
5164;угловой элемент 1.52.313;1.52.313;Нет;ВР000004280;1515.00
5165;угловой элемент 1.52.314;1.52.314;Нет;ВР000001775;879.00
5166;угловой элемент 1.52.318;1.52.318;Нет;ВР000004383;750.00
5167;кронштейн 1.19.001;1.19.001;Нет;ВР000001447;2045.00
5168;кронштейн 1.19.137;1.19.137;Нет;ВР000001828;302.00
5169;кронштейн 1.19.002;1.19.002;Нет;ВР000001352;1531.00
5170;кронштейн 1.19.005;1.19.005;Нет;ВР000001928;1691.00
5171;кронштейн 1.19.003;1.19.003;Нет;ВР000001450;1535.00
5172;кронштейн 1.19.004;1.19.004;Нет;ВР000001866;1536.00
5174;розетка 1.56.017;1.56.017;Нет;ВР000001180;2158.00
5175;розетка 1.56.001;1.56.001;Нет;ВР000005505;2937.00
5176;розетка 1.56.002;1.56.002;Нет;ВР001023635;2088.00
5177;розетка 1.56.004;1.56.004;Нет;ВР001023637;1703.00
5178;розетка 1.56.007;1.56.007;Нет;ВР001023640;1766.00
5179;розетка 1.56.013;1.56.013;Нет;ВР000001069;1166.00
5180;розетка 1.56.014;1.56.014;Нет;ВР000001070;1215.00
5181;розетка 1.56.015;1.56.015;Нет;ВР000001071;2295.00
5182;розетка 1.56.016;1.56.016;Нет;ВР000001075;2088.00
5183;розетка 1.56.018;1.56.018;Нет;ВР000004236;4083.00
5184;розетка 1.56.019;1.56.019;Нет;ВР000001773;2229.00
5185;розетка 1.56.020;1.56.020;Нет;ВР000005129;2229.00
5186;розетка 1.56.022;1.56.022;Нет;ВР000001482;2088.00
5187;розетка 1.56.023;1.56.023;Нет;ВР000001294;2862.00
5188;розетка 1.56.024;1.56.024;Нет;ВР000001483;2158.00
5189;розетка 1.56.025;1.56.025;Нет;ВР000001295;5377.00
5190;розетка 1.56.005;1.56.005;Нет;ВР001023638;2859.00
5191;розетка 1.56.010;1.56.010;Нет;ВР001023642;710.00
5192;розетка 1.56.028;1.56.028;Нет;ВР000004029;3988.00
5193;розетка 1.56.029;1.56.029;Нет;ВР000004030;2937.00
5194;розетка 1.56.030;1.56.030;Нет;ВР000002943;1251.00
5195;розетка 1.56.003;1.56.003;Нет;ВР001023636;2229.00
5196;розетка 1.56.031;1.56.031;Нет;ВР000002928;2862.00
5197;розетка 1.56.021;1.56.021;Нет;ВР000001273;2295.00
5198;розетка 1.56.026;1.56.026;Нет;ВР000001179;3892.00
5199;розетка 1.56.006;1.56.006;Нет;ВР001023639;1190.00
5200;розетка 1.56.009;1.56.009;Нет;ВР001023641;1215.00
5201;розетка 1.56.032;1.56.032;Нет;ВР001024045;1239.00
5202;розетка 1.56.011;1.56.011;Нет;ВР001024042;701.00
5203;розетка 1.56.037;1.56.037;Нет;ВР002025332;1216.00
5204;розетка 1.56.034;1.56.034;Нет;ВР002025309;2159.00
5205;розетка 1.56.033;1.56.033;Нет;ВР002025286;2088.00
5206;розетка 1.56.038;1.56.038;Нет;ВР002025331;1287.00
5207;розетка 1.56.012;1.56.012;Нет;ВР001024043;2229.00
5208;розетка 1.56.027;1.56.027;Нет;ВР001024044;1186.00
5209;розетка 1.56.039;1.56.039;Нет;ВР002025330;2976.00
5210;розетка 1.56.035;1.56.035;Нет;ВР002025310;2158.00
5211;розетка 1.56.042;1.56.042;Нет;ВР002025488;710.00
5212;орнамент 1.60.114;1.60.114;Нет;ВР000001839;883.00
5213;орнамент 1.60.014;1.60.014;Нет;ВР000001838;883.00
5214;орнамент 1.60.011;1.60.011;Нет;ВР000001660;384.00
5215;орнамент 1.60.111;1.60.111;Нет;ВР000001661;384.00
5216;орнамент 1.60.007;1.60.007;Нет;ВР000001814;357.00
5217;орнамент 1.60.005;1.60.005;Нет;ВР000001826;357.00
5218;орнамент 1.60.012;1.60.012;Нет;ВР000001840;956.00
5219;орнамент 1.60.008;1.60.008;Нет;ВР000001754;336.00
5220;орнамент 1.60.010;1.60.010;Нет;ВР000001816;345.00
5221;орнамент 1.60.002;1.60.002;Нет;ВР000001359;385.00
5222;орнамент 1.60.003;1.60.003;Нет;ВР000001984;336.00
5223;орнамент 1.60.004;1.60.004;Нет;ВР000001985;345.00
5224;орнамент 1.60.006;1.60.006;Нет;ВР000001616;349.00
5225;орнамент 1.60.009;1.60.009;Нет;ВР000001813;345.00
5226;орнамент 1.60.015;1.60.015;Нет;ВР000002573;360.00
5227;орнамент 1.60.017;1.60.017;Нет;ВР000002465;387.00
5228;орнамент 1.60.018;1.60.018;Нет;ВР000002574;399.00
5229;орнамент 1.60.019;1.60.019;Нет;ВР000002575;956.00
5230;орнамент 1.60.108;1.60.108;Нет;ВР000001756;336.00
5231;орнамент 1.60.109;1.60.109;Нет;ВР000001815;345.00
5232;орнамент 1.60.110;1.60.110;Нет;ВР000001817;345.00
5233;орнамент 1.60.001;1.60.001;Нет;ВР000001358;350.00
5234;кессон 1.57.002;1.57.002;Нет;ВР001022065;2684.00
5235;кессон 1.57.003;1.57.003;Нет;ВР001022066;2825.00
5236;кессон 1.57.001;1.57.001;Нет;ВР000005512;2473.00
5237;кессон 1.57.004;1.57.004;Нет;ВР001022067;3666.00
5238;купол 1.58.001;1.58.001;Нет;ВР000004391;13518.00
5239;капитель 1.11.001;1.11.001;Нет;ВР000004174;11788.00
5240;капитель 1.11.010;1.11.010;Нет;ВР001021828;6405.00
5241;капитель 1.11.003;1.11.003;Нет;ВР000001977;9157.00
5242;капитель 1.11.002;1.11.002;Нет;ВР000001288;6803.00
5243;капитель 1.11.004;1.11.004;Нет;ВР000005449;9157.00
5244;капитель 1.11.005;1.11.005;Нет;ВР001003797;4719.00
5245;капитель 1.11.006;1.11.006;Нет;ВР001003798;8788.00
5246;капитель 1.11.008;1.11.008;Нет;ВР001021826;5327.00
5247;капитель 1.11.009;1.11.009;Нет;ВР001021827;5304.00
5248;капитель 1.15.002;1.15.002;Нет;ВР000001227;2904.00
5249;капитель 1.15.003;1.15.003;Нет;ВР000001871;4084.00
5250;капитель 1.15.004;1.15.004;Нет;ВР001002928;4084.00
5251;капитель 1.15.005;1.15.005;Нет;ВР000004376;2118.00
5252;капитель 1.15.006;1.15.006;Нет;ВР001000031;3925.00
5253;капитель 1.15.008;1.15.008;Нет;ВР001005249;2666.00
5254;капитель 1.15.001;1.15.001;Нет;ВР000001187;4989.00
5255;капитель 1.15.009;1.15.009;Нет;ВР001005243;2650.00
5256;капитель 1.15.010;1.15.010;Нет;ВР001005247;3205.00
5257;капитель 1.21.003;1.21.003;Нет;ВР000001301;1822.00
5258;капитель 1.21.001;1.21.001;Нет;ВР000001181;1637.00
5259;капитель 1.21.002;1.21.002;Нет;ВР000001178;2082.00
5260;капитель 1.21.004;1.21.004;Нет;ВР000001444;1905.00
5261;капитель 1.21.005;1.21.005;Нет;ВР000002089;2053.00
5262;капитель 1.21.006;1.21.006;Нет;ВР000001927;1945.00
5263;капитель 1.21.007;1.21.007;Нет;ВР000001389;1843.00
5264;ствол 1.12.020;1.12.020;Нет;ВР000005788;17226.00
5265;ствол 1.12.010;1.12.010;Нет;ВР000004146;17226.00
5266;ствол 1.12.030;1.12.030;Нет;ВР000002050;21940.00
5267;ствол 1.12.050;1.12.050;Нет;ВР001003796;10144.00
5268;ствол 1.12.060;1.12.060;Нет;ВР001021829;9262.00
5269;ствол 1.12.061;1.12.061;Нет;ВР001021830;12510.00
5270;ствол 1.12.080;1.12.080;Нет;ВР001021833;9262.00
5271;ствол 1.12.081;1.12.081;Нет;ВР001021834;12510.00
5272;ствол 1.12.070;1.12.070;Нет;ВР001021831;9262.00
5273;ствол 1.12.071;1.12.071;Нет;ВР001021832;12510.00
5274;ствол 1.16.080;1.16.080;Нет;ВР001005244;4633.00
5275;ствол 1.16.081;1.16.081;Нет;ВР001005245;6256.00
5276;ствол 1.16.030;1.16.030;Нет;ВР000002066;10064.00
5277;ствол 1.16.070;1.16.070;Нет;ВР001005241;4633.00
5278;ствол 1.16.050;1.16.050;Нет;ВР000004381;4536.00
5279;ствол 1.16.060;1.16.060;Нет;ВР001005250;4633.00
5280;ствол 1.16.071;1.16.071;Нет;ВР001005242;6256.00
5281;ствол 1.16.010;1.16.010;Нет;ВР000001188;7711.00
5282;ствол 1.16.011;1.16.011;Нет;ВР001023851;7924.00
5283;ствол 1.16.020;1.16.020;Нет;ВР000004390;7711.00
5284;ствол 1.16.061;1.16.061;Нет;ВР001005251;6256.00
5285;ствол 1.22.010;1.22.010;Нет;ВР000001184;2378.00
5286;ствол 1.22.020;1.22.020;Нет;ВР000001484;3751.00
5287;ствол 1.22.030;1.22.030;Нет;ВР000001287;2862.00
5288;ствол 1.22.200;1.22.200;Нет;ВР000004307;4304.00
5289;ствол 1.22.040;1.22.040;Нет;ВР000001446;3043.00
5290;кольцо 1.11.100;1.11.100;Нет;ВР000002416;289.00
5291;кольцо 1.11.200;1.11.200;Нет;ВР000002396;289.00
5292;кольцо 1.11.300;1.11.300;Нет;ВР000005433;418.00
5293;кольцо 1.15.100;1.15.100;Нет;ВР000002417;146.00
5294;кольцо 1.15.200;1.15.200;Нет;ВР000002408;146.00
5295;кольцо 1.15.300;1.15.300;Нет;ВР001003054;215.00
5296;база 1.13.900;1.13.900;Нет;ВР001021837;4210.00
5297;база 1.13.300;1.13.300;Нет;ВР000002088;15864.00
5298;база 1.13.400;1.13.400;Нет;ВР000002051;7028.00
5299;база 1.13.800;1.13.800;Нет;ВР001021836;4210.00
5300;база 1.13.500;1.13.500;Нет;ВР001003799;4719.00
5301;база 1.13.100;1.13.100;Нет;ВР000001305;12238.00
5302;база 1.13.200;1.13.200;Нет;ВР000001289;6080.00
5303;база 1.13.700;1.13.700;Нет;ВР001021835;4127.00
5304;база 1.17.900;1.17.900;Нет;ВР001005246;2106.00
5305;база 1.17.300;1.17.300;Нет;ВР000002065;7257.00
5306;база 1.17.400;1.17.400;Нет;ВР000002077;3177.00
5307;база 1.17.100;1.17.100;Нет;ВР000001186;5443.00
5308;база 1.17.800;1.17.800;Нет;ВР001005240;2106.00
5309;база 1.17.500;1.17.500;Нет;ВР000004377;2118.00
5310;база 1.17.600;1.17.600;Нет;ВР000004378;3968.00
5311;база 1.17.700;1.17.700;Нет;ВР001005252;2065.00
5312;база 1.17.200;1.17.200;Нет;ВР000001291;2362.00
5313;база 1.23.100;1.23.100;Нет;ВР000001185;1945.00
5314;база 1.23.200;1.23.200;Нет;ВР000001225;2782.00
5315;база 1.23.300;1.23.300;Нет;ВР000001286;2195.00
5316;база 1.23.400;1.23.400;Нет;ВР000001445;2972.00
5317;база 1.23.500;1.23.500;Нет;ВР000002096;2134.00
5318;пьедестал 1.14.001;1.14.001;Нет;ВР001021839;8202.00
5319;пьедестал 1.14.002;1.14.002;Нет;ВР001021840;8660.00
5320;пьедестал 1.14.003;1.14.003;Нет;ВР001021841;8660.00
5321;пьедестал 1.18.001;1.18.001;Нет;ВР001005254;4331.00
5322;пьедестал 1.18.002;1.18.002;Нет;ВР001005255;4105.00
5323;пьедестал 1.18.003;1.18.003;Нет;ВР001005256;4331.00
5324;база 1.54.010;1.54.010;Нет;ВР000001172;917.00
5325;обрамление арок 1.55.003;1.55.003;Нет;ВР000001173;371.00
5326;обрамление арок 1.55.004;1.55.004;Нет;ВР000001388;385.00
5327;обрамление арок 1.55.001;1.55.001;Нет;ВР000001163;1051.00
5328;замковый камень 1.55.005;1.55.005;Нет;ВР000001174;384.00
5329;обрамление арок 1.55.002;1.55.002;Нет;ВР000001164;1051.00
5330;база 1.54.020;1.54.020;Нет;ВР000001171;831.00
5331;боковой элемент 1.54.009;1.54.009;Нет;ВР000003309;362.00
5332;боковой элемент 1.54.019;1.54.019;Нет;ВР000003310;362.00
5333;квадрат 1.54.001;1.54.001;Нет;ВР000001176;330.00
5334;квадрат 1.54.002;1.54.002;Нет;ВР000001339;319.00
5335;наличник 1.54.003;1.54.003;Нет;ВР000003311;1322.00
5336;наличник 1.54.004;1.54.004;Нет;ВР000003312;2215.00
5337;элемент 1.54.008;1.54.008;Нет;ВР000003308;372.00
5338;элемент 1.54.006;1.54.006;Нет;ВР000004031;455.00
5339;элемент 1.54.005;1.54.005;Нет;ВР000003307;439.00
5340;элемент 1.54.007;1.54.007;Нет;ВР000004048;360.00
5341;элемент 1.54.012;1.54.012;Нет;ВР000002570;908.00
5342;элемент 1.54.011;1.54.011;Нет;ВР000004207;896.00
5343;ствол 1.12.011;1.12.011;Нет;ВР002027813;17743.00
5861;карниз 1.50.205;1.50.205;Нет;ВР002025471;1209.00
5862;карниз 1.50.196 гибкий;1.50.196;Да;ВР002028425;2295.00
5863;карниз 1.50.198 гибкий;1.50.198;Да;ВР002028427;2486.00
5864;карниз 1.50.201 гибкий;1.50.201;Да;ВР002028430;5608.00
5865;карниз 1.50.205 гибкий;1.50.205;Да;ВР002028434;2418.00
5866;молдинг 1.51.345;1.51.345;Нет;ВР001024046;1553.00
5867;молдинг 1.51.357;1.51.357;Нет;ВР002025481;934.00
5868;молдинг 1.51.358;1.51.358;Нет;ВР002025483;1451.00
5869;молдинг 1.51.361;1.51.361;Нет;ВР002025525;1009.00
5870;молдинг 1.51.381;1.51.381;Нет;ВР002025577;2393.00
5871;молдинг 1.51.345 гибкий;1.51.345;Да;ВР002028505;3105.00
5872;молдинг 1.51.357 гибкий;1.51.357;Да;ВР002028516;1868.00
5873;молдинг 1.51.358 гибкий;1.51.358;Да;ВР002028517;2902.00
5874;молдинг 1.51.361 гибкий;1.51.361;Да;ВР002028518;2018.00
5875;молдинг 1.51.381 гибкий;1.51.381;Да;ВР002028598;4785.00
5876;архитрав 1.26.001;1.26.001;Нет;ВР001006945;2545.00
5877;архитрав 1.26.002;1.26.002;Нет;ВР001006946;2545.00
5878;архитрав 1.26.003;1.26.003;Нет;ВР001006947;2606.00
5879;розетка 1.56.036;1.56.036;Нет;ВР002025308;4634.00
5880;база 1.13.600;1.13.600;Нет;ВР001003800;8318.00
5881;ниша 1.61.101;1.61.101;Нет;ВР000001870;5087.00
5882;ниша 1.61.102;1.61.102;Нет;ВР000002941;7795.00
5883;ниша с полкой 1.61.110;1.61.110;Нет;ВР002029798;4710.00
5884;ниша с полкой 1.61.120;1.61.120;Нет;ВР002029799;9619.00
5885;сандрик 1.63.001;1.63.001;Нет;ВР002025528;2631.00
5886;сандрик 1.63.002;1.63.002;Нет;ВР002025529;2474.00
5887;карниз 4.02.201;4.02.201;Нет;ВР001022585;10609.00
5888;карниз 4.01.201;4.01.201;Нет;ВР001005004;10762.00
5889;карниз 4.01.101;4.01.101;Нет;ВР001004934;9224.00
5890;карниз 4.01.301;4.01.301;Нет;ВР001005064;9994.00
5891;карниз 4.32.202;4.32.202;Нет;ВР001005050;7687.00
5892;карниз 4.01.103;4.01.103;Нет;ВР001004938;13837.00
5893;карниз 4.31.301;4.31.301;Нет;ВР001005085;9224.00
5894;карниз 4.32.201;4.32.201;Нет;ВР001005046;7687.00
5895;карниз 4.81.002;4.81.002;Нет;ВР001004998;6919.00
5896;карниз 4.32.302;4.32.302;Нет;ВР001005112;7073.00
5897;карниз 4.01.202;4.01.202;Нет;ВР001005008;11532.00
5898;карниз 4.01.302;4.01.302;Нет;ВР001005068;10762.00
5899;карниз 4.02.101;4.02.101;Нет;ВР001022586;11532.00
5900;карниз 4.31.101;4.31.101;Нет;ВР001004957;11992.00
5901;карниз 4.31.201;4.31.201;Нет;ВР001005024;7687.00
5902;карниз 4.31.202;4.31.202;Нет;ВР001005028;8457.00
5903;карниз 4.31.302;4.31.302;Нет;ВР001005089;7687.00
5904;карниз 4.32.101;4.32.101;Нет;ВР001004976;6149.00
5905;карниз 4.32.301;4.32.301;Нет;ВР001005108;7687.00
5906;карниз 4.81.001;4.81.001;Нет;ВР001004994;5690.00
5907;карниз 4.02.301;4.02.301;Нет;ВР001022580;11532.00
5908;фриз 4.03.101;4.03.101;Нет;ВР001004944;5383.00
5909;фриз 4.03.102;4.03.102;Нет;ВР001022588;5228.00
5910;фриз 4.03.201;4.03.201;Нет;ВР001005012;3845.00
5911;фриз 4.03.202;4.03.202;Нет;ВР001022584;4306.00
5912;фриз 4.03.301;4.03.301;Нет;ВР001005074;2768.00
5913;фриз 4.33.301;4.33.301;Нет;ВР001005093;2768.00
5914;фриз 4.03.302;4.03.302;Нет;ВР001022581;4306.00
5915;фриз 4.33.101;4.33.101;Нет;ВР001004970;4613.00
5916;фриз 4.33.102;4.33.102;Нет;ВР001004984;2308.00
5917;фриз 4.33.201;4.33.201;Нет;ВР001005032;5383.00
5918;фриз 4.33.202;4.33.202;Нет;ВР001005054;2923.00
5919;архитрав 4.04.201;4.04.201;Нет;ВР001005014;3845.00
5920;архитрав 4.34.201;4.34.201;Нет;ВР001005034;3537.00
5921;архитрав 4.34.202;4.34.202;Нет;ВР001005056;3075.00
5922;архитрав 4.04.101;4.04.101;Нет;ВР001004942;3075.00
5923;архитрав 4.04.102;4.04.102;Нет;ВР001022587;4152.00
5924;архитрав 4.04.202;4.04.202;Нет;ВР001022583;4921.00
5925;архитрав 4.04.301;4.04.301;Нет;ВР001005071;2923.00
5926;архитрав 4.04.302;4.04.302;Нет;ВР001022582;4921.00
5927;архитрав 4.34.101;4.34.101;Нет;ВР001004968;4613.00
5928;архитрав 4.34.102;4.34.102;Нет;ВР001004986;2768.00
5929;архитрав 4.34.301;4.34.301;Нет;ВР001005095;3845.00
5930;архитрав 4.34.302;4.34.302;Нет;ВР001005118;2768.00
5931;балясина 4.71.101;4.71.101;Нет;ВР001022924;2308.00
5932;балясина 4.71.201;4.71.201;Нет;ВР001023164;2000.00
5933;столб 4.75.101;4.75.101;Нет;ВР001023167;7687.00
5934;столб 4.75.201;4.75.201;Нет;ВР001023168;6149.00
5935;крышка (пирамида) 4.76.101;4.76.101;Нет;ВР001023169;1231.00
5936;крышка (пирамида) 4.76.201;4.76.201;Нет;ВР001023170;695.00
5937;крышка столба (плоская) 4.73.101;4.73.101;Нет;ВР002025317;1003.00
5938;крышка столба (плоская) 4.73.201;4.73.201;Нет;ВР002025318;770.00
5939;крышка (шар) 4.77.101;4.77.101;Нет;ВР001023309;1231.00
5940;крышка (шар) 4.77.201;4.77.201;Нет;ВР001023310;1003.00
5941;основание 4.74.101;4.74.101;Нет;ВР001022926;13068.00
5942;основание 4.74.201;4.74.201;Нет;ВР001023165;10762.00
5943;поручень 4.72.101;4.72.101;Нет;ВР001022925;11225.00
5944;поручень 4.72.201;4.72.201;Нет;ВР001023166;9994.00
5945;наличник 4.84.001;4.84.001;Нет;ВР001004990;3845.00
5946;наличник 4.84.002;4.84.002;Нет;ВР001022044;3317.00
5947;наличник 4.84.003;4.84.003;Нет;ВР001022045;2558.00
5948;наличник 4.84.051;4.84.051;Нет;ВР001023652;3998.00
5949;наличник 4.84.052;4.84.052;Нет;ВР001023653;3166.00
5950;наличник 4.84.053;4.84.053;Нет;ВР001023654;2416.00
5951;арочное обрамление 4.87.031;4.87.031;Нет;ВР001022561;3537.00
5952;арочное обрамление 4.87.032;4.87.032;Нет;ВР001022558;2846.00
5953;арочное обрамление 4.87.033;4.87.033;Нет;ВР001022555;1846.00
5954;замковый камень 4.85.001;4.85.001;Нет;ВР001004993;1048.00
5955;замковый камень 4.85.002;4.85.002;Нет;ВР001022061;923.00
5956;замковый камень 4.85.003;4.85.003;Нет;ВР001022062;923.00
5957;подоконный элемент 4.82.001;4.82.001;Нет;ВР001004991;4613.00
5958;подоконный элемент 4.82.002;4.82.002;Нет;ВР001022047;3075.00
5959;подоконный элемент 4.82.003;4.82.003;Нет;ВР001022046;3075.00
5960;подоконный элемент 4.82.101;4.82.101;Нет;ВР001004973;2231.00
5961;подоконный элемент 4.82.201;4.82.201;Нет;ВР001005044;2308.00
5962;подоконный элемент 4.82.202;4.82.202;Нет;ВР001005062;2308.00
5963;подоконный элемент 4.82.301;4.82.301;Нет;ВР001005107;2308.00
5964;подоконный элемент 4.82.302;4.82.302;Нет;ВР001005125;2308.00
5965;кронштейн-пьедестал 4.83.101;4.83.101;Нет;ВР001004972;2460.00
5966;кронштейн-пьедестал 4.83.102;4.83.102;Нет;ВР001004989;1501.00
5967;кронштейн-пьедестал 4.83.201;4.83.201;Нет;ВР001005045;1693.00
5968;кронштейн-пьедестал 4.83.202;4.83.202;Нет;ВР001005063;1733.00
5969;кронштейн-пьедестал 4.83.301;4.83.301;Нет;ВР001005105;1538.00
5970;кронштейн-пьедестал 4.83.302;4.83.302;Нет;ВР001005126;1384.00
5971;руст 4.86.003;4.86.003;Нет;ВР001024402;1003.00
5972;руст 4.86.004;4.86.004;Нет;ВР001024403;616.00
5973;руст 4.86.005;4.86.005;Нет;ВР002025465;1003.00
5974;руст 4.86.001;4.86.001;Нет;ВР001005002;1693.00
5975;руст 4.86.002;4.86.002;Нет;ВР001005003;1077.00
5982;угловой элемент 1.52.361;1.52.361;Нет;ВР002025527;802.00
5983;база 4.17.302;4.17.302;Нет;ВР001005079;2153.00
5984;база 4.53.201;4.53.201;Нет;ВР001005061;810.00
5985;база 4.53.301;4.53.301;Нет;ВР001005123;579.00
5986;база 4.17.101;4.17.101;Нет;ВР001004952;2153.00
5987;база 4.17.201;4.17.201;Нет;ВР001005018;2153.00
5988;база 4.17.202;4.17.202;Нет;ВР001005019;1538.00
5989;база 4.17.301;4.17.301;Нет;ВР001005078;1693.00
5990;база 4.23.101;4.23.101;Нет;ВР001022016;1617.00
5991;база 4.23.201;4.23.201;Нет;ВР001022017;1617.00
5992;база 4.23.301;4.23.301;Нет;ВР001022018;1617.00
5993;база 4.43.101;4.43.101;Нет;ВР001004966;1929.00
5994;база 4.43.201;4.43.201;Нет;ВР001005042;1778.00
5995;база 4.43.202;4.43.202;Нет;ВР001005043;2031.00
5996;база 4.43.301;4.43.301;Нет;ВР001005099;2031.00
5997;база 4.43.302;4.43.302;Нет;ВР001005100;2031.00
5998;база 4.47.101;4.47.101;Нет;ВР001004963;878.00
5999;база 4.47.201;4.47.201;Нет;ВР001005038;810.00
6000;база 4.47.202;4.47.202;Нет;ВР001005039;923.00
6001;база 4.47.301;4.47.301;Нет;ВР001005103;923.00
6002;база 4.47.302;4.47.302;Нет;ВР001005104;923.00
6003;база 4.53.101;4.53.101;Нет;ВР001004983;695.00
6004;база 4.53.302;4.53.302;Нет;ВР001005124;579.00
6005;база 4.13.101;4.13.101;Нет;ВР001004956;4736.00
6006;база 4.13.201;4.13.201;Нет;ВР001005022;4736.00
6007;база 4.13.202;4.13.202;Нет;ВР001005023;3384.00
6008;база 4.13.301;4.13.301;Нет;ВР001005082;3723.00
6009;база 4.13.302;4.13.302;Нет;ВР001005083;4736.00
6010;база 4.17.002;4.17.002;Нет;ВР002025407;2923.00
6011;база 4.17.001;4.17.001;Нет;ВР002025167;2615.00
6012;капитель 4.51.301;4.51.301;Нет;ВР001005120;923.00
6013;капитель 4.15.101;4.15.101;Нет;ВР001004949;2077.00
6014;капитель 4.15.201;4.15.201;Нет;ВР001005016;1846.00
6015;капитель 4.15.301;4.15.301;Нет;ВР001005076;2615.00
6016;капитель 4.21.101;4.21.101;Нет;ВР001022010;1617.00
6017;капитель 4.21.201;4.21.201;Нет;ВР001022011;1617.00
6018;капитель 4.21.301;4.21.301;Нет;ВР001022012;2308.00
6019;капитель 4.41.101;4.41.101;Нет;ВР001004964;2691.00
6020;капитель 4.41.201;4.41.201;Нет;ВР001005040;1778.00
6021;капитель 4.41.301;4.41.301;Нет;ВР001005097;2031.00
6022;капитель 4.45.101;4.45.101;Нет;ВР001004961;1224.00
6023;капитель 4.45.201;4.45.201;Нет;ВР001005036;810.00
6024;капитель 4.45.301;4.45.301;Нет;ВР001005101;923.00
6025;капитель 4.51.101;4.51.101;Нет;ВР001004980;695.00
6026;капитель 4.51.201;4.51.201;Нет;ВР001005058;695.00
6027;капитель 4.11.101;4.11.101;Нет;ВР001004953;4569.00
6028;капитель 4.11.201;4.11.201;Нет;ВР001005020;4061.00
6029;капитель 4.11.301;4.11.301;Нет;ВР001005080;5750.00
6030;капитель 4.15.102;4.15.102;Нет;ВР002025160;3461.00
6031;регул 4.37.101;4.37.101;Нет;ВР001004975;203.00
6032;регул 4.07.101;4.07.101;Нет;ВР001004948;203.00
6033;мутул 4.05.102;4.05.102;Нет;ВР001022589;1039.00
6034;мутул 4.35.102;4.35.102;Нет;ВР001004988;310.00
6035;мутул 4.35.101;4.35.101;Нет;ВР001004974;402.00
6036;мутул 4.05.101;4.05.101;Нет;ВР001004947;1109.00
6037;модильон 4.08.301;4.08.301;Нет;ВР001005084;326.00
6038;модильон 4.08.302;4.08.302;Нет;ВР001022579;203.00
6039;модильон 4.38.301;4.38.301;Нет;ВР001005106;203.00
6040;модильон 4.38.302;4.38.302;Нет;ВР001005127;203.00
6041;триглиф 4.36.101;4.36.101;Нет;ВР001004967;278.00
6042;триглиф 4.06.101;4.06.101;Нет;ВР001004946;585.00
6043;ствол 4.52.102;4.52.102;Нет;ВР001004982;3075.00
6044;ствол 4.52.301;4.52.301;Нет;ВР001005121;2308.00
6045;ствол 4.16.101;4.16.101;Нет;ВР001004950;12298.00
6046;ствол 4.16.102;4.16.102;Нет;ВР001004951;7687.00
6047;ствол 4.16.201;4.16.201;Нет;ВР001005017;9994.00
6048;ствол 4.16.202;4.16.202;Нет;ВР001022042;9224.00
6049;ствол 4.16.301;4.16.301;Нет;ВР001005077;7687.00
6050;ствол 4.22.101;4.22.101;Нет;ВР001022013;7687.00
6051;ствол 4.22.102;4.22.102;Нет;ВР001022039;6919.00
6052;ствол 4.22.201;4.22.201;Нет;ВР001022014;6919.00
6053;ствол 4.22.202;4.22.202;Нет;ВР001022040;6919.00
6054;ствол 4.22.301;4.22.301;Нет;ВР001022015;7073.00
6055;ствол 4.22.302;4.22.302;Нет;ВР001022041;6149.00
6056;ствол 4.42.101;4.42.101;Нет;ВР001004965;7443.00
6057;ствол 4.42.201;4.42.201;Нет;ВР001005041;6089.00
6058;ствол 4.42.301;4.42.301;Нет;ВР001005098;5075.00
6059;ствол 4.46.101;4.46.101;Нет;ВР001004962;3384.00
6060;ствол 4.46.201;4.46.201;Нет;ВР001005037;2768.00
6061;ствол 4.46.301;4.46.301;Нет;ВР001005102;2308.00
6062;ствол 4.52.101;4.52.101;Нет;ВР001004981;3075.00
6063;ствол 4.52.201;4.52.201;Нет;ВР001005059;3075.00
6064;ствол 4.52.202;4.52.202;Нет;ВР001005060;3691.00
6065;ствол 4.52.302;4.52.302;Нет;ВР001005122;1846.00
6066;верхний фрагмент ствола 4.16.001;4.16.001;Нет;ВР002025163;3384.00
6067;фрагмент ствола 4.16.002;4.16.002;Нет;ВР002025404;3461.00
6068;ствол 4.12.301;4.12.301;Нет;ВР001005081;16912.00
6069;ствол 4.12.101;4.12.101;Нет;ВР001004954;27057.00
6070;ствол 4.12.102;4.12.102;Нет;ВР001004955;16912.00
6071;ствол 4.12.202;4.12.202;Нет;ВР001022043;20293.00
6072;ствол 4.12.201;4.12.201;Нет;ВР001005021;21985.00
6104;E01.M.290 / Клей Европласт Монтажный 290 мл.;E01.M.290;Нет;ЧХ002025782;498.00
6105;E04.U.290 / Клей Европласт универсальный 290 мл.;E04.U.290;Нет;ЧХ002025783;770.00
6107;E02.S.290 / Клей Европласт стыковочный 290 мл.;E02.S.290;Нет;ЧХ002025785;1046.00
6108;карниз 1.50.101;1.50.101;Нет;ВР001024048;1146.00
6109;карниз 1.50.101 гибкий;1.50.101;Да;ВР002028661;2291.00
6110;карниз 1.50.199 гибкий;1.50.199;Да;ВР002028428;2418.00
6111;карниз 1.50.199;1.50.199;Нет;ВР002025287;1209.00
6112;молдинг 1.51.353;1.51.353;Нет;ВР002025430;743.00
6113;молдинг 1.51.353 гибкий;1.51.353;Да;ВР002028512;1485.00
6114;молдинг 1.51.356;1.51.356;Нет;ВР002025479;934.00
6115;молдинг 1.51.356 гибкий;1.51.356;Да;ВР002028515;1868.00
6135;откос 4.88.001;4.88.001;Нет;ВР002025306;2693.00
6168;элемент камина 1.64.004;1.64.004;Нет;ВР002025747;12514.00
6169;элемент камина 1.64.005;1.64.005;Нет;ВР002025748;6347.00
6171;элемент камина 1.64.005;1.64.005;Нет;ВР002025748;6347.00
6172;карниз 1.50.108;1.50.108;Нет;ВР001023155;2214.00
6173;карниз 1.50.161;1.50.161;Нет;ВР002025141;1209.00
6174;карниз 1.50.179;1.50.179;Нет;ВР002025139;1164.00
6175;карниз 1.50.189;1.50.189;Нет;ВР001023817;1209.00
6176;карниз 1.50.207;1.50.207;Нет;ВР002025475;1204.00
6177;карниз 1.50.274;1.50.274;Нет;ВР002025532;1209.00
6178;карниз 1.50.275;1.50.275;Нет;ВР002025578;2246.00
6179;молдинг 1.51.346;1.51.346;Нет;ВР002025133;799.00
6180;розетка 1.56.040;1.56.040;Нет;ВР002025329;3892.00
6181;розетка 1.56.041;1.56.041;Нет;ВР002025487;2704.00
6182;кронштейн 1.19.007;1.19.007;Нет;ВР002025530;1494.00
6183;кронштейн 1.19.008;1.19.008;Нет;ВР002025531;1494.00
6184;капитель 1.21.008;1.21.008;Нет;ВР002025694;1535.00
6185;ствол 1.22.050;1.22.050;Нет;ВР002025695;2263.00
6186;база 1.23.600;1.23.600;Нет;ВР002025696;1609.00
6188;карниз 4.91.001;4.91.001;Нет;ВР002027812;7321.00
6189;карниз 4.91.004;4.91.004;Нет;ВР002027810;9518.00
6194;карниз 1.50.208 гибкий;1.50.208;Да;ВР002028435;2418.00
6195;карниз 1.50.204 гибкий;1.50.204;Да;ВР002028433;2176.00
6196;карниз 1.50.189 гибкий;1.50.189;Да;ВР002028418;2418.00
6198;замковый камень 4.85.004;4.85.004;Нет;ВР002027803;967.00
6199;замковый камень 4.85.005;4.85.005;Нет;ВР002027804;1318.00
6200;карниз 4.91.002;4.91.002;Нет;ВР002027811;10982.00
6201;наличник 4.84.005;4.84.005;Нет;ВР002027802;1611.00
6202;кронштейн-пьедестал 4.83.003;4.83.003;Нет;ВР001022064;462.00
6206;молдинг 1.51.359;1.51.359;Нет;ВР002025485;934.00
6207;карниз 1.50.161 гибкий;1.50.161;Да;ВР002028662;2418.00
6208;молдинг 1.51.359 гибкий;1.51.359;Да;ВР002028614;1868.00
6211;наличник 4.84.004;4.84.004;Нет;ВР002027806;2095.00
6212;наличник 4.84.006;4.84.006;Нет;ВР002027805;3221.00
6213;карниз 4.91.003;4.91.003;Нет;ВР002027809;6765.00
6214;карниз 4.91.005;4.91.005;Нет;ВР002027808;7248.00
6215;фриз 4.33.302;4.33.302;Нет;ВР001005116;2308.00
6216;кронштейн-пьедестал 4.83.002;4.83.002;Нет;ВР001022063;555.00
6217;фрагмент ствола 4.16.002;4.16.002;Нет;ВР002025404;3461.00
6218;фрагмент ствола 4.16.002;4.16.002;Нет;ВР002025404;3461.00
6313;молдинг 1.51.346 гибкий;1.51.346;Да;ВР002028722;1598.00
6355;угловой элемент 1.52.322;1.52.322;Нет;ВР002028171;671.00
6356;угловой элемент 1.52.348;1.52.348;Нет;ВР002027948;710.00
6357;угловой элемент 1.52.286;1.52.286;Нет;ВР002028179;701.00
6358;угловой элемент 1.52.287;1.52.287;Нет;ВР002028178;745.00
6359;карниз 1.50.108 гибкий;1.50.108;Да;ВР002028325;4427.00
6362;карниз 1.50.279;1.50.279;Нет;ВР002028174;2347.00
6363;карниз 1.50.276;1.50.276;Нет;ВР002027955;1204.00
6364;карниз 1.50.276 гибкий;1.50.276;Да;ЧХ002026920;2407.00
6365;карниз 1.50.278;1.50.278;Нет;ВР002028172;1268.00
6366;карниз 1.50.278 гибкий;1.50.278;Да;ЧХ002026921;2535.00
6367;розетка 1.56.044;1.56.044;Нет;ВР002027947;2551.00
6368;молдинг 1.51.360;1.51.360;Нет;ВР002025523;913.00
6369;молдинг 1.51.360 гибкий;1.51.360;Да;ВР002028723;1826.00
6370;молдинг 1.51.363;1.51.363;Нет;ВР002027951;988.00
6371;молдинг 1.51.363 гибкий;1.51.363;Да;ВР002028725;1976.00
6372;молдинг 1.51.362;1.51.362;Нет;ВР002027945;932.00
6373;молдинг 1.51.362 гибкий;1.51.362;Да;ВР002028724;1864.00
6374;молдинг 1.51.370;1.51.370;Нет;ВР002028363;1025.00
6375;молдинг 1.51.370 гибкий;1.51.370;Да;ВР002028731;2049.00
6376;плинтус 1.53.110;1.53.110;Нет;ВР002027959;1693.00
6377;плинтус 1.53.110 гибкий;1.53.110;Да;ВР002028736;3386.00
6380;карниз 1.50.179 гибкий;1.50.179;Да;ВР002028408;2328.00
6381;карниз 1.50.207 гибкий;1.50.207;Да;ВР002028595;2407.00
6382;карниз 1.50.275 гибкий;1.50.275;Да;ВР002028577;4491.00
6385;ствол 4.16.003;4.16.003;Нет;ВР002025490;2417.00
6386;ствол 4.16.004;4.16.004;Нет;ВР002025491;3368.00
6387;ствол 4.16.005;4.16.005;Нет;ВР002025492;2417.00
6388;капитель 4.15.202;4.15.202;Нет;ВР002025161;4832.00
6389;капитель 4.15.302;4.15.302;Нет;ВР002025162;7248.00
6390;капитель 4.11.102;4.11.102;Нет;ВР002028127;7611.00
6391;капитель 4.11.202;4.11.202;Нет;ВР002028130;10631.00
6392;капитель 4.11.302;4.11.302;Нет;ВР002028128;15945.00
6393;база 4.13.001;4.13.001;Нет;ВР002028136;5750.00
6394;ствол 4.12.001;4.12.001;Нет;ВР002028131;7443.00
6395;ствол 4.12.002;4.12.002;Нет;ВР002028132;7612.00
6396;ствол 4.12.003;4.12.003;Нет;ВР002028133;5316.00
6397;ствол 4.12.004;4.12.004;Нет;ВР002028134;7409.00
6398;ствол 4.12.005;4.12.005;Нет;ВР002028135;5316.00
6423;карниз 1.50.271 гибкий;1.50.271;Да;ВР002028461;7012.00
6424;карниз 1.50.274 гибкий;1.50.274;Да;ВР002028462;2418.00
6429;E03.S.60 / Клей Европласт стыковочный 60 мл.;E03.S.60;Нет;ВР002028247;420.00
6430;база 1.54.030;1.54.030;Нет;ВР002028359;867.00
6431;квадрат 1.54.013;1.54.013;Нет;ВР002028360;319.00
6432;квадрат 1.54.013;1.54.013;Нет;ВР002028360;319.00
6433;база 1.54.030;1.54.030;Нет;ВР002028359;867.00
6434;угловой элемент 1.52.285;1.52.285;Нет;ВР002028170;697.00
6435;молдинг 1.51.367;1.51.367;Нет;ВР002028351;1494.00
6436;молдинг 1.51.367 гибкий;1.51.367;Да;ВР002028728;2988.00
6438;карниз 1.50.280;1.50.280;Нет;ВР002028164;3127.00
6439;молдинг 1.51.368;1.51.368;Нет;ВР002028355;1779.00
6440;орнамент 1.60.025;1.60.025;Нет;ВР002028633;1140.00
6441;орнамент 1.60.032;1.60.032;Нет;ВР002028746;2093.00
6442;орнамент 1.60.020;1.60.020;Нет;ВР002028006;411.00
6443;орнамент 1.60.120;1.60.120;Нет;ВР002028007;411.00
6444;торцевой элемент 4.33.332;4.33.332;Нет;ВР001005117;340.00
6445;торцевой элемент 4.31.232;4.31.232;Нет;ВР001005031;2327.00
6446;торцевой элемент 4.81.031;4.81.031;Нет;ВР001004997;629.00
6447;торцевой элемент 4.81.032;4.81.032;Нет;ВР001005001;842.00
6448;внешний угол 4.32.111;4.32.111;Нет;ВР001004977;2031.00
6449;внешний угол 4.32.312;4.32.312;Нет;ВР001005113;2376.00
6450;внешний угол 4.81.011;4.81.011;Нет;ВР001004995;1254.00
6451;внешний угол 4.81.012;4.81.012;Нет;ВР001004999;1601.00
6452;внутренний угол 4.31.222;4.31.222;Нет;ВР001005030;3258.00
6453;внутренний угол 4.32.221;4.32.221;Нет;ВР001005048;2497.00
6454;внутренний угол 4.81.021;4.81.021;Нет;ВР001004996;1254.00
6455;внутренний угол 4.81.022;4.81.022;Нет;ВР001005000;1601.00
6456;опорный блок 4.78.101;4.78.101;Нет;ВР001024117;695.00
6457;полукрышка 4.73.211;4.73.211;Нет;ВР002027720;462.00
6458;полукрышка пирамида 4.76.111;4.76.111;Нет;ВР002025581;770.00
6459;полуоснование 4.74.111;4.74.111;Нет;ВР002025391;7687.00
6460;полупоручень 4.72.111;4.72.111;Нет;ВР002025392;6919.00
6461;полустолб 4.75.111;4.75.111;Нет;ВР002025579;4613.00
6462;полустолб 4.75.211;4.75.211;Нет;ВР002027722;3691.00
6463;торцевой элемент 4.02.331;4.02.331;Нет;ВР001023620;3744.00
6464;торцевой элемент 4.03.131;4.03.131;Нет;ВР001004945;340.00
6465;торцевой элемент 4.03.132;4.03.132;Нет;ВР001023974;410.00
6466;торцевой элемент 4.03.332;4.03.332;Нет;ВР001023976;356.00
6467;полубалясина 4.71.111;4.71.111;Нет;ВР002025390;1538.00
6468;полубалясина 4.71.211;4.71.211;Нет;ВР002027717;1231.00
6469;торцевой элемент 4.33.331;4.33.331;Нет;ВР001005094;340.00
6470;торцевой элемент 4.34.131;4.34.131;Нет;ВР001004969;555.00
6471;торцевой элемент 4.34.231;4.34.231;Нет;ВР001005035;425.00
6472;внутренний угол 4.32.322;4.32.322;Нет;ВР001005114;2376.00
6473;торцевой элемент 4.32.331;4.32.331;Нет;ВР001005111;1737.00
6474;торцевой элемент 4.32.332;4.32.332;Нет;ВР001005115;1597.00
6475;торцевой элемент 4.33.132;4.33.132;Нет;ВР001004985;340.00
6476;торцевой элемент 4.33.232;4.33.232;Нет;ВР001005055;340.00
6477;торцевой элемент 4.04.331;4.04.331;Нет;ВР001005073;340.00
6478;внешний угол 4.01.111;4.01.111;Нет;ВР001004935;4619.00
6479;внешний угол 4.01.113;4.01.113;Нет;ВР001004939;7004.00
6480;внешний угол 4.01.211;4.01.211;Нет;ВР001005005;4561.00
6481;внешний угол 4.01.212;4.01.212;Нет;ВР001005009;4886.00
6482;внешний угол 4.01.311;4.01.311;Нет;ВР001005065;4509.00
6483;внешний угол 4.02.111;4.02.111;Нет;ВР001023603;5203.00
6484;внешний угол 4.02.211;4.02.211;Нет;ВР001023615;4320.00
6485;внешний угол 4.02.311;4.02.311;Нет;ВР001023616;5012.00
6486;внутренний угол 4.01.121;4.01.121;Нет;ВР001004936;4619.00
6487;внутренний угол 4.01.123;4.01.123;Нет;ВР001004940;7004.00
6488;внутренний угол 4.01.221;4.01.221;Нет;ВР001005006;4561.00
6489;внутренний угол 4.01.222;4.01.222;Нет;ВР001005010;4886.00
6490;внутренний угол 4.01.321;4.01.321;Нет;ВР001005066;4509.00
6491;внутренний угол 4.01.322;4.01.322;Нет;ВР001005070;4855.00
6492;внутренний угол 4.02.121;4.02.121;Нет;ВР001023604;5203.00
6498;карниз 1.50.284;1.50.284;Нет;ВР002028688;1122.00
6499;карниз 1.50.284 гибкий;1.50.284;Да;ВР002028718;2244.00
6500;карниз 1.50.283;1.50.283;Нет;ВР002028627;1083.00
6501;МОНТАЖНЫЙ КОМПЛЕКТ;m_comp_b201;Нет;ЧХ002025780;5940.00
6502;внешний угол 4.32.212;4.32.212;Нет;ВР001005051;2497.00
6503;внутренний угол 4.32.121;4.32.121;Нет;ВР001004978;2031.00
6504;торцевой элемент 4.32.131;4.32.131;Нет;ВР001004979;1369.00
6515;полукрышка 4.73.111;4.73.111;Нет;ВР002025580;616.00
6516;полупоручень 4.72.211;4.72.211;Нет;ВР002027721;5998.00
6517;полуоснование 4.74.211;4.74.211;Нет;ВР002027719;6459.00
6518;полукрышка пирамида 4.76.211;4.76.211;Нет;ВР002027718;462.00
6538;орнамент 1.60.026;1.60.026;Нет;ВР002028698;421.00
6539;орнамент 1.60.029;1.60.029;Нет;ВР002028747;1265.00
6540;карниз 1.50.281;1.50.281;Нет;ВР002028353;3190.00
6541;молдинг 1.51.374;1.51.374;Нет;ВР002028751;1446.00
6542;молдинг 1.51.374 гибкий;1.51.374;Да;ВР002028752;2891.00
6544;внешний угол 4.32.311;4.32.311;Нет;ВР001005109;2581.00
6545;внутренний угол 4.32.321;4.32.321;Нет;ВР001005110;2581.00
6546;торцевой элемент 4.32.231;4.32.231;Нет;ВР001005049;1650.00
6547;орнамент 1.60.021;1.60.021;Нет;ВР002028357;2338.00
6548;орнамент 1.60.022;1.60.022;Нет;ВР002028358;3056.00
6549;орнамент 1.60.024;1.60.024;Нет;ВР002028635;1128.00
6550;орнамент 1.60.027;1.60.027;Нет;ВР002028699;1128.00
6551;орнамент 1.60.028;1.60.028;Нет;ВР002028700;1447.00
6552;кронштейн 1.19.010;1.19.010;Нет;ВР002028008;1494.00
6553;карниз 1.50.285;1.50.285;Нет;ВР002028690;2444.00
6554;карниз 1.50.286;1.50.286;Нет;ВР002028692;1206.00
6555;карниз 1.50.282;1.50.282;Нет;ВР002028629;1083.00
6564;карниз 1.50.286 гибкий;1.50.286;Да;ВР002028720;2412.00
6565;карниз 1.50.288;1.50.288;Нет;ВР002029530;1083.00
6566;молдинг 1.51.375;1.51.375;Нет;ВР002029527;915.00
6581;карниз 1.50.288 гибкий;1.50.288;Да;ВР002029531;2165.00
6582;карниз 1.50.280 гибкий;1.50.280;Да;ВР002028714;6253.00
6583;орнамент 1.60.034;1.60.034;Нет;ВР002029484;1063.00
6584;молдинг 1.51.373;1.51.373;Нет;ВР002028696;1496.00
6585;орнамент 1.60.033;1.60.033;Нет;ВР002029483;1080.00
6586;орнамент 1.60.030;1.60.030;Нет;ВР002028748;1084.00
6587;карниз 1.50.277;1.50.277;Нет;ВР002027953;2412.00
6588;розетка 1.56.008;1.56.008;Нет;ВР001023161;1972.00
6589;орнамент 1.60.031;1.60.031;Нет;ВР002028749;1075.00
6590;орнамент 1.60.123;1.60.123;Нет;ВР002028636;1318.00
6591;орнамент 1.60.023;1.60.023;Нет;ВР002028634;1318.00
6594;ствол 4.16.004;4.16.004;Нет;ВР002025491;3368.00
6595;ствол 4.16.004;4.16.004;Нет;ВР002025491;3368.00
6598;база 4.13.002;4.13.002;Нет;ВР002028129;6427.00
6599;ствол 4.12.002;4.12.002;Нет;ВР002028132;7612.00
6600;ствол 4.12.002;4.12.002;Нет;ВР002028132;7612.00
6601;ствол 4.12.004;4.12.004;Нет;ВР002028134;7409.00
6602;ствол 4.12.004;4.12.004;Нет;ВР002028134;7409.00
6611;карниз 1.50.273 гибкий;1.50.273;Да;ВР002029453;5857.00
6612;молдинг 1.51.375 гибкий;1.51.375;Да;ВР002029528;1829.00
6613;внешний угол 4.01.312;4.01.312;Нет;ВР001005069;4855.00
6614;сандрик 4.89.001;4.89.001;Нет;ВР002029721;4207.00
6615;орнамент 4.99.001;4.99.001;Нет;ВР002029720;785.00
6616;орнамент 4.99.002;4.99.002;Нет;ВР002029719;360.00
6617;внутренний угол 4.02.221;4.02.221;Нет;ВР001023617;4319.00
6618;внутренний угол 4.02.321;4.02.321;Нет;ВР001023618;5012.00
6619;торцевой элемент 4.34.332;4.34.332;Нет;ВР001005119;340.00
6620;торцевой элемент 4.34.232;4.34.232;Нет;ВР001005057;340.00
6621;торцевой элемент 4.01.131;4.01.131;Нет;ВР001004937;3605.00
6622;торцевой элемент 4.34.132;4.34.132;Нет;ВР001004987;340.00
6623;торцевой элемент 4.32.232;4.32.232;Нет;ВР001005053;1650.00
6624;торцевой элемент 4.01.133;4.01.133;Нет;ВР001004941;5482.00
6625;торцевой элемент 4.01.231;4.01.231;Нет;ВР001005007;3375.00
6626;внутренний угол 4.32.222;4.32.222;Нет;ВР001005052;2497.00
6627;торцевой элемент 4.01.232;4.01.232;Нет;ВР001005011;3617.00
6628;внешний угол 4.32.211;4.32.211;Нет;ВР001005047;2497.00
6629;торцевой элемент 4.01.331;4.01.331;Нет;ВР001005067;3410.00
6630;торцевой элемент 4.34.331;4.34.331;Нет;ВР001005096;424.00
6631;торцевой элемент 4.01.332;4.01.332;Нет;ВР001005072;3671.00
6632;торцевой элемент 4.33.231;4.33.231;Нет;ВР001005033;479.00
6633;торцевой элемент 4.33.131;4.33.131;Нет;ВР001004971;470.00
6634;торцевой элемент 4.31.332;4.31.332;Нет;ВР001005092;2202.00
6635;торцевой элемент 4.31.331;4.31.331;Нет;ВР001005088;2640.00
6636;торцевой элемент 4.31.231;4.31.231;Нет;ВР001005027;2116.00
6637;торцевой элемент 4.02.131;4.02.131;Нет;ВР001023605;3896.00
6638;торцевой элемент 4.31.131;4.31.131;Нет;ВР001004960;4091.00
6639;торцевой элемент 4.02.231;4.02.231;Нет;ВР001023619;3154.00
6640;внутренний угол 4.31.322;4.31.322;Нет;ВР001005091;3045.00
6642;внутренний угол 4.31.321;4.31.321;Нет;ВР001005087;3655.00
6643;торцевой элемент 4.03.231;4.03.231;Нет;ВР001005013;340.00
6644;внутренний угол 4.31.221;4.31.221;Нет;ВР001005026;2963.00
6645;внутренний угол 4.31.121;4.31.121;Нет;ВР001004959;5410.00
6646;торцевой элемент 4.03.232;4.03.232;Нет;ВР001023975;340.00
6647;торцевой элемент 4.03.331;4.03.331;Нет;ВР001005075;340.00
6648;внешний угол 4.31.312;4.31.312;Нет;ВР001005090;3045.00
6649;торцевой элемент 4.04.131;4.04.131;Нет;ВР001004943;340.00
6650;внешний угол 4.31.311;4.31.311;Нет;ВР001005086;3655.00
6651;торцевой элемент 4.04.132;4.04.132;Нет;ВР001023977;340.00
6652;внешний угол 4.31.212;4.31.212;Нет;ВР001005029;3258.00
6653;торцевой элемент 4.04.231;4.04.231;Нет;ВР001005015;340.00
6654;внешний угол 4.31.211;4.31.211;Нет;ВР001005025;2963.00
6655;торцевой элемент 4.04.232;4.04.232;Нет;ВР001023978;340.00
6656;внешний угол 4.31.111;4.31.111;Нет;ВР001004958;5410.00
6657;торцевой элемент 4.04.332;4.04.332;Нет;ВР001023979;340.00
6658;торцевой элемент 4.82.031;4.82.031;Нет;ВР001004992;424.00
6659;арочное обрамление 4.87.031 гибкий;4.87.031;Да;ВР002028302;4613.00
6660;арочное обрамление 4.87.032 гибкий;4.87.032;Да;ВР002028303;4613.00
6661;арочное обрамление 4.87.033 гибкий;4.87.033;Да;ВР002028304;2768.00
6662;карниз 1.50.281 гибкий;1.50.281;Да;ВР002028715;6380.00
6663;карниз 1.50.282 гибкий;1.50.282;Да;ВР002028716;2165.00
6664;молдинг 1.51.368 гибкий;1.51.368;Да;ВР002028729;3558.00
6665;молдинг 1.51.364;1.51.364;Нет;ВР002028166;1361.00
6666;элемент камина 1.64.001;1.64.001;Нет;ВР002025744;14126.00
6667;элемент камина 1.64.002;1.64.002;Нет;ВР002025745;8244.00
6668;элемент камина 1.64.003;1.64.003;Нет;ВР002025746;8244.00
6670;карниз 1.50.277 гибкий;1.50.277;Да;ВР002028712;4823.00
6671;молдинг 1.51.373 гибкий;1.51.373;Да;ВР002028734;2992.00
6672;розетка 1.56.050;1.56.050;Нет;ВР002029526;1606.00
6674;архитрав 1.26.001 гибкий;1.26.001;Да;ВР002028539;5089.00
6675;архитрав 1.26.002 гибкий;1.26.002;Да;ВР002028540;5089.00
6676;архитрав 1.26.003 гибкий;1.26.003;Да;ВР002028541;5212.00
6683;розетка 1.56.047;1.56.047;Нет;ВР002029488;1606.00
6684;кронштейн 1.19.011;1.19.011;Нет;ВР002028745;1529.00
6687;молдинг 1.51.307;1.51.307;Нет;ВР000001065;1527.00
6707;молдинг 1.51.369;1.51.369;Нет;ВР002028361;1268.00
6708;молдинг 1.51.376;1.51.376;Нет;ВР002029834;988.00
6709;розетка 1.56.045;1.56.045;Нет;ВР002028365;3791.00
6710;угловой элемент 1.52.352;1.52.352;Нет;ВР002029491;787.00
6711;кронштейн 1.19.009;1.19.009;Нет;ВР002028702;1494.00
6736;орнамент 1.60.037;1.60.037;Нет;ВР002029533;1322.00
6737;орнамент 1.60.038;1.60.038;Нет;ВР002029734;1261.00
6738;орнамент 1.60.039;1.60.039;Нет;ВР002029731;1273.00
6739;орнамент 1.60.040;1.60.040;Нет;ВР002029837;1361.00
6740;наличник 1.54.014;1.54.014;Нет;ВР002028750;2426.00
6741;розетка 1.56.043;1.56.043;Нет;ВР002025489;1257.00
6742;розетка 1.56.048;1.56.048;Нет;ВР002029532;1257.00
6743;розетка 1.56.049;1.56.049;Нет;ВР002029525;1213.00
6749;карниз 1.50.290;1.50.290;Нет;ВР002029832;1122.00
6750;угловой элемент 1.52.375;1.52.375;Нет;ВР002029529;791.00
6751;кронштейн 1.19.013;1.19.013;Нет;ВР002029487;1836.00
6755;молдинг 1.51.338;1.51.338;Нет;ВР001023157;789.00
6756;угловой элемент 1.52.376;1.52.376;Нет;ВР002029836;769.00
6757;орнамент 1.60.035;1.60.035;Нет;ВР002029482;372.00
6758;орнамент 1.60.135;1.60.135;Нет;ВР002029485;372.00
6761;угловой элемент 1.52.283;1.52.283;Нет;ВР002029490;755.00
6762;угловой элемент 1.52.284;1.52.284;Нет;ВР002028701;726.00
6763;кронштейн 1.19.012;1.19.012;Нет;ВР002028744;1494.00
6764;розетка 1.56.046;1.56.046;Нет;ВР002029489;4447.00
6765;карниз 1.50.225;1.50.225;Нет;ВР002029918;1040.00
6766;карниз 1.50.226;1.50.226;Нет;ВР002029920;1143.00
6767;орнамент 1.60.036;1.60.036;Нет;ВР002029536;2541.00
6768;карниз 1.50.289;1.50.289;Нет;ВР002029735;1061.00
6770;карниз 1.50.283 гибкий;1.50.283;Да;ВР002028717;2165.00
6771;карниз 1.50.206;1.50.206;Нет;ВР002025473;864.00
6772;кронштейн 1.19.014;1.19.014;Нет;ВР002029486;1564.00
6773;карниз 1.50.295;1.50.295;Нет;ВР099020111;813.00
6783;карниз 1.50.293;1.50.293;Нет;ВР099020115;1265.00
6784;карниз 1.50.294;1.50.294;Нет;ВР099020117;865.00
6785;карниз 1.50.279 гибкий;1.50.279;Да;ВР002028713;4693.00
6786;карниз 1.50.293 гибкий;1.50.293;Да;ВР099020116;2530.00
6787;карниз 1.50.294 гибкий;1.50.294;Да;ВР099020118;1730.00
6807;карниз 1.50.290 гибкий;1.50.290;Да;ВР002029833;2244.00
6808;карниз 1.50.289 гибкий;1.50.289;Да;ВР002029736;2121.00
6809;карниз 1.50.206 гибкий;1.50.206;Да;ВР002028705;1727.00
6810;карниз 1.50.295 гибкий;1.50.295;Да;ВР099020112;1626.00
6811;молдинг 1.51.376 гибкий;1.51.376;Да;ВР002029835;1976.00
6812;молдинг 1.51.338 гибкий;1.51.338;Да;ВР002028721;1578.00
6817;кронштейн 1.19.018;1.19.018;Нет;ВР002029831;2040.00
6818;молдинг 1.51.382;1.51.382;Нет;ВР099020343;1624.00
6819;молдинг 1.51.377;1.51.377;Нет;ВР099020121;814.00
6820;молдинг 1.51.379;1.51.379;Нет;ВР099020119;802.00
6821;карниз 1.50.272;1.50.272;Нет;ВР002025477;865.00
6823;молдинг 1.51.379 гибкий;1.51.379;Да;ВР099020120;1604.00
6824;карниз 1.50.272 гибкий;1.50.272;Да;ВР002028711;1730.00
6826;молдинг 1.51.371;1.51.371;Нет;ВР002028631;1289.00
6827;карниз 1.50.292;1.50.292;Нет;ВР099020113;802.00
6828;карниз 1.50.292 гибкий;1.50.292;Да;ВР099020114;1604.00
6829;карниз 1.50.225 гибкий;1.50.225;Да;ВР002029919;2079.00
6830;карниз 1.50.226 гибкий;1.50.226;Да;ВР002029921;2286.00
6835;молдинг 1.51.378;1.51.378;Нет;ВР099020123;769.00
6836;розетка 1.56.052;1.56.052;Нет;ВР099020342;1137.00
6837;квадрат 1.54.017;1.54.017;Нет;ВР099020347;317.00
8330;молдинг 1.51.378 гибкий;1.51.378;Да;ВР099020124;1538.00
8331;молдинг 1.51.377 гибкий;1.51.377;Да;ВР099020122;1628.00
8332;молдинг 1.51.382 гибкий;1.51.382;Да;ВР099020344;3248.00
8981;кронштейн 1.19.015;1.19.015;Нет;ВР002029534;1461.00
12094;карниз 1.50.298;1.50.298;Нет;ВР099020821;847.00
12104;молдинг 1.51.372;1.51.372;Нет;ВР002028694;777.00
13520;карниз 1.50.296;1.50.296;Нет;ВР099020297;1209.00
14598;угловой элемент 1.52.299;1.52.299;Нет;ВР002028637;831.00
14599;угловой элемент 1.52.279;1.52.279;Нет;ВР002029957;831.00
14600;молдинг 1.51.365;1.51.365;Нет;ВР002028165;1142.00
14781;плинтус 1.53.108;1.53.108;Нет;ВР001023159;1609.00
17562;кронштейн 1.19.016;1.19.016;Нет;ВР002029535;1564.00
17563;розетка 1.56.053;1.56.053;Нет;ВР099020340;2005.00
21020;карниз 1.50.227;1.50.227;Нет;ВР099020813;3190.00
21021;молдинг 1.51.385;1.51.385;Нет;ВР099020819;1444.00
21022;наличник 1.54.015;1.54.015;Нет;ВР099020341;2352.00
21023;сандрик 1.63.003;1.63.003;Нет;ВР099020817;2633.00
21126;плинтус 1.53.108 гибкий;1.53.108;Да;ВР002028735;3217.00
21618;карниз 1.50.299;1.50.299;Нет;ВР099020847;830.00
21619;карниз 1.50.297;1.50.297;Нет;ВР099020823;777.00
21620;молдинг 1.51.383;1.51.383;Нет;ВР099020815;1007.00
21621;молдинг 1.51.384;1.51.384;Нет;ВР099020825;796.00
21623;розетка 1.56.055;1.56.055;Нет;ВР099020810;4432.00
22331;наличник 1.54.016;1.54.016;Нет;ВР099020339;2391.00
22334;молдинг 1.51.385 гибкий;1.51.385;Да;ВР099020820;2887.00
22339;карниз 1.50.298 гибкий;1.50.298;Да;ВР099020822;1694.00
26629;карниз 1.50.249;1.50.249;Нет;ВР099020958;1209.00
27652;розетка 1.56.054;1.56.054;Нет;ВР099020348;4210.00
28243;карниз 1.50.299 гибкий;1.50.299;Да;ВР099020848;1659.00
28244;карниз 1.50.297 гибкий;1.50.297;Да;ВР099020824;1554.00
28245;молдинг 1.51.384 гибкий;1.51.384;Да;ВР099020826;1591.00
29278;карниз 1.50.215;1.50.215;Нет;ВР099020952;883.00
29860;плинтус 1.53.111;1.53.111;Нет;ВР099021149;1185.00
31363;карниз 1.50.216;1.50.216;Нет;ВР099020956;1122.00
31409;розетка 1.56.057;1.56.057;Нет;ВР099020950;2662.00
33172;кронштейн 1.19.017;1.19.017;Нет;ВР002029733;1638.00
33407;карниз 1.50.228;1.50.228;Нет;ВР099020811;2507.00
36930;карниз 1.50.249 гибкий;1.50.249;Да;ВР099020959;2418.00
37766;розетка 1.56.056;1.56.056;Нет;ВР099020948;1868.00
38420;декоративная панель 1.59.003;1.59.003;Нет;ВР099021199;2490.00
38421;декоративная панель 1.59.004;1.59.004;Нет;ВР099021200;2490.00
38422;декоративная панель 1.59.005;1.59.005;Нет;ВР099021201;2343.00
42718;карниз 1.50.215 гибкий;1.50.215;Да;ВР099020954;1765.00
42720;карниз 1.50.216 гибкий;1.50.216;Да;ВР099020957;2244.00
43862;торцевой элемент 4.82.032;4.82.032;Нет;ВР099021524;351.00
43863;торцевой элемент 4.82.131;4.82.131;Нет;ВР099021527;340.00
43864;торцевой элемент 4.82.231;4.82.231;Нет;ВР099021528;340.00
43865;торцевой элемент 4.82.232;4.82.232;Нет;ВР099021529;340.00
43866;торцевой элемент 4.82.332;4.82.332;Нет;ВР099021530;340.00
43867;торцевой элемент 4.82.331;4.82.331;Нет;ВР099021531;340.00
43868;торцевой элемент 4.82.033;4.82.033;Нет;ВР099021526;340.00
47206;карниз 1.50.229;1.50.229;Нет;ВР099021126;1625.00
47207;карниз 1.50.621;1.50.621;Нет;ВР099021482;1672.00
47208;карниз 1.50.622;1.50.622;Нет;ВР099021483;2265.00
47209;карниз 1.50.623;1.50.623;Нет;ВР099021478;1726.00
47210;карниз 1.50.624;1.50.624;Нет;ВР099021479;2237.00
47211;молдинг 1.51.601;1.51.601;Нет;ВР099021349;1932.00
47212;молдинг 1.51.602;1.51.602;Нет;ВР099021350;3963.00
47213;молдинг 1.51.603;1.51.603;Нет;ВР099021351;5660.00
47214;молдинг 1.51.604;1.51.604;Нет;ВР099021352;5377.00
47215;молдинг 1.51.605;1.51.605;Нет;ВР099021486;1451.00
47216;молдинг 1.51.606;1.51.606;Нет;ВР099021487;1802.00
48388;карниз 1.50.227 гибкий;1.50.227;Да;ВР099020814;6380.00
48390;молдинг 1.51.386;1.51.386;Нет;ВР099021124;777.00
48392;плинтус 1.53.112;1.53.112;Нет;ВР099021474;1257.00
65559;молдинг 1.51.387;1.51.387;Нет;ВР099021541;1521.00
65560;молдинг 1.51.388;1.51.388;Нет;ВР099021542;1521.00
65561;база 1.54.040;1.54.040;Нет;ВР099021537;981.00
65562;база 1.54.040;1.54.040;Нет;ВР099021537;981.00
65563;база 1.54.050;1.54.050;Нет;ВР099021538;960.00
65564;база 1.54.050;1.54.050;Нет;ВР099021538;960.00
65565;элемент 1.54.018;1.54.018;Нет;ВР099021540;989.00
65645;карниз 1.50.228 гибкий;1.50.228;Да;ВР099020812;5014.00
67964;карниз 1.50.623 гибкий;1.50.623;Да;ВР099021480;3452.00
69864;карниз 1.50.501;1.50.501;Нет;ВР099021735;2686.00
69865;карниз 1.50.502;1.50.502;Нет;ВР099021718;3540.00
69866;карниз 1.50.503;1.50.503;Нет;ВР099021719;3010.00
69867;карниз 1.50.504;1.50.504;Нет;ВР099021850;5560.00
69868;карниз 1.50.524;1.50.524;Нет;ВР099021897;5560.00
69873;молдинг 1.51.501;1.51.501;Нет;ВР099021311;2318.00
69874;молдинг 1.51.502;1.51.502;Нет;ВР099021451;2448.00
69875;молдинг 1.51.503;1.51.503;Нет;ВР099021998;1727.00
69876;молдинг 1.51.504;1.51.504;Нет;ВР099021960;1088.00
69877;молдинг 1.51.510;1.51.510;Нет;ВР099021962;1874.00
69878;молдинг 1.51.518;1.51.518;Нет;ВР099021932;5686.00
69879;молдинг 1.51.513;1.51.513;Нет;ВР099021901;2222.00
69890;декоративная панель 1.59.501;1.59.501;Нет;ВР099021536;1576.00
69891;декоративная панель 1.59.503;1.59.503;Нет;ВР099021725;2122.00
69892;плинтус 1.53.501;1.53.501;Нет;ВР099021905;2290.00
69893;орнамент 1.60.501;1.60.501;Нет;ВР099021453;532.00
69894;орнамент 1.60.503;1.60.503;Нет;ВР099021834;399.00
69895;розетка 1.56.501;1.56.501;Нет;ВР099021433;1482.00
69896;розетка 1.56.502;1.56.502;Нет;ВР099021449;2648.00
69900;розетка 1.56.503;1.56.503;Нет;ВР099021365;6252.00
69901;розетка 1.56.511;1.56.511;Нет;ВР099021937;725.00
69902;арочный элемент 1.61.511 гибкий;1.61.511;Да;ВР099021909;9023.00
69903;потолочная панель 1.57.501;1.57.501;Нет;ВР099021836;2169.00
69904;потолочная панель 1.57.502;1.57.502;Нет;ВР099021723;688.00
69905;потолочная панель 1.57.503;1.57.503;Нет;ВР099021724;1573.00
69906;потолочная панель 1.57.504;1.57.504;Нет;ВР099021739;721.00
71228;декоративная панель 1.59.001;1.59.001;Нет;ВР099021197;1918.00
73757;плинтус 1.53.112 гибкий;1.53.112;Да;ВР099021475;2513.00
74261;карниз 6.50.101;6.50.101;Нет;ВР099020991;689.00
74262;молдинг 6.51.301;6.51.301;Нет;ВР002029762;417.00
74263;плинтус 6.53.101;6.53.101;Нет;ВР099021008;948.00
74264;карниз 6.50.103;6.50.103;Нет;ВР002029931;542.00
74265;карниз 6.50.105;6.50.105;Нет;ВР002029803;554.00
74266;карниз 6.50.113;6.50.113;Нет;ВР002029838;733.00
74267;карниз 6.50.115;6.50.115;Нет;ВР099020993;513.00
74268;карниз 6.50.130;6.50.130;Нет;ВР002029767;351.00
74269;карниз 6.50.154;6.50.154;Нет;ВР099020994;223.00
74270;карниз 6.50.155;6.50.155;Нет;ВР099020995;250.00
74271;карниз 6.50.157;6.50.157;Нет;ВР099020996;283.00
74272;карниз 6.50.160;6.50.160;Нет;ВР099020089;658.00
74273;карниз 6.50.165;6.50.165;Нет;ВР099021884;834.00
74274;карниз 6.50.171;6.50.171;Нет;ВР099021880;451.00
74275;карниз 6.50.172;6.50.172;Нет;ВР099020997;400.00
74276;карниз 6.50.174;6.50.174;Нет;ВР099020998;542.00
74277;карниз 6.50.229;6.50.229;Нет;ВР099021883;1242.00
74278;карниз 6.50.230;6.50.230;Нет;ВР099021882;1330.00
74279;карниз 6.50.248;6.50.248;Нет;ВР099021881;1048.00
74280;карниз 6.50.297;6.50.297;Нет;ВР099020999;252.00
74281;карниз 6.50.298;6.50.298;Нет;ВР099021000;338.00
74282;карниз 6.50.299;6.50.299;Нет;ВР099021001;414.00
74283;молдинг 6.51.302;6.51.302;Нет;ВР002029901;624.00
74284;молдинг 6.51.307;6.51.307;Нет;ВР002029765;814.00
74285;молдинг 6.51.308;6.51.308;Нет;ВР002029763;380.00
74286;молдинг 6.51.321;6.51.321;Нет;ВР002029764;225.00
74287;молдинг 6.51.322;6.51.322;Нет;ВР099021002;224.00
74288;молдинг 6.51.323;6.51.323;Нет;ВР099021003;278.00
74289;молдинг 6.51.345;6.51.345;Нет;ВР099021886;814.00
74290;молдинг 6.51.362;6.51.362;Нет;ВР099021004;379.00
74291;молдинг 6.51.363;6.51.363;Нет;ВР099021005;539.00
74292;молдинг 6.51.384;6.51.384;Нет;ВР099021006;388.00
74293;молдинг 6.51.385;6.51.385;Нет;ВР099021007;784.00
74294;молдинг 6.51.386;6.51.386;Нет;ВР099021885;322.00
74295;молдинг 6.51.400;6.51.400;Нет;ВР002029766;417.00
74296;плинтус 6.53.102;6.53.102;Нет;ВР002029768;967.00
74297;плинтус 6.53.103;6.53.103;Нет;ВР002029769;702.00
74298;плинтус 6.53.104;6.53.104;Нет;ВР002029770;833.00
74299;плинтус 6.53.105;6.53.105;Нет;ВР002030015;1050.00
74300;плинтус 6.53.106;6.53.106;Нет;ВР002030027;533.00
74301;плинтус 6.53.107;6.53.107;Нет;ВР002029771;702.00
74302;плинтус 6.53.108;6.53.108;Нет;ВР099021009;798.00
74303;плинтус 6.53.109;6.53.109;Нет;ВР099020055;739.00
74304;плинтус 6.53.112;6.53.112;Нет;ВР099021887;665.00
76545;  1.50.710;1.50.710;Нет;ВР099021830;3320.00
76546;  1.51.701;1.51.701;Нет;ВР099021504;1546.00
76547;  1.51.711;1.51.711;Нет;ВР099021826;1932.00
76560;  6.50.701;6.50.701;Нет;ВР099021747;337.00
76561;  6.50.702;6.50.702;Нет;ВР099021748;700.00
76562;  6.50.703;6.50.703;Нет;ВР099021749;567.00
76563;  6.50.704;6.50.704;Нет;ВР099021750;967.00
76564;  6.50.705;6.50.705;Нет;ВР099021751;783.00
76565;  6.50.706;6.50.706;Нет;ВР099022207;1451.00
76566;  6.50.708;6.50.708;Нет;ВР099021753;604.00
76567;  6.50.709;6.50.709;Нет;ВР099021754;1330.00
76568;  6.51.702;6.51.702;Нет;ВР099021755;390.00
76569;  6.51.703;6.51.703;Нет;ВР099021756;538.00
76570;  6.51.704;6.51.704;Нет;ВР099021757;765.00
76571;  6.51.705;6.51.705;Нет;ВР099021758;516.00
76572;  6.51.706;6.51.706;Нет;ВР099021759;714.00
76573;  6.51.707;6.51.707;Нет;ВР099021760;765.00
76574;  6.51.708;6.51.708;Нет;ВР099021761;967.00
76575;  6.51.710;6.51.710;Нет;ВР099021762;693.00
76576;  6.53.701;6.53.701;Нет;ВР099021767;1020.00
76577;  6.53.702;6.53.702;Нет;ВР099021763;604.00
76578;  6.53.703;6.53.703;Нет;ВР099021764;967.00
76579;  6.53.704;6.53.704;Нет;ВР099021765;1083.00
76580;  6.53.705;6.53.705;Нет;ВР099021766;816.00
76581;розетка 1.56.701;1.56.701;Нет;ВР099021567;2856.00
76582;розетка 1.56.702;1.56.702;Нет;ВР099021702;1730.00
76583;розетка 1.56.703;1.56.703;Нет;ВР099021704;698.00
76584;розетка 1.56.705;1.56.705;Нет;ВР099021707;1791.00
76586;розетка 1.56.707;1.56.707;Нет;ВР099021708;1760.00
76587;розетка 1.56.708;1.56.708;Нет;ВР099021709;2154.00
76588;розетка 1.56.709;1.56.709;Нет;ВР099021700;1261.00
76589;розетка 1.56.710;1.56.710;Нет;ВР099021838;2786.00
78427;  6.51.710;6.51.710;Нет;ВР099021762;693.00
78428;  1.51.711;1.51.711;Нет;ВР099021826;1932.00
78429;  6.53.701;6.53.701;Нет;ВР099021767;1020.00
78430;  6.53.702;6.53.702;Нет;ВР099021763;604.00
78431;  6.53.703;6.53.703;Нет;ВР099021764;967.00
78432;  6.53.704;6.53.704;Нет;ВР099021765;1083.00
78433;  6.53.705;6.53.705;Нет;ВР099021766;816.00
79707;  6.50.719;6.50.719;Нет;ВР099022047;1330.00
83144;плинтус 1.53.111 гибкий;1.53.111;Да;ВР099021150;2370.00
84138;карниз 1.50.285 гибкий;1.50.285;Да;ВР002028719;4887.00
84701;молдинг 1.51.366;1.51.366;Нет;ВР002028176;1088.00
93666;база 1.54.060;1.54.060;Нет;ВР099021539;960.00
93667;база 1.54.070;1.54.070;Нет;ЧХ099039581;960.00
93749;база 1.54.060;1.54.060;Нет;ВР099021539;960.00
93750;база 1.54.070;1.54.070;Нет;ЧХ099039581;960.00
98517;элемент 1.65.501;1.65.501;Нет;ВР099022021;533.00
98518;элемент 1.65.502;1.65.502;Нет;ВР099022030;480.00
98519;элемент 1.65.503;1.65.503;Нет;ВР099022031;435.00
99041;молдинг 1.51.518;1.51.518;Нет;ВР099021932;5686.00
99042;молдинг 1.51.518;1.51.518;Нет;ВР099021932;5686.00
99043;потолочная панель 1.57.502;1.57.502;Нет;ВР099021723;688.00
99044;потолочная панель 1.57.503;1.57.503;Нет;ВР099021724;1573.00
99045;потолочная панель 1.57.504;1.57.504;Нет;ВР099021739;721.00
104199;карниз 6.50.108;6.50.108;Нет;ВР099020992;1170.00
104753;молдинг 1.51.383 гибкий;1.51.383;Да;ВР099020816;2013.00
109457;розетка 1.56.512;1.56.512;Нет;ВР099022003;741.00
126248;карниз 1.50.229 гибкий;1.50.229;Да;ВР099021127;3250.00
126269;карниз 1.50.624 гибкий;1.50.624;Да;ВР099021481;4473.00
127537; 1.51.701 гибкий;1.51.701;Да;ВР099021505;3091.00
142167;арочный элемент 1.61.511;1.61.511;Нет;ВР099022127;4512.00
