IE_XML_ID;IE_NAME;IP_PROP142;IP_PROP157;IP_PROP160;IP_PROP163;IP_PROP164;IP_PROP706;IP_PROP707
4774;карниз 1.50.114;1.50.114;Нет;ВР000001360;1,89;63,75;;
4775;карниз 1.50.115;1.50.115;Нет;ВР000001045;1,43;63,75;;
4776;карниз 1.50.116;1.50.116;Нет;ВР000001487;4,04;69,75;;
4777;карниз 1.50.117;1.50.117;Нет;ВР000001046;5,98;77,25;;
4778;карниз 1.50.118;1.50.118;Нет;ВР000001868;7,53;77,25;;
4779;карниз 1.50.119;1.50.119;Нет;ВР000001858;3,57;69,75;;
4780;карниз 1.50.120;1.50.120;Нет;ВР000001867;7,46;77,25;;
4781;карниз 1.50.121;1.50.121;Нет;ВР000001047;3,28;69,75;;
4782;карниз 1.50.122;1.50.122;Нет;ВР000001048;1,97;63,75;;
4783;карниз 1.50.100;1.50.100;Нет;ВР000001042;2,1;69,75;;
4784;карниз 1.50.102;1.50.102;Нет;ВР000005632;1,93;69,75;;
4785;карниз 1.50.103;1.50.103;Нет;ВР000005166;1,74;69,75;;
4786;карниз 1.50.104;1.50.104;Нет;ВР000001293;5,28;78,75;;
4787;карниз 1.50.105;1.50.105;Нет;ВР000005167;2,43;63,75;;
4788;карниз 1.50.106;1.50.106;Нет;ВР000005174;2,96;63,75;;
4789;карниз 1.50.107;1.50.107;Нет;ВР000005326;6,4;78,75;;
4790;карниз 1.50.109;1.50.109;Нет;ВР000002930;9,45;69,75;;
4791;карниз 1.50.110;1.50.110;Нет;ВР000002931;10,57;78,75;;
4792;карниз 1.50.111;1.50.111;Нет;ВР000001285;6,78;78,75;;
4793;карниз 1.50.112;1.50.112;Нет;ВР000001043;3,47;63,75;;
4794;карниз 1.50.113;1.50.113;Нет;ВР000001044;3,05;69,75;;
4795;карниз 1.50.123;1.50.123;Нет;ВР000001718;0,78;60;;
4796;карниз 1.50.124;1.50.124;Нет;ВР000001972;4,36;69,75;;
4797;карниз 1.50.125;1.50.125;Нет;ВР000002129;2,86;69,75;;
4798;карниз 1.50.126;1.50.126;Нет;ВР001003726;3,19;69,75;;
4799;карниз 1.50.127;1.50.127;Нет;ВР000002929;2,32;69,75;;
4800;карниз 1.50.128;1.50.128;Нет;ВР000002329;5,41;69,75;;
4801;карниз 1.50.129;1.50.129;Нет;ВР000005168;3,6;69,75;;
4802;карниз 1.50.130;1.50.130;Нет;ВР000001049;0,94;60;;
4803;карниз 1.50.131;1.50.131;Нет;ВР000001081;6,83;69,75;;
4804;карниз 1.50.132;1.50.132;Нет;ВР000001050;12,58;77,25;;
4805;карниз 1.50.133;1.50.133;Нет;ВР000001076;6,7;77,25;;
4806;карниз 1.50.134;1.50.134;Нет;ВР000001051;15,37;77,25;;
4807;карниз 1.50.135;1.50.135;Нет;ВР000001303;3,97;60;;
4808;карниз 1.50.136;1.50.136;Нет;ВР000002167;8,17;77,25;;
4809;карниз 1.50.137;1.50.137;Нет;ВР000001827;12,63;77,25;;
4810;карниз 1.50.138;1.50.138;Нет;ВР000002343;7,15;77,25;;
4811;карниз 1.50.139;1.50.139;Нет;ВР000006023;3,59;69,75;;
4812;карниз 1.50.140;1.50.140;Нет;ВР000001052;2,44;63,75;;
4813;карниз 1.50.141;1.50.141;Нет;ВР000005170;3,24;63,75;;
4814;карниз 1.50.142;1.50.142;Нет;ВР000001544;7,39;69,75;;
4815;карниз 1.50.143;1.50.143;Нет;ВР000005171;3,21;69,75;;
4816;карниз 1.50.144;1.50.144;Нет;ВР000005173;3,15;69,75;;
4817;карниз 1.50.145;1.50.145;Нет;ВР000001586;13,61;77,25;;
4818;карниз 1.50.146;1.50.146;Нет;ВР000005175;7,05;69,75;;
4819;карниз 1.50.147;1.50.147;Нет;ВР000001182;7,18;77,25;;
4820;карниз 1.50.148;1.50.148;Нет;ВР000006025;3,88;69,75;;
4822;карниз 1.50.150;1.50.150;Нет;ВР000001054;1,05;60;;
4823;карниз 1.50.151;1.50.151;Нет;ВР001021964;35,93;77,25;;
4824;карниз 1.50.152;1.50.152;Нет;ВР001021965;35,63;77,25;;
4825;карниз 1.50.153;1.50.153;Нет;ВР001021966;35,94;77,25;;
4826;карниз 1.50.154;1.50.154;Нет;ВР001022849;0,44;60;;
4827;карниз 1.50.155;1.50.155;Нет;ВР001022850;0,51;60;;
4828;карниз 1.50.156;1.50.156;Нет;ВР001022851;0,74;60;;
4829;карниз 1.50.157;1.50.157;Нет;ВР001022852;0,67;60;;
4830;карниз 1.50.158;1.50.158;Нет;ВР001022853;0,78;60;;
4831;карниз 1.50.159;1.50.159;Нет;ВР001022854;0,73;60;;
4832;карниз 1.50.160;1.50.160;Нет;ВР000001055;2,34;60;;
4833;карниз 1.50.162;1.50.162;Нет;ВР000002855;2,93;69,75;;
4834;карниз 1.50.163;1.50.163;Нет;ВР000002934;6,74;78,75;;
4835;карниз 1.50.164;1.50.164;Нет;ВР000002936;6,03;78,75;;
4836;карниз 1.50.165;1.50.165;Нет;ВР000001056;2,97;69,75;;
4837;карниз 1.50.166;1.50.166;Нет;ВР000004078;5,01;77,25;;
4838;карниз 1.50.167;1.50.167;Нет;ВР000004319;4,54;77,25;;
4839;карниз 1.50.168;1.50.168;Нет;ВР000004036;4,58;77,25;;
4840;карниз 1.50.169;1.50.169;Нет;ВР000005325;4,69;69,75;;
4841;карниз 1.50.170;1.50.170;Нет;ВР000001057;4,4;69,75;;
4842;карниз 1.50.171;1.50.171;Нет;ВР001022855;0,92;60;;
4843;карниз 1.50.172;1.50.172;Нет;ВР001022856;1,03;60;;
4844;карниз 1.50.173;1.50.173;Нет;ВР001022857;1,45;60;;
4845;карниз 1.50.174;1.50.174;Нет;ВР001022858;1,14;60;;
4846;карниз 1.50.175;1.50.175;Нет;ВР000001355;6,59;77,25;;
4847;карниз 1.50.176;1.50.176;Нет;ВР000005000;5,01;78,75;;
4848;карниз 1.50.177;1.50.177;Нет;ВР000006024;3,1;78,75;;
4849;карниз 1.50.180;1.50.180;Нет;ВР000001451;4,07;78,75;;
4850;карниз 1.50.181;1.50.181;Нет;ВР001023412;2,13;69,75;;
4851;карниз 1.50.182;1.50.182;Нет;ВР001023413;1,45;69,75;;
4852;карниз 1.50.183;1.50.183;Нет;ВР001023414;3,68;69,75;;
4853;карниз 1.50.184;1.50.184;Нет;ВР001023415;2,49;69,75;;
4854;карниз 1.50.185;1.50.185;Нет;ВР001023416;4,6;69,75;;
4855;карниз 1.50.186;1.50.186;Нет;ВР001023417;2,5;69,75;;
4856;карниз 1.50.187;1.50.187;Нет;ВР001023418;2,23;69,75;;
4857;карниз 1.50.188;1.50.188;Нет;ВР001023693;1,27;69,75;;
4858;карниз 1.50.190;1.50.190;Нет;ВР001024050;0,92;60;;
4859;карниз 1.50.191;1.50.191;Нет;ВР001024053;0,84;60;;
4860;карниз 1.50.192;1.50.192;Нет;ВР002025145;2,62;63,75;;
4861;карниз 1.50.193;1.50.193;Нет;ВР002025144;2,96;69,75;;
4862;карниз 1.50.194;1.50.194;Нет;ВР002025137;1,88;69,75;;
4863;карниз 1.50.195;1.50.195;Нет;ВР002025296;2,12;69,75;;
4864;карниз 1.50.196;1.50.196;Нет;ВР002025293;4,33;69,75;;
4865;карниз 1.50.197;1.50.197;Нет;ВР002025291;2,32;69,75;;
4866;карниз 1.50.198;1.50.198;Нет;ВР002025290;3,56;69,75;;
4867;карниз 1.50.200;1.50.200;Нет;ВР002025307;1,88;60;;
4868;карниз 1.50.201;1.50.201;Нет;ВР002025337;5,59;77,25;;
4870;карниз 1.50.203;1.50.203;Нет;ВР002025341;4,46;77,25;;
4871;карниз 1.50.204;1.50.204;Нет;ВР002025428;1,21;60;;
4872;карниз 1.50.208;1.50.208;Нет;ВР002025426;2,18;69,75;;
4873;карниз 1.50.209;1.50.209;Нет;ВР000001058;6,83;77,25;;
4874;карниз 1.50.210;1.50.210;Нет;ВР000001077;7,63;78,75;;
4875;карниз 1.50.211;1.50.211;Нет;ВР000004385;9,44;63,75;;
4876;карниз 1.50.212;1.50.212;Нет;ВР000004386;7,76;63,75;;
4877;карниз 1.50.220;1.50.220;Нет;ВР000001281;6,31;78,75;;
4878;карниз 1.50.221;1.50.221;Нет;ВР000001338;10,36;78,75;;
4879;карниз 1.50.222;1.50.222;Нет;ВР000001612;9,88;78,75;;
4880;карниз 1.50.250;1.50.250;Нет;ВР000005486;5,41;63,75;;
4881;карниз 1.50.251;1.50.251;Нет;ВР000005602;2,46;60;;
4882;карниз 1.50.252;1.50.252;Нет;ВР000004035;5,58;77,25;;
4883;карниз 1.50.253;1.50.253;Нет;ВР000005501;3;78,75;;
4884;карниз 1.50.254;1.50.254;Нет;ВР000005595;3,68;77,25;;
4885;карниз 1.50.255;1.50.255;Нет;ВР000005644;4,1;69,75;;
4886;карниз 1.50.256;1.50.256;Нет;ВР000005750;6,16;77,25;;
4887;карниз 1.50.257;1.50.257;Нет;ВР000005752;0,91;60;;
4888;карниз 1.50.258;1.50.258;Нет;ВР000005754;0,69;60;;
4889;карниз 1.50.259;1.50.259;Нет;ВР000005756;1,8;60;;
4890;карниз 1.50.260;1.50.260;Нет;ВР000006884;6,8;78,75;;
4891;карниз 1.50.261;1.50.261;Нет;ВР001000006;3,14;78,75;;
4892;карниз 1.50.262;1.50.262;Нет;ВР001000028;6,62;60;;
4893;карниз 1.50.264;1.50.264;Нет;ВР001002926;7,5;78,75;;
4894;карниз 1.50.265;1.50.265;Нет;ВР001007508;2,37;78,75;;
4895;карниз 1.50.266;1.50.266;Нет;ВР001007509;2,06;60;;
4896;карниз 1.50.267;1.50.267;Нет;ВР001007510;5,1;78,75;;
4897;карниз 1.50.268;1.50.268;Нет;ВР001007511;5,08;78,75;;
4898;карниз 1.50.269;1.50.269;Нет;ВР001007512;6,82;78,75;;
4899;карниз 1.50.270;1.50.270;Нет;ВР001007513;6,85;78,75;;
4900;карниз 1.50.271;1.50.271;Нет;ВР002025312;10,09;78,75;;
4901;карниз 1.50.273;1.50.273;Нет;ВР002025512;9,92;78,75;;
4902;карниз 1.50.114 гибкий;1.50.114;Да;ВР002028331;1,89;63,75;;
4903;карниз 1.50.115 гибкий;1.50.115;Да;ВР002028332;1,43;63,75;;
4904;карниз 1.50.116 гибкий;1.50.116;Да;ВР002028333;4,04;69,75;;
4905;карниз 1.50.117 гибкий;1.50.117;Да;ВР002028334;5,98;77,25;;
4906;карниз 1.50.118 гибкий;1.50.118;Да;ВР002028335;7,53;77,25;;
4907;карниз 1.50.119 гибкий;1.50.119;Да;ВР002028336;3,57;69,75;;
4908;карниз 1.50.120 гибкий;1.50.120;Да;ВР002028337;7,46;77,25;;
4909;карниз 1.50.121 гибкий;1.50.121;Да;ВР002028338;3,28;69,75;;
4910;карниз 1.50.122 гибкий;1.50.122;Да;ВР002028339;1,97;63,75;;
4911;карниз 1.50.100 гибкий;1.50.100;Да;ВР002028318;2,1;69,75;;
4912;карниз 1.50.102 гибкий;1.50.102;Да;ВР002028319;1,93;69,75;;
4913;карниз 1.50.103 гибкий;1.50.103;Да;ВР002028320;1,74;69,75;;
4914;карниз 1.50.104 гибкий;1.50.104;Да;ВР002028321;5,28;78,75;;
4915;карниз 1.50.105 гибкий;1.50.105;Да;ВР002028322;2,43;63,75;;
4916;карниз 1.50.106 гибкий;1.50.106;Да;ВР002028323;2,96;63,75;;
4917;карниз 1.50.107 гибкий;1.50.107;Да;ВР002028324;6,4;78,75;;
4918;карниз 1.50.109 гибкий;1.50.109;Да;ВР002028326;9,45;69,75;;
4919;карниз 1.50.110 гибкий;1.50.110;Да;ВР002028327;10,57;78,75;;
4920;карниз 1.50.111 гибкий;1.50.111;Да;ВР002028328;6,78;78,75;;
4921;карниз 1.50.112 гибкий;1.50.112;Да;ВР002028329;3,47;63,75;;
4922;карниз 1.50.113 гибкий;1.50.113;Да;ВР002028330;3,05;69,75;;
4923;карниз 1.50.123 гибкий;1.50.123;Да;ВР002028340;0,78;60;;
4924;карниз 1.50.124 гибкий;1.50.124;Да;ВР002028341;4,36;69,75;;
4925;карниз 1.50.125 гибкий;1.50.125;Да;ВР002028342;2,86;69,75;;
4926;карниз 1.50.126 гибкий;1.50.126;Да;ВР002028343;3,19;69,75;;
4927;карниз 1.50.127 гибкий;1.50.127;Да;ВР002028344;2,32;69,75;;
4928;карниз 1.50.128 гибкий;1.50.128;Да;ВР002028345;5,41;69,75;;
4929;карниз 1.50.129 гибкий;1.50.129;Да;ВР002028346;3,6;69,75;;
4930;карниз 1.50.130 гибкий;1.50.130;Да;ВР002028347;0,94;60;;
4931;карниз 1.50.131 гибкий;1.50.131;Да;ВР002028348;6,83;69,75;;
4932;карниз 1.50.132 гибкий;1.50.132;Да;ВР002028349;12,58;77,25;;
4933;карниз 1.50.133 гибкий;1.50.133;Да;ВР002028350;6,7;77,25;;
4934;карниз 1.50.134 гибкий;1.50.134;Да;ВР002028366;15,37;77,25;;
4935;карниз 1.50.135 гибкий;1.50.135;Да;ВР002028367;3,97;60;;
4936;карниз 1.50.136 гибкий;1.50.136;Да;ВР002028368;8,17;77,25;;
4937;карниз 1.50.137 гибкий;1.50.137;Да;ВР002028369;12,63;77,25;;
4938;карниз 1.50.138 гибкий;1.50.138;Да;ВР002028370;7,15;77,25;;
4939;карниз 1.50.139 гибкий;1.50.139;Да;ВР002028371;3,59;69,75;;
4940;карниз 1.50.140 гибкий;1.50.140;Да;ВР002028372;2,44;63,75;;
4941;карниз 1.50.141 гибкий;1.50.141;Да;ВР002028373;3,24;63,75;;
4942;карниз 1.50.142 гибкий;1.50.142;Да;ВР002028374;7,39;69,75;;
4943;карниз 1.50.143 гибкий;1.50.143;Да;ВР002028375;3,21;69,75;;
4944;карниз 1.50.144 гибкий;1.50.144;Да;ВР002028376;3,15;69,75;;
4945;карниз 1.50.145 гибкий;1.50.145;Да;ВР002028377;13,61;77,25;;
4946;карниз 1.50.146 гибкий;1.50.146;Да;ВР002028378;7,05;69,75;;
4947;карниз 1.50.147 гибкий;1.50.147;Да;ВР002028379;7,18;77,25;;
4948;карниз 1.50.148 гибкий;1.50.148;Да;ВР002028380;3,88;69,75;;
4950;карниз 1.50.150 гибкий;1.50.150;Да;ВР002028382;1,05;60;;
4951;карниз 1.50.151 гибкий;1.50.151;Да;ВР002028383;35,93;77,25;;
4952;карниз 1.50.152 гибкий;1.50.152;Да;ВР002028384;35,63;77,25;;
4953;карниз 1.50.153 гибкий;1.50.153;Да;ВР002028385;35,94;77,25;;
4954;карниз 1.50.154 гибкий;1.50.154;Да;ВР002028386;0,44;60;;
4955;карниз 1.50.155 гибкий;1.50.155;Да;ВР002028387;0,51;60;;
4956;карниз 1.50.156 гибкий;1.50.156;Да;ВР002028388;0,74;60;;
4957;карниз 1.50.157 гибкий;1.50.157;Да;ВР002028389;0,67;60;;
4958;карниз 1.50.158 гибкий;1.50.158;Да;ВР002028390;0,78;60;;
4959;карниз 1.50.159 гибкий;1.50.159;Да;ВР002028391;0,73;60;;
4960;карниз 1.50.160 гибкий;1.50.160;Да;ВР002028392;2,34;60;;
4961;карниз 1.50.162 гибкий;1.50.162;Да;ВР002028393;2,93;69,75;;
4962;карниз 1.50.163 гибкий;1.50.163;Да;ВР002028394;6,74;78,75;;
4963;карниз 1.50.164 гибкий;1.50.164;Да;ВР002028395;6,03;78,75;;
4964;карниз 1.50.165 гибкий;1.50.165;Да;ВР002028396;2,97;69,75;;
4965;карниз 1.50.166 гибкий;1.50.166;Да;ВР002028397;5,01;77,25;;
4966;карниз 1.50.168 гибкий;1.50.168;Да;ВР002028398;4,58;77,25;;
4967;карниз 1.50.169 гибкий;1.50.169;Да;ВР002028399;4,69;69,75;;
4968;карниз 1.50.170 гибкий;1.50.170;Да;ВР002028400;4,4;69,75;;
4969;карниз 1.50.171 гибкий;1.50.171;Да;ВР002028401;0,92;60;;
4970;карниз 1.50.172 гибкий;1.50.172;Да;ВР002028402;1,03;60;;
4971;карниз 1.50.173 гибкий;1.50.173;Да;ВР002028403;1,45;60;;
4972;карниз 1.50.174 гибкий;1.50.174;Да;ВР002028404;1,14;60;;
4973;карниз 1.50.175 гибкий;1.50.175;Да;ВР002028405;6,59;77,25;;
4974;карниз 1.50.176 гибкий;1.50.176;Да;ВР002028406;5,01;78,75;;
4975;карниз 1.50.177 гибкий;1.50.177;Да;ВР002028407;3,1;78,75;;
4976;карниз 1.50.180 гибкий;1.50.180;Да;ВР002028409;4,07;78,75;;
4977;карниз 1.50.181 гибкий;1.50.181;Да;ВР002028410;2,13;69,75;;
4978;карниз 1.50.182 гибкий;1.50.182;Да;ВР002028411;1,45;69,75;;
4979;карниз 1.50.183 гибкий;1.50.183;Да;ВР002028412;3,68;69,75;;
4980;карниз 1.50.184 гибкий;1.50.184;Да;ВР002028413;2,49;69,75;;
4981;карниз 1.50.185 гибкий;1.50.185;Да;ВР002028414;4,6;69,75;;
4982;карниз 1.50.186 гибкий;1.50.186;Да;ВР002028415;2,5;69,75;;
4983;карниз 1.50.187 гибкий;1.50.187;Да;ВР002028416;2,23;69,75;;
4984;карниз 1.50.188 гибкий;1.50.188;Да;ВР002028417;1,27;69,75;;
4985;карниз 1.50.190 гибкий;1.50.190;Да;ВР002028419;0,92;60;;
4986;карниз 1.50.191 гибкий;1.50.191;Да;ВР002028420;0,84;60;;
4987;карниз 1.50.192 гибкий;1.50.192;Да;ВР002028421;2,62;63,75;;
4988;карниз 1.50.193 гибкий;1.50.193;Да;ВР002028422;2,96;69,75;;
4989;карниз 1.50.194 гибкий;1.50.194;Да;ВР002028423;1,88;69,75;;
4990;карниз 1.50.195 гибкий;1.50.195;Да;ВР002028424;2,12;69,75;;
4991;карниз 1.50.197 гибкий;1.50.197;Да;ВР002028426;2,32;69,75;;
4992;карниз 1.50.200 гибкий;1.50.200;Да;ВР002028429;1,88;60;;
4994;карниз 1.50.203 гибкий;1.50.203;Да;ВР002028432;4,46;77,25;;
4995;карниз 1.50.209 гибкий;1.50.209;Да;ВР002028436;6,83;77,25;;
4997;карниз 1.50.220 гибкий;1.50.220;Да;ВР002028438;6,31;78,75;;
4998;карниз 1.50.221 гибкий;1.50.221;Да;ВР002028439;10,36;78,75;;
4999;карниз 1.50.222 гибкий;1.50.222;Да;ВР002028440;9,88;78,75;;
5000;карниз 1.50.250 гибкий;1.50.250;Да;ВР002028441;5,41;63,75;;
5001;карниз 1.50.251 гибкий;1.50.251;Да;ВР002028442;2,46;60;;
5002;карниз 1.50.252 гибкий;1.50.252;Да;ВР002028443;5,58;77,25;;
5003;карниз 1.50.253 гибкий;1.50.253;Да;ВР002028444;3;78,75;;
5004;карниз 1.50.254 гибкий;1.50.254;Да;ВР002028445;3,68;77,25;;
5005;карниз 1.50.255 гибкий;1.50.255;Да;ВР002028446;4,1;69,75;;
5006;карниз 1.50.256 гибкий;1.50.256;Да;ВР002028447;6,16;77,25;;
5007;карниз 1.50.257 гибкий;1.50.257;Да;ВР002028448;0,91;60;;
5008;карниз 1.50.258 гибкий;1.50.258;Да;ВР002028449;0,69;60;;
5009;карниз 1.50.259 гибкий;1.50.259;Да;ВР002028450;1,8;60;;
5010;карниз 1.50.260 гибкий;1.50.260;Да;ВР002028451;6,8;78,75;;
5011;карниз 1.50.261 гибкий;1.50.261;Да;ВР002028452;3,14;78,75;;
5012;карниз 1.50.262 гибкий;1.50.262;Да;ВР002028453;6,62;60;;
5013;карниз 1.50.264 гибкий;1.50.264;Да;ВР002028454;7,5;78,75;;
5014;карниз 1.50.265 гибкий;1.50.265;Да;ВР002028455;2,37;78,75;;
5015;карниз 1.50.266 гибкий;1.50.266;Да;ВР002028456;2,06;60;;
5016;карниз 1.50.267 гибкий;1.50.267;Да;ВР002028457;5,1;78,75;;
5017;карниз 1.50.268 гибкий;1.50.268;Да;ВР002028458;5,08;78,75;;
5018;карниз 1.50.269 гибкий;1.50.269;Да;ВР002028459;6,82;78,75;;
5019;карниз 1.50.270 гибкий;1.50.270;Да;ВР002028460;6,85;78,75;;
5020;молдинг 1.51.311;1.51.311;Нет;ВР000001522;2,48;69,75;;
5021;молдинг 1.51.314;1.51.314;Нет;ВР000001642;1,46;69,75;;
5022;молдинг 1.51.327;1.51.327;Нет;ВР000004028;3,59;69,75;;
5023;молдинг 1.51.301;1.51.301;Нет;ВР000001059;0,85;37,5;;
5024;молдинг 1.51.305;1.51.305;Нет;ВР000001062;0,82;15;;
5025;молдинг 1.51.321;1.51.321;Нет;ВР000005725;0,2;37,5;;
5026;молдинг 1.51.400;1.51.400;Нет;ВР000005827;0,96;69,75;;
5027;молдинг 1.51.302;1.51.302;Нет;ВР000001060;1,89;69,75;;
5028;молдинг 1.51.303;1.51.303;Нет;ВР000001061;1,94;69,75;;
5029;молдинг 1.51.304;1.51.304;Нет;ВР000001167;1,86;37,5;;
5030;молдинг 1.51.306;1.51.306;Нет;ВР000001064;0,68;37,5;;
5031;молдинг 1.51.307;1.51.307;Нет;ВР000001065;3,06;69,75;;
5032;молдинг 1.51.324;1.51.324;Нет;ВР000002932;1,13;69,75;;
5033;молдинг 1.51.352;1.51.352;Нет;ВР000005503;1,06;37,5;;
5034;молдинг 1.51.325;1.51.325;Нет;ВР000002935;3,29;69,75;;
5035;молдинг 1.51.312;1.51.312;Нет;ВР000001595;1,08;37,5;;
5036;молдинг 1.51.332;1.51.332;Нет;ВР001023823;1,26;69,75;;
5037;молдинг 1.51.350;1.51.350;Нет;ВР000005488;5,16;69,75;;
5038;молдинг 1.51.326;1.51.326;Нет;ВР000004305;2,12;69,75;;
5039;молдинг 1.51.308;1.51.308;Нет;ВР000001175;1,15;37,5;;
5040;молдинг 1.51.309;1.51.309;Нет;ВР000001170;2,36;69,75;;
5041;молдинг 1.51.310;1.51.310;Нет;ВР000001183;2,77;69,75;;
5042;молдинг 1.51.313;1.51.313;Нет;ВР000004235;1,75;69,75;;
5043;молдинг 1.51.315;1.51.315;Нет;ВР000001942;2,85;69,75;;
5044;молдинг 1.51.316;1.51.316;Нет;ВР000002045;2,89;69,75;;
5045;молдинг 1.51.317;1.51.317;Нет;ВР000002067;2,61;69,75;;
5046;молдинг 1.51.318;1.51.318;Нет;ВР000002158;2,33;69,75;;
5047;молдинг 1.51.319;1.51.319;Нет;ВР000002566;5,35;69,75;;
5048;молдинг 1.51.320;1.51.320;Нет;ВР000002330;3,35;69,75;;
5049;молдинг 1.51.322;1.51.322;Нет;ВР001022869;0,48;37,5;;
5050;молдинг 1.51.328;1.51.328;Нет;ВР000005631;1,33;69,75;;
5051;молдинг 1.51.330;1.51.330;Нет;ВР000004389;2,26;69,75;;
5053;молдинг 1.51.340;1.51.340;Нет;ВР000002481;2,56;69,75;;
5054;молдинг 1.51.341;1.51.341;Нет;ВР001007514;1,76;69,75;;
5055;молдинг 1.51.342;1.51.342;Нет;ВР001007515;1,64;69,75;;
5056;молдинг 1.51.343;1.51.343;Нет;ВР001007516;1,57;69,75;;
5057;молдинг 1.51.344;1.51.344;Нет;ВР001007518;2,09;69,75;;
5058;молдинг 1.51.351;1.51.351;Нет;ВР000005561;2,43;69,75;;
5059;молдинг 1.51.380;1.51.380;Нет;ВР000004027;9,98;69,75;;
5060;молдинг 1.51.401;1.51.401;Нет;ВР000005728;0,34;37,5;;
5061;молдинг 1.51.323;1.51.323;Нет;ВР001022870;0,56;37,5;;
5062;молдинг 1.51.339;1.51.339;Нет;ВР001023833;1,28;69,75;;
5063;молдинг 1.51.331;1.51.331;Нет;ВР001023821;1,44;69,75;;
5064;молдинг 1.51.336;1.51.336;Нет;ВР001023829;1,12;69,75;;
5065;молдинг 1.51.334;1.51.334;Нет;ВР001023825;0,8;37,5;;
5066;молдинг 1.51.335;1.51.335;Нет;ВР001023827;1,84;69,75;;
5067;молдинг 1.51.337;1.51.337;Нет;ВР001023831;1,49;69,75;;
5068;молдинг 1.51.348;1.51.348;Нет;ВР002025333;1,8;69,75;;
5069;молдинг 1.51.349;1.51.349;Нет;ВР002025335;2,74;69,75;;
5070;молдинг 1.51.329;1.51.329;Нет;ВР001023819;0,45;37,5;;
5071;молдинг 1.51.347;1.51.347;Нет;ВР002025135;2,91;69,75;;
5072;молдинг 1.51.355;1.51.355;Нет;ВР002025434;2,96;69,75;;
5073;молдинг 1.51.354;1.51.354;Нет;ВР002025432;2,09;69,75;;
5074;молдинг 1.51.311 гибкий;1.51.311;Да;ВР002028473;2,48;69,75;;
5075;молдинг 1.51.314 гибкий;1.51.314;Да;ВР002028476;1,46;69,75;;
5076;молдинг 1.51.327 гибкий;1.51.327;Да;ВР002028488;3,59;69,75;;
5077;молдинг 1.51.301 гибкий;1.51.301;Да;ВР002028463;0,85;37,5;;
5078;молдинг 1.51.305 гибкий;1.51.305;Да;ВР002028467;0,82;15;;
5079;молдинг 1.51.321 гибкий;1.51.321;Да;ВР002028482;0,2;37,5;;
5080;молдинг 1.51.400 гибкий;1.51.400;Да;ВР002028520;0,96;69,75;;
5081;молдинг 1.51.302 гибкий;1.51.302;Да;ВР002028464;1,89;69,75;;
5082;молдинг 1.51.303 гибкий;1.51.303;Да;ВР002028465;1,94;69,75;;
5083;молдинг 1.51.304 гибкий;1.51.304;Да;ВР002028466;1,86;37,5;;
5084;молдинг 1.51.306 гибкий;1.51.306;Да;ВР002028468;0,68;37,5;;
5085;молдинг 1.51.307 гибкий;1.51.307;Да;ВР002028469;3,06;69,75;;
5086;молдинг 1.51.324 гибкий;1.51.324;Да;ВР002028485;1,13;69,75;;
5087;молдинг 1.51.352 гибкий;1.51.352;Да;ВР002028511;1,06;37,5;;
5088;молдинг 1.51.325 гибкий;1.51.325;Да;ВР002028486;3,29;69,75;;
5089;молдинг 1.51.312 гибкий;1.51.312;Да;ВР002028474;1,08;37,5;;
5090;молдинг 1.51.332 гибкий;1.51.332;Да;ВР002028493;1,26;69,75;;
5091;молдинг 1.51.350 гибкий;1.51.350;Да;ВР002028509;5,16;69,75;;
5092;молдинг 1.51.326 гибкий;1.51.326;Да;ВР002028487;2,12;69,75;;
5093;молдинг 1.51.308 гибкий;1.51.308;Да;ВР002028470;1,15;37,5;;
5094;молдинг 1.51.309 гибкий;1.51.309;Да;ВР002028471;2,36;69,75;;
5095;молдинг 1.51.310 гибкий;1.51.310;Да;ВР002028472;2,77;69,75;;
5096;молдинг 1.51.313 гибкий;1.51.313;Да;ВР002028475;1,75;69,75;;
5097;молдинг 1.51.315 гибкий;1.51.315;Да;ВР002028477;2,85;69,75;;
5098;молдинг 1.51.316 гибкий;1.51.316;Да;ВР002028478;2,89;69,75;;
5099;молдинг 1.51.317 гибкий;1.51.317;Да;ВР002028479;2,61;69,75;;
5100;молдинг 1.51.318 гибкий;1.51.318;Да;ВР002028480;2,33;69,75;;
5101;молдинг 1.51.319 гибкий;1.51.319;Да;ВР002028481;5,35;69,75;;
5102;молдинг 1.51.320 гибкий;1.51.320;Да;ВР002028566;3,35;69,75;;
5103;молдинг 1.51.322 гибкий;1.51.322;Да;ВР002028483;0,48;37,5;;
5104;молдинг 1.51.328 гибкий;1.51.328;Да;ВР002028489;1,33;69,75;;
5105;молдинг 1.51.330 гибкий;1.51.330;Да;ВР002028491;2,26;69,75;;
5107;молдинг 1.51.340 гибкий;1.51.340;Да;ВР002028500;2,56;69,75;;
5108;молдинг 1.51.341 гибкий;1.51.341;Да;ВР002028501;1,76;69,75;;
5109;молдинг 1.51.342 гибкий;1.51.342;Да;ВР002028502;1,64;69,75;;
5110;молдинг 1.51.343 гибкий;1.51.343;Да;ВР002028503;1,57;69,75;;
5111;молдинг 1.51.344 гибкий;1.51.344;Да;ВР002028504;2,09;69,75;;
5112;молдинг 1.51.351 гибкий;1.51.351;Да;ВР002028510;2,43;69,75;;
5113;молдинг 1.51.380 гибкий;1.51.380;Да;ВР002028519;9,98;69,75;;
5114;молдинг 1.51.401 гибкий;1.51.401;Да;ВР002028521;0,34;37,5;;
5115;молдинг 1.51.323 гибкий;1.51.323;Да;ВР002028484;0,56;37,5;;
5116;молдинг 1.51.339 гибкий;1.51.339;Да;ВР002028499;1,28;69,75;;
5117;молдинг 1.51.331 гибкий;1.51.331;Да;ВР002028492;1,44;69,75;;
5118;молдинг 1.51.336 гибкий;1.51.336;Да;ВР002028497;1,12;69,75;;
5119;молдинг 1.51.334 гибкий;1.51.334;Да;ВР002028495;0,8;37,5;;
5120;молдинг 1.51.335 гибкий;1.51.335;Да;ВР002028496;1,84;69,75;;
5121;молдинг 1.51.337 гибкий;1.51.337;Да;ВР002028498;1,49;69,75;;
5122;молдинг 1.51.348 гибкий;1.51.348;Да;ВР002028507;1,8;69,75;;
5123;молдинг 1.51.349 гибкий;1.51.349;Да;ВР002028508;2,74;69,75;;
5124;молдинг 1.51.329 гибкий;1.51.329;Да;ВР002028490;0,45;37,5;;
5125;молдинг 1.51.347 гибкий;1.51.347;Да;ВР002028506;2,91;69,75;;
5126;молдинг 1.51.355 гибкий;1.51.355;Да;ВР002028514;2,96;69,75;;
5127;молдинг 1.51.354 гибкий;1.51.354;Да;ВР002028513;2,09;69,75;;
5128;плинтус 1.53.102;1.53.102;Нет;ВР000004322;4,39;69,75;;
5129;плинтус 1.53.103;1.53.103;Нет;ВР000004323;2,5;69,75;;
5130;плинтус 1.53.104;1.53.104;Нет;ВР001005248;3,13;69,75;;
5131;плинтус 1.53.105;1.53.105;Нет;ВР001022003;4,16;69,75;;
5132;плинтус 1.53.106;1.53.106;Нет;ВР001022873;1,8;69,75;;
5133;плинтус 1.53.107;1.53.107;Нет;ВР001022874;1,92;69,75;;
5134;плинтус 1.53.109;1.53.109;Нет;ВР002025436;1,9;69,75;;
5135;плинтус 1.53.101;1.53.101;Нет;ВР000004321;3,92;69,75;;
5136;плинтус 1.53.102 гибкий;1.53.102;Да;ВР002028523;4,39;69,75;;
5137;плинтус 1.53.103 гибкий;1.53.103;Да;ВР002028524;2,5;69,75;;
5138;плинтус 1.53.104 гибкий;1.53.104;Да;ВР002028527;3,13;69,75;;
5139;плинтус 1.53.105 гибкий;1.53.105;Да;ВР002028528;4,16;69,75;;
5140;плинтус 1.53.106 гибкий;1.53.106;Да;ВР002028529;1,8;69,75;;
5141;плинтус 1.53.107 гибкий;1.53.107;Да;ВР002028530;1,92;69,75;;
5142;плинтус 1.53.109 гибкий;1.53.109;Да;ВР002028531;1,9;69,75;;
5143;плинтус 1.53.101 гибкий;1.53.101;Да;ВР002028522;3,92;69,75;;
5144;угловой элемент 1.52.326;1.52.326;Нет;ВР000004306;2,12;21;;
5145;угловой элемент 1.52.301;1.52.301;Нет;ВР000001080;0,85;18;;
5146;угловой элемент 1.52.302;1.52.302;Нет;ВР000001300;1,89;18;;
5147;угловой элемент 1.52.290;1.52.290;Нет;ВР000001732;0,85;13,58;;
5148;угловой элемент 1.52.293;1.52.293;Нет;ВР000001733;0,85;13,58;;
5149;угловой элемент 1.52.292;1.52.292;Нет;ВР000001755;1,08;18;;
5150;угловой элемент 1.52.288;1.52.288;Нет;ВР000005304;1,08;18;;
5151;угловой элемент 1.52.294;1.52.294;Нет;ВР000001643;1,46;18;;
5152;угловой элемент 1.52.291;1.52.291;Нет;ВР000001731;0,85;13,58;;
5153;угловой элемент 1.52.295;1.52.295;Нет;ВР000001734;0,85;13,58;;
5154;угловой элемент 1.52.328;1.52.328;Нет;ВР000005640;1,33;18;;
5155;угловой элемент 1.52.400;1.52.400;Нет;ВР000005828;0,96;18;;
5156;угловой элемент 1.52.289;1.52.289;Нет;ВР000005338;1,15;13,58;;
5157;угловой элемент 1.52.296;1.52.296;Нет;ВР000001774;1,46;21;;
5158;угловой элемент 1.52.297;1.52.297;Нет;ВР000005406;1,15;18;;
5159;угловой элемент 1.52.298;1.52.298;Нет;ВР000004320;1,15;18;;
5160;угловой элемент 1.52.300;1.52.300;Нет;ВР000005506;1,06;18;;
5161;угловой элемент 1.52.303;1.52.303;Нет;ВР000005507;1,06;18;;
5162;угловой элемент 1.52.308;1.52.308;Нет;ВР000001351;1,15;13,58;;
5163;угловой элемент 1.52.312;1.52.312;Нет;ВР000001679;1,08;18;;
5164;угловой элемент 1.52.313;1.52.313;Нет;ВР000004280;1,75;21;;
5165;угловой элемент 1.52.314;1.52.314;Нет;ВР000001775;1,46;18;;
5166;угловой элемент 1.52.318;1.52.318;Нет;ВР000004383;2,33;13,58;;
5167;кронштейн 1.19.001;1.19.001;Нет;ВР000001447;;18,75;;
5168;кронштейн 1.19.137;1.19.137;Нет;ВР000001828;2;0;;
5169;кронштейн 1.19.002;1.19.002;Нет;ВР000001352;;18,75;;
5170;кронштейн 1.19.005;1.19.005;Нет;ВР000001928;;18,75;;
5171;кронштейн 1.19.003;1.19.003;Нет;ВР000001450;;18,75;;
5172;кронштейн 1.19.004;1.19.004;Нет;ВР000001866;;18,75;;
5174;розетка 1.56.017;1.56.017;Нет;ВР000001180;;23,25;;
5175;розетка 1.56.001;1.56.001;Нет;ВР000005505;;36;;
5176;розетка 1.56.002;1.56.002;Нет;ВР001023635;;27;;
5177;розетка 1.56.004;1.56.004;Нет;ВР001023637;;22,5;;
5178;розетка 1.56.007;1.56.007;Нет;ВР001023640;;21;;
5179;розетка 1.56.013;1.56.013;Нет;ВР000001069;;13,5;;
5180;розетка 1.56.014;1.56.014;Нет;ВР000001070;;18;;
5181;розетка 1.56.015;1.56.015;Нет;ВР000001071;;29,25;;
5182;розетка 1.56.016;1.56.016;Нет;ВР000001075;;24,75;;
5183;розетка 1.56.018;1.56.018;Нет;ВР000004236;;39;;
5184;розетка 1.56.019;1.56.019;Нет;ВР000001773;;27;;
5185;розетка 1.56.020;1.56.020;Нет;ВР000005129;;24,75;;
5186;розетка 1.56.022;1.56.022;Нет;ВР000001482;;27,75;;
5187;розетка 1.56.023;1.56.023;Нет;ВР000001294;;30,75;;
5188;розетка 1.56.024;1.56.024;Нет;ВР000001483;;26,25;;
5189;розетка 1.56.025;1.56.025;Нет;ВР000001295;;42,75;;
5190;розетка 1.56.005;1.56.005;Нет;ВР001023638;;34,5;;
5191;розетка 1.56.010;1.56.010;Нет;ВР001023642;;9,75;;
5192;розетка 1.56.028;1.56.028;Нет;ВР000004029;;35,25;;
5193;розетка 1.56.029;1.56.029;Нет;ВР000004030;;40,5;;
5194;розетка 1.56.030;1.56.030;Нет;ВР000002943;;21;;
5195;розетка 1.56.003;1.56.003;Нет;ВР001023636;;27;;
5196;розетка 1.56.031;1.56.031;Нет;ВР000002928;;32,25;;
5197;розетка 1.56.021;1.56.021;Нет;ВР000001273;;25,5;;
5198;розетка 1.56.026;1.56.026;Нет;ВР000001179;;40,5;;
5199;розетка 1.56.006;1.56.006;Нет;ВР001023639;;17,25;;
5200;розетка 1.56.009;1.56.009;Нет;ВР001023641;;15;;
5201;розетка 1.56.032;1.56.032;Нет;ВР001024045;;16,5;;
5202;розетка 1.56.011;1.56.011;Нет;ВР001024042;;10,5;;
5203;розетка 1.56.037;1.56.037;Нет;ВР002025332;;17,25;;
5204;розетка 1.56.034;1.56.034;Нет;ВР002025309;;27;;
5205;розетка 1.56.033;1.56.033;Нет;ВР002025286;;24;;
5206;розетка 1.56.038;1.56.038;Нет;ВР002025331;;21;;
5207;розетка 1.56.012;1.56.012;Нет;ВР001024043;;27,75;;
5208;розетка 1.56.027;1.56.027;Нет;ВР001024044;;20,25;;
5209;розетка 1.56.039;1.56.039;Нет;ВР002025330;;34,5;;
5210;розетка 1.56.035;1.56.035;Нет;ВР002025310;;25,5;;
5211;розетка 1.56.042;1.56.042;Нет;ВР002025488;;10,5;;
5212;орнамент 1.60.114;1.60.114;Нет;ВР000001839;;6,04;;
5213;орнамент 1.60.014;1.60.014;Нет;ВР000001838;;6,04;;
5214;орнамент 1.60.011;1.60.011;Нет;ВР000001660;;6,04;;
5215;орнамент 1.60.111;1.60.111;Нет;ВР000001661;;6,04;;
5216;орнамент 1.60.007;1.60.007;Нет;ВР000001814;;6,04;;
5217;орнамент 1.60.005;1.60.005;Нет;ВР000001826;;6,04;;
5218;орнамент 1.60.012;1.60.012;Нет;ВР000001840;;7,5;;
5219;орнамент 1.60.008;1.60.008;Нет;ВР000001754;;6,04;;
5220;орнамент 1.60.010;1.60.010;Нет;ВР000001816;;6,04;;
5221;орнамент 1.60.002;1.60.002;Нет;ВР000001359;;6,04;;
5222;орнамент 1.60.003;1.60.003;Нет;ВР000001984;;6,04;;
5223;орнамент 1.60.004;1.60.004;Нет;ВР000001985;;6,04;;
5224;орнамент 1.60.006;1.60.006;Нет;ВР000001616;;6,04;;
5225;орнамент 1.60.009;1.60.009;Нет;ВР000001813;;6,04;;
5226;орнамент 1.60.015;1.60.015;Нет;ВР000002573;;6,04;;
5227;орнамент 1.60.017;1.60.017;Нет;ВР000002465;;6,04;;
5228;орнамент 1.60.018;1.60.018;Нет;ВР000002574;;6,04;;
5229;орнамент 1.60.019;1.60.019;Нет;ВР000002575;;7,5;;
5230;орнамент 1.60.108;1.60.108;Нет;ВР000001756;;6,04;;
5231;орнамент 1.60.109;1.60.109;Нет;ВР000001815;;6,04;;
5232;орнамент 1.60.110;1.60.110;Нет;ВР000001817;;6,04;;
5233;орнамент 1.60.001;1.60.001;Нет;ВР000001358;;6,04;;
5234;кессон 1.57.002;1.57.002;Нет;ВР001022065;;36;;
5235;кессон 1.57.003;1.57.003;Нет;ВР001022066;;36;;
5236;кессон 1.57.001;1.57.001;Нет;ВР000005512;;36;;
5237;кессон 1.57.004;1.57.004;Нет;ВР001022067;;37,5;;
5238;купол 1.58.001;1.58.001;Нет;ВР000004391;;72;;
5239;капитель 1.11.001;1.11.001;Нет;ВР000004174;10;30;;
5240;капитель 1.11.010;1.11.010;Нет;ВР001021828;10;24,75;;
5241;капитель 1.11.003;1.11.003;Нет;ВР000001977;10;30;;
5242;капитель 1.11.002;1.11.002;Нет;ВР000001288;10;24,75;;
5243;капитель 1.11.004;1.11.004;Нет;ВР000005449;10;30;;
5244;капитель 1.11.005;1.11.005;Нет;ВР001003797;10;24,75;;
5245;капитель 1.11.006;1.11.006;Нет;ВР001003798;10;24,75;;
5246;капитель 1.11.008;1.11.008;Нет;ВР001021826;10;24,75;;
5247;капитель 1.11.009;1.11.009;Нет;ВР001021827;10;24,75;;
5248;капитель 1.15.002;1.15.002;Нет;ВР000001227;10;24,75;;
5249;капитель 1.15.003;1.15.003;Нет;ВР000001871;10;30;;
5250;капитель 1.15.004;1.15.004;Нет;ВР001002928;10;30;;
5251;капитель 1.15.005;1.15.005;Нет;ВР000004376;10;24,75;;
5252;капитель 1.15.006;1.15.006;Нет;ВР001000031;10;24,75;;
5253;капитель 1.15.008;1.15.008;Нет;ВР001005249;10;24,75;;
5254;капитель 1.15.001;1.15.001;Нет;ВР000001187;10;30;;
5255;капитель 1.15.009;1.15.009;Нет;ВР001005243;10;24,75;;
5256;капитель 1.15.010;1.15.010;Нет;ВР001005247;10;24,75;;
5257;капитель 1.21.003;1.21.003;Нет;ВР000001301;10;24,75;;
5258;капитель 1.21.001;1.21.001;Нет;ВР000001181;10;24,75;;
5259;капитель 1.21.002;1.21.002;Нет;ВР000001178;10;30;;
5260;капитель 1.21.004;1.21.004;Нет;ВР000001444;10;30;;
5261;капитель 1.21.005;1.21.005;Нет;ВР000002089;10;30;;
5262;капитель 1.21.006;1.21.006;Нет;ВР000001927;10;30;;
5263;капитель 1.21.007;1.21.007;Нет;ВР000001389;10;24,75;;
5264;ствол 1.12.020;1.12.020;Нет;ВР000005788;10;0;;
5265;ствол 1.12.010;1.12.010;Нет;ВР000004146;10;0;;
5266;ствол 1.12.030;1.12.030;Нет;ВР000002050;10;0;;
5267;ствол 1.12.050;1.12.050;Нет;ВР001003796;10;0;;
5268;ствол 1.12.060;1.12.060;Нет;ВР001021829;10;0;;
5269;ствол 1.12.061;1.12.061;Нет;ВР001021830;10;0;;
5270;ствол 1.12.080;1.12.080;Нет;ВР001021833;10;0;;
5271;ствол 1.12.081;1.12.081;Нет;ВР001021834;10;0;;
5272;ствол 1.12.070;1.12.070;Нет;ВР001021831;10;0;;
5273;ствол 1.12.071;1.12.071;Нет;ВР001021832;10;0;;
5274;ствол 1.16.080;1.16.080;Нет;ВР001005244;10;73,05;;
5275;ствол 1.16.081;1.16.081;Нет;ВР001005245;10;85,2;;
5276;ствол 1.16.030;1.16.030;Нет;ВР000002066;10;85,2;;
5277;ствол 1.16.070;1.16.070;Нет;ВР001005241;10;73,05;;
5278;ствол 1.16.050;1.16.050;Нет;ВР000004381;10;73,05;;
5279;ствол 1.16.060;1.16.060;Нет;ВР001005250;10;73,05;;
5280;ствол 1.16.071;1.16.071;Нет;ВР001005242;10;85,2;;
5281;ствол 1.16.010;1.16.010;Нет;ВР000001188;10;85,2;;
5282;ствол 1.16.011;1.16.011;Нет;ВР001023851;10;85,2;;
5283;ствол 1.16.020;1.16.020;Нет;ВР000004390;10;85,2;;
5284;ствол 1.16.061;1.16.061;Нет;ВР001005251;10;85,2;;
5285;ствол 1.22.010;1.22.010;Нет;ВР000001184;10;71,7;;
5286;ствол 1.22.020;1.22.020;Нет;ВР000001484;10;71,7;;
5287;ствол 1.22.030;1.22.030;Нет;ВР000001287;10;71,7;;
5288;ствол 1.22.200;1.22.200;Нет;ВР000004307;10;71,7;;
5289;ствол 1.22.040;1.22.040;Нет;ВР000001446;10;71,7;;
5290;кольцо 1.11.100;1.11.100;Нет;ВР000002416;7;0;;
5291;кольцо 1.11.200;1.11.200;Нет;ВР000002396;10;0;;
5292;кольцо 1.11.300;1.11.300;Нет;ВР000005433;7;0;;
5293;кольцо 1.15.100;1.15.100;Нет;ВР000002417;10;14;;
5294;кольцо 1.15.200;1.15.200;Нет;ВР000002408;10;14;;
5295;кольцо 1.15.300;1.15.300;Нет;ВР001003054;10;14;;
5296;база 1.13.900;1.13.900;Нет;ВР001021837;10;15;;
5297;база 1.13.300;1.13.300;Нет;ВР000002088;10;15;;
5298;база 1.13.400;1.13.400;Нет;ВР000002051;10;15;;
5299;база 1.13.800;1.13.800;Нет;ВР001021836;10;15;;
5300;база 1.13.500;1.13.500;Нет;ВР001003799;10;15;;
5301;база 1.13.100;1.13.100;Нет;ВР000001305;10;15;;
5302;база 1.13.200;1.13.200;Нет;ВР000001289;10;15;;
5303;база 1.13.700;1.13.700;Нет;ВР001021835;10;15;;
5304;база 1.17.900;1.17.900;Нет;ВР001005246;10;15;;
5305;база 1.17.300;1.17.300;Нет;ВР000002065;10;15;;
5306;база 1.17.400;1.17.400;Нет;ВР000002077;10;15;;
5307;база 1.17.100;1.17.100;Нет;ВР000001186;10;15;;
5308;база 1.17.800;1.17.800;Нет;ВР001005240;10;15;;
5309;база 1.17.500;1.17.500;Нет;ВР000004377;10;15;;
5310;база 1.17.600;1.17.600;Нет;ВР000004378;10;21;;
5311;база 1.17.700;1.17.700;Нет;ВР001005252;10;15;;
5312;база 1.17.200;1.17.200;Нет;ВР000001291;10;15;;
5313;база 1.23.100;1.23.100;Нет;ВР000001185;10;21;;
5314;база 1.23.200;1.23.200;Нет;ВР000001225;10;21;;
5315;база 1.23.300;1.23.300;Нет;ВР000001286;10;21;;
5316;база 1.23.400;1.23.400;Нет;ВР000001445;10;21;;
5317;база 1.23.500;1.23.500;Нет;ВР000002096;10;21;;
5318;пьедестал 1.14.001;1.14.001;Нет;ВР001021839;;18,75;;
5319;пьедестал 1.14.002;1.14.002;Нет;ВР001021840;;18,75;;
5320;пьедестал 1.14.003;1.14.003;Нет;ВР001021841;;18,75;;
5321;пьедестал 1.18.001;1.18.001;Нет;ВР001005254;;18,75;;
5322;пьедестал 1.18.002;1.18.002;Нет;ВР001005255;;18,75;;
5323;пьедестал 1.18.003;1.18.003;Нет;ВР001005256;;18,75;;
5324;база 1.54.010;1.54.010;Нет;ВР000001172;7;21;;
5325;обрамление арок 1.55.003;1.55.003;Нет;ВР000001173;4;22,5;;
5326;обрамление арок 1.55.004;1.55.004;Нет;ВР000001388;4;22,5;;
5327;обрамление арок 1.55.001;1.55.001;Нет;ВР000001163;4;13,5;;
5328;замковый камень 1.55.005;1.55.005;Нет;ВР000001174;4;13,5;;
5329;обрамление арок 1.55.002;1.55.002;Нет;ВР000001164;4;13,5;;
5330;база 1.54.020;1.54.020;Нет;ВР000001171;7;21;;
5331;боковой элемент 1.54.009;1.54.009;Нет;ВР000003309;;8,25;;
5332;боковой элемент 1.54.019;1.54.019;Нет;ВР000003310;5;0;;
5333;квадрат 1.54.001;1.54.001;Нет;ВР000001176;;7,5;;
5334;квадрат 1.54.002;1.54.002;Нет;ВР000001339;;7,5;;
5335;наличник 1.54.003;1.54.003;Нет;ВР000003311;4,84;37,5;;
5336;наличник 1.54.004;1.54.004;Нет;ВР000003312;7,96;42;;
5337;элемент 1.54.008;1.54.008;Нет;ВР000003308;;8,25;;
5338;элемент 1.54.006;1.54.006;Нет;ВР000004031;;8,25;;
5339;элемент 1.54.005;1.54.005;Нет;ВР000003307;;8,25;;
5340;элемент 1.54.007;1.54.007;Нет;ВР000004048;;8,25;;
5341;элемент 1.54.012;1.54.012;Нет;ВР000002570;11;0;;
5342;элемент 1.54.011;1.54.011;Нет;ВР000004207;6,56;0;;
5343;ствол 1.12.011;1.12.011;Нет;ВР002027813;10;0;;
5861;карниз 1.50.205;1.50.205;Нет;ВР002025471;2,92;69,75;;
5862;карниз 1.50.196 гибкий;1.50.196;Да;ВР002028425;4,33;69,75;;
5863;карниз 1.50.198 гибкий;1.50.198;Да;ВР002028427;3,56;69,75;;
5864;карниз 1.50.201 гибкий;1.50.201;Да;ВР002028430;5,59;77,25;;
5865;карниз 1.50.205 гибкий;1.50.205;Да;ВР002028434;2,92;69,75;;
5866;молдинг 1.51.345;1.51.345;Нет;ВР001024046;2,27;69,75;;
5867;молдинг 1.51.357;1.51.357;Нет;ВР002025481;0,98;69,75;;
5868;молдинг 1.51.358;1.51.358;Нет;ВР002025483;1,93;69,75;;
5869;молдинг 1.51.361;1.51.361;Нет;ВР002025525;1,89;69,75;;
5870;молдинг 1.51.381;1.51.381;Нет;ВР002025577;4,9;69,75;;
5871;молдинг 1.51.345 гибкий;1.51.345;Да;ВР002028505;2,27;69,75;;
5872;молдинг 1.51.357 гибкий;1.51.357;Да;ВР002028516;0,98;69,75;;
5873;молдинг 1.51.358 гибкий;1.51.358;Да;ВР002028517;1,93;69,75;;
5874;молдинг 1.51.361 гибкий;1.51.361;Да;ВР002028518;1,89;69,75;;
5875;молдинг 1.51.381 гибкий;1.51.381;Да;ВР002028598;4,9;69,75;;
5876;архитрав 1.26.001;1.26.001;Нет;ВР001006945;8,75;77,1;;
5877;архитрав 1.26.002;1.26.002;Нет;ВР001006946;8,35;77,1;;
5878;архитрав 1.26.003;1.26.003;Нет;ВР001006947;8,87;77,1;;
5879;розетка 1.56.036;1.56.036;Нет;ВР002025308;;46,5;;
5880;база 1.13.600;1.13.600;Нет;ВР001003800;7,00;20;;
5881;ниша 1.61.101;1.61.101;Нет;ВР000001870;;27,45;;
5882;ниша 1.61.102;1.61.102;Нет;ВР000002941;;32,4;;
5883;ниша с полкой 1.61.110;1.61.110;Нет;ВР002029798;;17,25;;
5884;ниша с полкой 1.61.120;1.61.120;Нет;ВР002029799;;30;;
5885;сандрик 1.63.001;1.63.001;Нет;ВР002025528;4;37,5;;
5886;сандрик 1.63.002;1.63.002;Нет;ВР002025529;4;37,5;;
5887;карниз 4.02.201;4.02.201;Нет;ВР001022585;5,3;116,6;;
5888;карниз 4.01.201;4.01.201;Нет;ВР001005004;5,3;116,6;;
5889;карниз 4.01.101;4.01.101;Нет;ВР001004934;5,3;116,6;;
5890;карниз 4.01.301;4.01.301;Нет;ВР001005064;5,3;116,6;;
5891;карниз 4.32.202;4.32.202;Нет;ВР001005050;5,3;116,6;;
5892;карниз 4.01.103;4.01.103;Нет;ВР001004938;5,3;116,6;;
5893;карниз 4.31.301;4.31.301;Нет;ВР001005085;5,3;116,6;;
5894;карниз 4.32.201;4.32.201;Нет;ВР001005046;5,3;116,6;;
5895;карниз 4.81.002;4.81.002;Нет;ВР001004998;5,3;116,6;;
5896;карниз 4.32.302;4.32.302;Нет;ВР001005112;5,3;116,6;;
5897;карниз 4.01.202;4.01.202;Нет;ВР001005008;5,3;116,6;;
5898;карниз 4.01.302;4.01.302;Нет;ВР001005068;5,3;116,6;;
5899;карниз 4.02.101;4.02.101;Нет;ВР001022586;5,3;116,6;;
5900;карниз 4.31.101;4.31.101;Нет;ВР001004957;5,3;116,6;;
5901;карниз 4.31.201;4.31.201;Нет;ВР001005024;5,1;102,8;;
5902;карниз 4.31.202;4.31.202;Нет;ВР001005028;5,1;102,8;;
5903;карниз 4.31.302;4.31.302;Нет;ВР001005089;5,3;116,6;;
5904;карниз 4.32.101;4.32.101;Нет;ВР001004976;5,3;116,6;;
5905;карниз 4.32.301;4.32.301;Нет;ВР001005108;5,3;116,6;;
5906;карниз 4.81.001;4.81.001;Нет;ВР001004994;5,3;116,6;;
5907;карниз 4.02.301;4.02.301;Нет;ВР001022580;5,3;116,6;;
5908;фриз 4.03.101;4.03.101;Нет;ВР001004944;5,3;116,6;;
5909;фриз 4.03.102;4.03.102;Нет;ВР001022588;5,3;116,6;;
5910;фриз 4.03.201;4.03.201;Нет;ВР001005012;5,3;116,6;;
5911;фриз 4.03.202;4.03.202;Нет;ВР001022584;5,3;116,6;;
5912;фриз 4.03.301;4.03.301;Нет;ВР001005074;5,3;116,6;;
5913;фриз 4.33.301;4.33.301;Нет;ВР001005093;5,3;116,6;;
5914;фриз 4.03.302;4.03.302;Нет;ВР001022581;5,3;116,6;;
5915;фриз 4.33.101;4.33.101;Нет;ВР001004970;5,3;116,6;;
5916;фриз 4.33.102;4.33.102;Нет;ВР001004984;5,3;116,6;;
5917;фриз 4.33.201;4.33.201;Нет;ВР001005032;5,3;116,6;;
5918;фриз 4.33.202;4.33.202;Нет;ВР001005054;5,3;116,6;;
5919;архитрав 4.04.201;4.04.201;Нет;ВР001005014;5,3;116,6;;
5920;архитрав 4.34.201;4.34.201;Нет;ВР001005034;5,1;102,8;;
5921;архитрав 4.34.202;4.34.202;Нет;ВР001005056;5,1;102,8;;
5922;архитрав 4.04.101;4.04.101;Нет;ВР001004942;5,3;116,6;;
5923;архитрав 4.04.102;4.04.102;Нет;ВР001022587;5,3;116,6;;
5924;архитрав 4.04.202;4.04.202;Нет;ВР001022583;5,1;102,8;;
5925;архитрав 4.04.301;4.04.301;Нет;ВР001005071;5,3;116,6;;
5926;архитрав 4.04.302;4.04.302;Нет;ВР001022582;5,1;102,8;;
5927;архитрав 4.34.101;4.34.101;Нет;ВР001004968;5,1;102,8;;
5928;архитрав 4.34.102;4.34.102;Нет;ВР001004986;5,1;102,8;;
5929;архитрав 4.34.301;4.34.301;Нет;ВР001005095;5,1;102,8;;
5930;архитрав 4.34.302;4.34.302;Нет;ВР001005118;5,1;102,8;;
5931;балясина 4.71.101;4.71.101;Нет;ВР001022924;8;0;;
5932;балясина 4.71.201;4.71.201;Нет;ВР001023164;8;0;;
5933;столб 4.75.101;4.75.101;Нет;ВР001023167;0;75;;
5934;столб 4.75.201;4.75.201;Нет;ВР001023168;0;75;;
5935;крышка (пирамида) 4.76.101;4.76.101;Нет;ВР001023169;4;0;;
5936;крышка (пирамида) 4.76.201;4.76.201;Нет;ВР001023170;4;0;;
5937;крышка столба (плоская) 4.73.101;4.73.101;Нет;ВР002025317;4;0;;
5938;крышка столба (плоская) 4.73.201;4.73.201;Нет;ВР002025318;4;0;;
5939;крышка (шар) 4.77.101;4.77.101;Нет;ВР001023309;17;0;;
5940;крышка (шар) 4.77.201;4.77.201;Нет;ВР001023310;17;0;;
5941;основание 4.74.101;4.74.101;Нет;ВР001022926;10;95;;
5942;основание 4.74.201;4.74.201;Нет;ВР001023165;10;95;;
5943;поручень 4.72.101;4.72.101;Нет;ВР001022925;10;0;;
5944;поручень 4.72.201;4.72.201;Нет;ВР001023166;10;0;;
5945;наличник 4.84.001;4.84.001;Нет;ВР001004990;5,1;102,8;;
5946;наличник 4.84.002;4.84.002;Нет;ВР001022044;5,1;102,8;;
5947;наличник 4.84.003;4.84.003;Нет;ВР001022045;5,1;102,8;;
5948;наличник 4.84.051;4.84.051;Нет;ВР001023652;5,1;102,8;;
5949;наличник 4.84.052;4.84.052;Нет;ВР001023653;5,1;102,8;;
5950;наличник 4.84.053;4.84.053;Нет;ВР001023654;5,1;102,8;;
5951;арочное обрамление 4.87.031;4.87.031;Нет;ВР001022561;7;50;;
5952;арочное обрамление 4.87.032;4.87.032;Нет;ВР001022558;7;50;;
5953;арочное обрамление 4.87.033;4.87.033;Нет;ВР001022555;7;50;;
5954;замковый камень 4.85.001;4.85.001;Нет;ВР001004993;5,1;12;;
5955;замковый камень 4.85.002;4.85.002;Нет;ВР001022061;5,1;12;;
5956;замковый камень 4.85.003;4.85.003;Нет;ВР001022062;5,1;12;;
5957;подоконный элемент 4.82.001;4.82.001;Нет;ВР001004991;5,1;102,8;;
5958;подоконный элемент 4.82.002;4.82.002;Нет;ВР001022047;5,1;102,8;;
5959;подоконный элемент 4.82.003;4.82.003;Нет;ВР001022046;5,1;102,8;;
5960;подоконный элемент 4.82.101;4.82.101;Нет;ВР001004973;5,1;102,8;;
5961;подоконный элемент 4.82.201;4.82.201;Нет;ВР001005044;5,1;102,8;;
5962;подоконный элемент 4.82.202;4.82.202;Нет;ВР001005062;5,1;102,8;;
5963;подоконный элемент 4.82.301;4.82.301;Нет;ВР001005107;5,1;102,8;;
5964;подоконный элемент 4.82.302;4.82.302;Нет;ВР001005125;5,1;102,8;;
5965;кронштейн-пьедестал 4.83.101;4.83.101;Нет;ВР001004972;0;40;;
5966;кронштейн-пьедестал 4.83.102;4.83.102;Нет;ВР001004989;0;40;;
5967;кронштейн-пьедестал 4.83.201;4.83.201;Нет;ВР001005045;0;40;;
5968;кронштейн-пьедестал 4.83.202;4.83.202;Нет;ВР001005063;0;40;;
5969;кронштейн-пьедестал 4.83.301;4.83.301;Нет;ВР001005105;0;40;;
5970;кронштейн-пьедестал 4.83.302;4.83.302;Нет;ВР001005126;0;40;;
5971;руст 4.86.003;4.86.003;Нет;ВР001024402;6;48;;
5972;руст 4.86.004;4.86.004;Нет;ВР001024403;6;48;;
5973;руст 4.86.005;4.86.005;Нет;ВР002025465;25;60;;
5974;руст 4.86.001;4.86.001;Нет;ВР001005002;6;48;;
5975;руст 4.86.002;4.86.002;Нет;ВР001005003;6;48;;
5982;угловой элемент 1.52.361;1.52.361;Нет;ВР002025527;1,89;18;;
5983;база 4.17.302;4.17.302;Нет;ВР001005079;7;48,3;;
5984;база 4.53.201;4.53.201;Нет;ВР001005061;7;48,3;;
5985;база 4.53.301;4.53.301;Нет;ВР001005123;7;48,3;;
5986;база 4.17.101;4.17.101;Нет;ВР001004952;7;48,3;;
5987;база 4.17.201;4.17.201;Нет;ВР001005018;7;48,3;;
5988;база 4.17.202;4.17.202;Нет;ВР001005019;7;48,3;;
5989;база 4.17.301;4.17.301;Нет;ВР001005078;7;48,3;;
5990;база 4.23.101;4.23.101;Нет;ВР001022016;7;48,3;;
5991;база 4.23.201;4.23.201;Нет;ВР001022017;7;48,3;;
5992;база 4.23.301;4.23.301;Нет;ВР001022018;7;48,3;;
5993;база 4.43.101;4.43.101;Нет;ВР001004966;7;48,3;;
5994;база 4.43.201;4.43.201;Нет;ВР001005042;7;48,3;;
5995;база 4.43.202;4.43.202;Нет;ВР001005043;7;48,3;;
5996;база 4.43.301;4.43.301;Нет;ВР001005099;7;48,3;;
5997;база 4.43.302;4.43.302;Нет;ВР001005100;7;48,3;;
5998;база 4.47.101;4.47.101;Нет;ВР001004963;7;48,3;;
5999;база 4.47.201;4.47.201;Нет;ВР001005038;7;48,3;;
6000;база 4.47.202;4.47.202;Нет;ВР001005039;7;48,3;;
6001;база 4.47.301;4.47.301;Нет;ВР001005103;7;48,3;;
6002;база 4.47.302;4.47.302;Нет;ВР001005104;7;48,3;;
6003;база 4.53.101;4.53.101;Нет;ВР001004983;7;48,3;;
6004;база 4.53.302;4.53.302;Нет;ВР001005124;7;48,3;;
6005;база 4.13.101;4.13.101;Нет;ВР001004956;7;48,3;;
6006;база 4.13.201;4.13.201;Нет;ВР001005022;7;48,3;;
6007;база 4.13.202;4.13.202;Нет;ВР001005023;7;48,3;;
6008;база 4.13.301;4.13.301;Нет;ВР001005082;7;48,3;;
6009;база 4.13.302;4.13.302;Нет;ВР001005083;7;48,3;;
6010;база 4.17.002;4.17.002;Нет;ВР002025407;7;48,3;;
6011;база 4.17.001;4.17.001;Нет;ВР002025167;7;48,3;;
6012;капитель 4.51.301;4.51.301;Нет;ВР001005120;7;34;;
6013;капитель 4.15.101;4.15.101;Нет;ВР001004949;7;40;;
6014;капитель 4.15.201;4.15.201;Нет;ВР001005016;7;40;;
6015;капитель 4.15.301;4.15.301;Нет;ВР001005076;7;40;;
6016;капитель 4.21.101;4.21.101;Нет;ВР001022010;7;40;;
6017;капитель 4.21.201;4.21.201;Нет;ВР001022011;7;40;;
6018;капитель 4.21.301;4.21.301;Нет;ВР001022012;7;40;;
6019;капитель 4.41.101;4.41.101;Нет;ВР001004964;7;34;;
6020;капитель 4.41.201;4.41.201;Нет;ВР001005040;7;34;;
6021;капитель 4.41.301;4.41.301;Нет;ВР001005097;7;34;;
6022;капитель 4.45.101;4.45.101;Нет;ВР001004961;7;34;;
6023;капитель 4.45.201;4.45.201;Нет;ВР001005036;7;34;;
6024;капитель 4.45.301;4.45.301;Нет;ВР001005101;7;34;;
6025;капитель 4.51.101;4.51.101;Нет;ВР001004980;7;34;;
6026;капитель 4.51.201;4.51.201;Нет;ВР001005058;7;40;;
6027;капитель 4.11.101;4.11.101;Нет;ВР001004953;7;40;;
6028;капитель 4.11.201;4.11.201;Нет;ВР001005020;7;40;;
6029;капитель 4.11.301;4.11.301;Нет;ВР001005080;7;40;;
6030;капитель 4.15.102;4.15.102;Нет;ВР002025160;7;40;;
6031;регул 4.37.101;4.37.101;Нет;ВР001004975;2;0;;
6032;регул 4.07.101;4.07.101;Нет;ВР001004948;2;0;;
6033;мутул 4.05.102;4.05.102;Нет;ВР001022589;2,5;0;;
6034;мутул 4.35.102;4.35.102;Нет;ВР001004988;2,5;0;;
6035;мутул 4.35.101;4.35.101;Нет;ВР001004974;2,5;0;;
6036;мутул 4.05.101;4.05.101;Нет;ВР001004947;2,5;0;;
6037;модильон 4.08.301;4.08.301;Нет;ВР001005084;2,5;0;;
6038;модильон 4.08.302;4.08.302;Нет;ВР001022579;2,5;0;;
6039;модильон 4.38.301;4.38.301;Нет;ВР001005106;2,5;0;;
6040;модильон 4.38.302;4.38.302;Нет;ВР001005127;2,5;0;;
6041;триглиф 4.36.101;4.36.101;Нет;ВР001004967;5;0;;
6042;триглиф 4.06.101;4.06.101;Нет;ВР001004946;5;0;;
6043;ствол 4.52.102;4.52.102;Нет;ВР001004982;7;103;;
6044;ствол 4.52.301;4.52.301;Нет;ВР001005121;7;103;;
6045;ствол 4.16.101;4.16.101;Нет;ВР001004950;7;103;;
6046;ствол 4.16.102;4.16.102;Нет;ВР001004951;7;103;;
6047;ствол 4.16.201;4.16.201;Нет;ВР001005017;7;103;;
6048;ствол 4.16.202;4.16.202;Нет;ВР001022042;7;103;;
6049;ствол 4.16.301;4.16.301;Нет;ВР001005077;7;103;;
6050;ствол 4.22.101;4.22.101;Нет;ВР001022013;7;103;;
6051;ствол 4.22.102;4.22.102;Нет;ВР001022039;7;103;;
6052;ствол 4.22.201;4.22.201;Нет;ВР001022014;7;103;;
6053;ствол 4.22.202;4.22.202;Нет;ВР001022040;7;103;;
6054;ствол 4.22.301;4.22.301;Нет;ВР001022015;7;103;;
6055;ствол 4.22.302;4.22.302;Нет;ВР001022041;7;103;;
6056;ствол 4.42.101;4.42.101;Нет;ВР001004965;7;40;;
6057;ствол 4.42.201;4.42.201;Нет;ВР001005041;7;40;;
6058;ствол 4.42.301;4.42.301;Нет;ВР001005098;7;40;;
6059;ствол 4.46.101;4.46.101;Нет;ВР001004962;7;103;;
6060;ствол 4.46.201;4.46.201;Нет;ВР001005037;7;103;;
6061;ствол 4.46.301;4.46.301;Нет;ВР001005102;7;103;;
6062;ствол 4.52.101;4.52.101;Нет;ВР001004981;7;103;;
6063;ствол 4.52.201;4.52.201;Нет;ВР001005059;7;103;;
6064;ствол 4.52.202;4.52.202;Нет;ВР001005060;7;103;;
6065;ствол 4.52.302;4.52.302;Нет;ВР001005122;7;103;;
6066;верхний фрагмент ствола 4.16.001;4.16.001;Нет;ВР002025163;14;48;;
6067;фрагмент ствола 4.16.002;4.16.002;Нет;ВР002025404;14;48;;
6068;ствол 4.12.301;4.12.301;Нет;ВР001005081;7;40;;
6069;ствол 4.12.101;4.12.101;Нет;ВР001004954;7;40;;
6070;ствол 4.12.102;4.12.102;Нет;ВР001004955;7;40;;
6071;ствол 4.12.202;4.12.202;Нет;ВР001022043;7;103;;
6072;ствол 4.12.201;4.12.201;Нет;ВР001005021;7;40;;
6104;E01.M.290 / Клей Европласт Монтажный 290 мл.;E01.M.290;Нет;ЧХ002025782;;;;
6105;E04.U.290 / Клей Европласт универсальный 290 мл.;E04.U.290;Нет;ЧХ002025783;;;;
6107;E02.S.290 / Клей Европласт стыковочный 290 мл.;E02.S.290;Нет;ЧХ002025785;;;;
6108;карниз 1.50.101;1.50.101;Нет;ВР001024048;2,36;69,75;;
6109;карниз 1.50.101 гибкий;1.50.101;Да;ВР002028661;2,36;69,75;;
6110;карниз 1.50.199 гибкий;1.50.199;Да;ВР002028428;3,32;69,75;;
6111;карниз 1.50.199;1.50.199;Нет;ВР002025287;3,32;69,75;;
6112;молдинг 1.51.353;1.51.353;Нет;ВР002025430;0,62;37,5;;
6113;молдинг 1.51.353 гибкий;1.51.353;Да;ВР002028512;0,62;37,5;;
6114;молдинг 1.51.356;1.51.356;Нет;ВР002025479;0,79;69,75;;
6115;молдинг 1.51.356 гибкий;1.51.356;Да;ВР002028515;0,79;69,75;;
6135;откос 4.88.001;4.88.001;Нет;ВР002025306;2,32;100;;
6168;элемент камина 1.64.004;1.64.004;Нет;ВР002025747;7;73,05;;
6169;элемент камина 1.64.005;1.64.005;Нет;ВР002025748;7;30;;
6171;элемент камина 1.64.005;1.64.005;Нет;ВР002025748;7;30;;
6172;карниз 1.50.108;1.50.108;Нет;ВР001023155;3,97;69,75;;
6173;карниз 1.50.161;1.50.161;Нет;ВР002025141;3,2;69,75;;
6174;карниз 1.50.179;1.50.179;Нет;ВР002025139;2,75;69,75;;
6175;карниз 1.50.189;1.50.189;Нет;ВР001023817;3,26;69,75;;
6176;карниз 1.50.207;1.50.207;Нет;ВР002025475;1,61;60;;
6177;карниз 1.50.274;1.50.274;Нет;ВР002025532;3,18;69,75;;
6178;карниз 1.50.275;1.50.275;Нет;ВР002025578;4,21;78,75;;
6179;молдинг 1.51.346;1.51.346;Нет;ВР002025133;0,69;37,5;;
6180;розетка 1.56.040;1.56.040;Нет;ВР002025329;;36,75;;
6181;розетка 1.56.041;1.56.041;Нет;ВР002025487;;28,5;;
6182;кронштейн 1.19.007;1.19.007;Нет;ВР002025530;;18,75;;
6183;кронштейн 1.19.008;1.19.008;Нет;ВР002025531;;18,75;;
6184;капитель 1.21.008;1.21.008;Нет;ВР002025694;10;24,75;;
6185;ствол 1.22.050;1.22.050;Нет;ВР002025695;10;73,05;;
6186;база 1.23.600;1.23.600;Нет;ВР002025696;10;21;;
6188;карниз 4.91.001;4.91.001;Нет;ВР002027812;5,3;116,6;;
6189;карниз 4.91.004;4.91.004;Нет;ВР002027810;5,3;116,6;;
6194;карниз 1.50.208 гибкий;1.50.208;Да;ВР002028435;2,18;69,75;;
6195;карниз 1.50.204 гибкий;1.50.204;Да;ВР002028433;1,21;60;;
6196;карниз 1.50.189 гибкий;1.50.189;Да;ВР002028418;3,26;69,75;;
6198;замковый камень 4.85.004;4.85.004;Нет;ВР002027803;5,1;12;;
6199;замковый камень 4.85.005;4.85.005;Нет;ВР002027804;5,1;12;;
6200;карниз 4.91.002;4.91.002;Нет;ВР002027811;5,3;116,6;;
6201;наличник 4.84.005;4.84.005;Нет;ВР002027802;5,1;102,8;;
6202;кронштейн-пьедестал 4.83.003;4.83.003;Нет;ВР001022064;2,5;0;;
6206;молдинг 1.51.359;1.51.359;Нет;ВР002025485;0,6;37,5;;
6207;карниз 1.50.161 гибкий;1.50.161;Да;ВР002028662;3,2;69,75;;
6208;молдинг 1.51.359 гибкий;1.51.359;Да;ВР002028614;0,6;37,5;;
6211;наличник 4.84.004;4.84.004;Нет;ВР002027806;5,1;102,8;;
6212;наличник 4.84.006;4.84.006;Нет;ВР002027805;5,1;102,8;;
6213;карниз 4.91.003;4.91.003;Нет;ВР002027809;5,3;116,6;;
6214;карниз 4.91.005;4.91.005;Нет;ВР002027808;5,3;116,6;;
6215;фриз 4.33.302;4.33.302;Нет;ВР001005116;5,3;116,6;;
6216;кронштейн-пьедестал 4.83.002;4.83.002;Нет;ВР001022063;2,5;0;;
6217;фрагмент ствола 4.16.002;4.16.002;Нет;ВР002025404;14;48;;
6218;фрагмент ствола 4.16.002;4.16.002;Нет;ВР002025404;14;48;;
6313;молдинг 1.51.346 гибкий;1.51.346;Да;ВР002028722;0,69;37,5;;
6355;угловой элемент 1.52.322;1.52.322;Нет;ВР002028171;0,48;13,58;;
6356;угловой элемент 1.52.348;1.52.348;Нет;ВР002027948;1,8;18;;
6357;угловой элемент 1.52.286;1.52.286;Нет;ВР002028179;0,48;18;;
6358;угловой элемент 1.52.287;1.52.287;Нет;ВР002028178;1,15;18;;
6359;карниз 1.50.108 гибкий;1.50.108;Да;ВР002028325;3,97;69,75;;
6362;карниз 1.50.279;1.50.279;Нет;ВР002028174;4,35;69,75;;
6363;карниз 1.50.276;1.50.276;Нет;ВР002027955;3,32;69,75;;
6364;карниз 1.50.276 гибкий;1.50.276;Да;ЧХ002026920;3,32;69,75;;
6365;карниз 1.50.278;1.50.278;Нет;ВР002028172;2,71;69,75;;
6366;карниз 1.50.278 гибкий;1.50.278;Да;ЧХ002026921;2,71;69,75;;
6367;розетка 1.56.044;1.56.044;Нет;ВР002027947;;32,25;;
6368;молдинг 1.51.360;1.51.360;Нет;ВР002025523;0,87;69,75;;
6369;молдинг 1.51.360 гибкий;1.51.360;Да;ВР002028723;0,87;69,75;;
6370;молдинг 1.51.363;1.51.363;Нет;ВР002027951;1,28;69,75;;
6371;молдинг 1.51.363 гибкий;1.51.363;Да;ВР002028725;1,28;69,75;;
6372;молдинг 1.51.362;1.51.362;Нет;ВР002027945;0,81;69,75;;
6373;молдинг 1.51.362 гибкий;1.51.362;Да;ВР002028724;0,81;69,75;;
6374;молдинг 1.51.370;1.51.370;Нет;ВР002028363;2;69,75;;
6375;молдинг 1.51.370 гибкий;1.51.370;Да;ВР002028731;2;69,75;;
6376;плинтус 1.53.110;1.53.110;Нет;ВР002027959;3,68;82,5;;
6377;плинтус 1.53.110 гибкий;1.53.110;Да;ВР002028736;3,68;82,5;;
6380;карниз 1.50.179 гибкий;1.50.179;Да;ВР002028408;2,75;69,75;;
6381;карниз 1.50.207 гибкий;1.50.207;Да;ВР002028595;1,61;60;;
6382;карниз 1.50.275 гибкий;1.50.275;Да;ВР002028577;4,21;78,75;;
6385;ствол 4.16.003;4.16.003;Нет;ВР002025490;14;48,3;;
6386;ствол 4.16.004;4.16.004;Нет;ВР002025491;14;48,3;;
6387;ствол 4.16.005;4.16.005;Нет;ВР002025492;14;48,3;;
6388;капитель 4.15.202;4.15.202;Нет;ВР002025161;7;48,3;;
6389;капитель 4.15.302;4.15.302;Нет;ВР002025162;7;48,3;;
6390;капитель 4.11.102;4.11.102;Нет;ВР002028127;7;48,3;;
6391;капитель 4.11.202;4.11.202;Нет;ВР002028130;7;48,3;;
6392;капитель 4.11.302;4.11.302;Нет;ВР002028128;7;48,3;;
6393;база 4.13.001;4.13.001;Нет;ВР002028136;7;48,3;;
6394;ствол 4.12.001;4.12.001;Нет;ВР002028131;7;48,3;;
6395;ствол 4.12.002;4.12.002;Нет;ВР002028132;7;48,3;;
6396;ствол 4.12.003;4.12.003;Нет;ВР002028133;7;48,3;;
6397;ствол 4.12.004;4.12.004;Нет;ВР002028134;7;48,3;;
6398;ствол 4.12.005;4.12.005;Нет;ВР002028135;7;48,3;;
6423;карниз 1.50.271 гибкий;1.50.271;Да;ВР002028461;10,09;78,75;;
6424;карниз 1.50.274 гибкий;1.50.274;Да;ВР002028462;3,18;69,75;;
6429;E03.S.60 / Клей Европласт стыковочный 60 мл.;E03.S.60;Нет;ВР002028247;;;;
6430;база 1.54.030;1.54.030;Нет;ВР002028359;7;21;;
6431;квадрат 1.54.013;1.54.013;Нет;ВР002028360;;7,5;;
6432;квадрат 1.54.013;1.54.013;Нет;ВР002028360;;7,5;;
6433;база 1.54.030;1.54.030;Нет;ВР002028359;7;21;;
6434;угловой элемент 1.52.285;1.52.285;Нет;ВР002028170;0,48;13,58;;
6435;молдинг 1.51.367;1.51.367;Нет;ВР002028351;3,43;69,75;;
6436;молдинг 1.51.367 гибкий;1.51.367;Да;ВР002028728;3,43;69,75;;
6438;карниз 1.50.280;1.50.280;Нет;ВР002028164;9,96;77,25;;
6439;молдинг 1.51.368;1.51.368;Нет;ВР002028355;6,11;69,75;;
6440;орнамент 1.60.025;1.60.025;Нет;ВР002028633;;6,38;;
6441;орнамент 1.60.032;1.60.032;Нет;ВР002028746;;6,38;;
6442;орнамент 1.60.020;1.60.020;Нет;ВР002028006;;6,38;;
6443;орнамент 1.60.120;1.60.120;Нет;ВР002028007;;6,38;;
6444;торцевой элемент 4.33.332;4.33.332;Нет;ВР001005117;5,3;15;;
6445;торцевой элемент 4.31.232;4.31.232;Нет;ВР001005031;5,3;30,1;;
6446;торцевой элемент 4.81.031;4.81.031;Нет;ВР001004997;5,3;15;;
6447;торцевой элемент 4.81.032;4.81.032;Нет;ВР001005001;5,3;30,1;;
6448;внешний угол 4.32.111;4.32.111;Нет;ВР001004977;5,3;32,3;;
6449;внешний угол 4.32.312;4.32.312;Нет;ВР001005113;5,3;32,3;;
6450;внешний угол 4.81.011;4.81.011;Нет;ВР001004995;5,3;30,1;;
6451;внешний угол 4.81.012;4.81.012;Нет;ВР001004999;5,3;30,1;;
6452;внутренний угол 4.31.222;4.31.222;Нет;ВР001005030;5,3;21,1;;
6453;внутренний угол 4.32.221;4.32.221;Нет;ВР001005048;5,1;18,4;;
6454;внутренний угол 4.81.021;4.81.021;Нет;ВР001004996;5,1;18,4;;
6455;внутренний угол 4.81.022;4.81.022;Нет;ВР001005000;5,1;18,4;;
6456;опорный блок 4.78.101;4.78.101;Нет;ВР001024117;8;0;;
6457;полукрышка 4.73.211;4.73.211;Нет;ВР002027720;4;0;;
6458;полукрышка пирамида 4.76.111;4.76.111;Нет;ВР002025581;4;0;;
6459;полуоснование 4.74.111;4.74.111;Нет;ВР002025391;10;95;;
6460;полупоручень 4.72.111;4.72.111;Нет;ВР002025392;10;95;;
6461;полустолб 4.75.111;4.75.111;Нет;ВР002025579;0;75;;
6462;полустолб 4.75.211;4.75.211;Нет;ВР002027722;0;75;;
6463;торцевой элемент 4.02.331;4.02.331;Нет;ВР001023620;5,3;32;;
6464;торцевой элемент 4.03.131;4.03.131;Нет;ВР001004945;5,3;15;;
6465;торцевой элемент 4.03.132;4.03.132;Нет;ВР001023974;5,1;30;;
6466;торцевой элемент 4.03.332;4.03.332;Нет;ВР001023976;5,3;15;;
6467;полубалясина 4.71.111;4.71.111;Нет;ВР002025390;8;0;;
6468;полубалясина 4.71.211;4.71.211;Нет;ВР002027717;8;0;;
6469;торцевой элемент 4.33.331;4.33.331;Нет;ВР001005094;5,1;30;;
6470;торцевой элемент 4.34.131;4.34.131;Нет;ВР001004969;5,1;30,1;;
6471;торцевой элемент 4.34.231;4.34.231;Нет;ВР001005035;5,1;30,1;;
6472;внутренний угол 4.32.322;4.32.322;Нет;ВР001005114;5,3;21,1;;
6473;торцевой элемент 4.32.331;4.32.331;Нет;ВР001005111;5,3;30,1;;
6474;торцевой элемент 4.32.332;4.32.332;Нет;ВР001005115;5,3;30,1;;
6475;торцевой элемент 4.33.132;4.33.132;Нет;ВР001004985;5,3;15;;
6476;торцевой элемент 4.33.232;4.33.232;Нет;ВР001005055;5,3;15;;
6477;торцевой элемент 4.04.331;4.04.331;Нет;ВР001005073;5,3;15;;
6478;внешний угол 4.01.111;4.01.111;Нет;ВР001004935;5,3;32,3;;
6479;внешний угол 4.01.113;4.01.113;Нет;ВР001004939;5,3;32,3;;
6480;внешний угол 4.01.211;4.01.211;Нет;ВР001005005;5,3;32,3;;
6481;внешний угол 4.01.212;4.01.212;Нет;ВР001005009;5,3;32,3;;
6482;внешний угол 4.01.311;4.01.311;Нет;ВР001005065;5,3;32,3;;
6483;внешний угол 4.02.111;4.02.111;Нет;ВР001023603;5,3;32,3;;
6484;внешний угол 4.02.211;4.02.211;Нет;ВР001023615;5,3;32,3;;
6485;внешний угол 4.02.311;4.02.311;Нет;ВР001023616;5,4;32,4;;
6486;внутренний угол 4.01.121;4.01.121;Нет;ВР001004936;5,3;21,1;;
6487;внутренний угол 4.01.123;4.01.123;Нет;ВР001004940;5,3;21,1;;
6488;внутренний угол 4.01.221;4.01.221;Нет;ВР001005006;5,3;21,1;;
6489;внутренний угол 4.01.222;4.01.222;Нет;ВР001005010;5,3;21,1;;
6490;внутренний угол 4.01.321;4.01.321;Нет;ВР001005066;5,3;21,1;;
6491;внутренний угол 4.01.322;4.01.322;Нет;ВР001005070;5,3;21,1;;
6492;внутренний угол 4.02.121;4.02.121;Нет;ВР001023604;5,3;21,1;;
6498;карниз 1.50.284;1.50.284;Нет;ВР002028688;2,88;69,75;;
6499;карниз 1.50.284 гибкий;1.50.284;Да;ВР002028718;2,88;69,75;;
6500;карниз 1.50.283;1.50.283;Нет;ВР002028627;2,06;60;;
6501;МОНТАЖНЫЙ КОМПЛЕКТ;m_comp_b201;Нет;ЧХ002025780;;;;
6502;внешний угол 4.32.212;4.32.212;Нет;ВР001005051;5,3;30,1;;
6503;внутренний угол 4.32.121;4.32.121;Нет;ВР001004978;5,3;21,1;;
6504;торцевой элемент 4.32.131;4.32.131;Нет;ВР001004979;5,3;30,1;;
6515;полукрышка 4.73.111;4.73.111;Нет;ВР002025580;4;0;;
6516;полупоручень 4.72.211;4.72.211;Нет;ВР002027721;10;95;;
6517;полуоснование 4.74.211;4.74.211;Нет;ВР002027719;10;95;;
6518;полукрышка пирамида 4.76.211;4.76.211;Нет;ВР002027718;4;0;;
6538;орнамент 1.60.026;1.60.026;Нет;ВР002028698;;6,04;;
6539;орнамент 1.60.029;1.60.029;Нет;ВР002028747;;6,04;;
6540;карниз 1.50.281;1.50.281;Нет;ВР002028353;15,14;78,75;;
6541;молдинг 1.51.374;1.51.374;Нет;ВР002028751;1,53;69,75;;
6542;молдинг 1.51.374 гибкий;1.51.374;Да;ВР002028752;1,53;69,75;;
6544;внешний угол 4.32.311;4.32.311;Нет;ВР001005109;5,3;32,3;;
6545;внутренний угол 4.32.321;4.32.321;Нет;ВР001005110;5,3;21,1;;
6546;торцевой элемент 4.32.231;4.32.231;Нет;ВР001005049;5,3;30,1;;
6547;орнамент 1.60.021;1.60.021;Нет;ВР002028357;;18,75;;
6548;орнамент 1.60.022;1.60.022;Нет;ВР002028358;;18,75;;
6549;орнамент 1.60.024;1.60.024;Нет;ВР002028635;;7,5;;
6550;орнамент 1.60.027;1.60.027;Нет;ВР002028699;;7,5;;
6551;орнамент 1.60.028;1.60.028;Нет;ВР002028700;;7,5;;
6552;кронштейн 1.19.010;1.19.010;Нет;ВР002028008;;18,75;;
6553;карниз 1.50.285;1.50.285;Нет;ВР002028690;4,73;78,75;;
6554;карниз 1.50.286;1.50.286;Нет;ВР002028692;3,47;69,75;;
6555;карниз 1.50.282;1.50.282;Нет;ВР002028629;1,92;60;;
6564;карниз 1.50.286 гибкий;1.50.286;Да;ВР002028720;3,47;69,75;;
6565;карниз 1.50.288;1.50.288;Нет;ВР002029530;1,85;60;;
6566;молдинг 1.51.375;1.51.375;Нет;ВР002029527;1,13;69,75;;
6581;карниз 1.50.288 гибкий;1.50.288;Да;ВР002029531;1,85;60;;
6582;карниз 1.50.280 гибкий;1.50.280;Да;ВР002028714;9,96;77,25;;
6583;орнамент 1.60.034;1.60.034;Нет;ВР002029484;;7,5;;
6584;молдинг 1.51.373;1.51.373;Нет;ВР002028696;3,4;69,75;;
6585;орнамент 1.60.033;1.60.033;Нет;ВР002029483;;7,5;;
6586;орнамент 1.60.030;1.60.030;Нет;ВР002028748;;7,5;;
6587;карниз 1.50.277;1.50.277;Нет;ВР002027953;4,74;69,75;;
6588;розетка 1.56.008;1.56.008;Нет;ВР001023161;;23,25;;
6589;орнамент 1.60.031;1.60.031;Нет;ВР002028749;;7,5;;
6590;орнамент 1.60.123;1.60.123;Нет;ВР002028636;;7,5;;
6591;орнамент 1.60.023;1.60.023;Нет;ВР002028634;;7,5;;
6594;ствол 4.16.004;4.16.004;Нет;ВР002025491;14;48,3;;
6595;ствол 4.16.004;4.16.004;Нет;ВР002025491;14;48,3;;
6598;база 4.13.002;4.13.002;Нет;ВР002028129;7;48,3;;
6599;ствол 4.12.002;4.12.002;Нет;ВР002028132;7;48,3;;
6600;ствол 4.12.002;4.12.002;Нет;ВР002028132;7;48,3;;
6601;ствол 4.12.004;4.12.004;Нет;ВР002028134;7;48,3;;
6602;ствол 4.12.004;4.12.004;Нет;ВР002028134;7;48,3;;
6611;карниз 1.50.273 гибкий;1.50.273;Да;ВР002029453;9,92;78,75;;
6612;молдинг 1.51.375 гибкий;1.51.375;Да;ВР002029528;1,13;69,75;;
6613;внешний угол 4.01.312;4.01.312;Нет;ВР001005069;5,3;32,3;;
6614;сандрик 4.89.001;4.89.001;Нет;ВР002029721;0;96;;
6615;орнамент 4.99.001;4.99.001;Нет;ВР002029720;0;8,5;;
6616;орнамент 4.99.002;4.99.002;Нет;ВР002029719;0;8,5;;
6617;внутренний угол 4.02.221;4.02.221;Нет;ВР001023617;5,3;21,1;;
6618;внутренний угол 4.02.321;4.02.321;Нет;ВР001023618;5,4;21,2;;
6619;торцевой элемент 4.34.332;4.34.332;Нет;ВР001005119;5,3;15;;
6620;торцевой элемент 4.34.232;4.34.232;Нет;ВР001005057;5,1;15;;
6621;торцевой элемент 4.01.131;4.01.131;Нет;ВР001004937;5,1;32;;
6622;торцевой элемент 4.34.132;4.34.132;Нет;ВР001004987;5,1;15;;
6623;торцевой элемент 4.32.232;4.32.232;Нет;ВР001005053;5,3;30,1;;
6624;торцевой элемент 4.01.133;4.01.133;Нет;ВР001004941;5,1;32;;
6625;торцевой элемент 4.01.231;4.01.231;Нет;ВР001005007;5,1;30,1;;
6626;внутренний угол 4.32.222;4.32.222;Нет;ВР001005052;5,1;18,4;;
6627;торцевой элемент 4.01.232;4.01.232;Нет;ВР001005011;5,1;30,1;;
6628;внешний угол 4.32.211;4.32.211;Нет;ВР001005047;5,3;30,1;;
6629;торцевой элемент 4.01.331;4.01.331;Нет;ВР001005067;5,3;32;;
6630;торцевой элемент 4.34.331;4.34.331;Нет;ВР001005096;5,1;30,1;;
6631;торцевой элемент 4.01.332;4.01.332;Нет;ВР001005072;5,3;32;;
6632;торцевой элемент 4.33.231;4.33.231;Нет;ВР001005033;5,1;30;;
6633;торцевой элемент 4.33.131;4.33.131;Нет;ВР001004971;5,1;30;;
6634;торцевой элемент 4.31.332;4.31.332;Нет;ВР001005092;5,3;30,1;;
6635;торцевой элемент 4.31.331;4.31.331;Нет;ВР001005088;5,3;30,1;;
6636;торцевой элемент 4.31.231;4.31.231;Нет;ВР001005027;5,3;30,1;;
6637;торцевой элемент 4.02.131;4.02.131;Нет;ВР001023605;5,3;32;;
6638;торцевой элемент 4.31.131;4.31.131;Нет;ВР001004960;5,3;30,1;;
6639;торцевой элемент 4.02.231;4.02.231;Нет;ВР001023619;5,3;32;;
6640;внутренний угол 4.31.322;4.31.322;Нет;ВР001005091;5,3;21,1;;
6642;внутренний угол 4.31.321;4.31.321;Нет;ВР001005087;5,3;21,1;;
6643;торцевой элемент 4.03.231;4.03.231;Нет;ВР001005013;5,1;30;;
6644;внутренний угол 4.31.221;4.31.221;Нет;ВР001005026;5,3;21,1;;
6645;внутренний угол 4.31.121;4.31.121;Нет;ВР001004959;5,3;21,1;;
6646;торцевой элемент 4.03.232;4.03.232;Нет;ВР001023975;5,1;30;;
6647;торцевой элемент 4.03.331;4.03.331;Нет;ВР001005075;5,1;30;;
6648;внешний угол 4.31.312;4.31.312;Нет;ВР001005090;5,3;32,3;;
6649;торцевой элемент 4.04.131;4.04.131;Нет;ВР001004943;5,1;30;;
6650;внешний угол 4.31.311;4.31.311;Нет;ВР001005086;5,3;32,3;;
6651;торцевой элемент 4.04.132;4.04.132;Нет;ВР001023977;5,1;30;;
6652;внешний угол 4.31.212;4.31.212;Нет;ВР001005029;5,3;32,3;;
6653;торцевой элемент 4.04.231;4.04.231;Нет;ВР001005015;5,1;30;;
6654;внешний угол 4.31.211;4.31.211;Нет;ВР001005025;5,3;32,3;;
6655;торцевой элемент 4.04.232;4.04.232;Нет;ВР001023978;5,1;30;;
6656;внешний угол 4.31.111;4.31.111;Нет;ВР001004958;5,3;32,3;;
6657;торцевой элемент 4.04.332;4.04.332;Нет;ВР001023979;5,1;30;;
6658;торцевой элемент 4.82.031;4.82.031;Нет;ВР001004992;5,3;30,1;;
6659;арочное обрамление 4.87.031 гибкий;4.87.031;Да;ВР002028302;7;50;;
6660;арочное обрамление 4.87.032 гибкий;4.87.032;Да;ВР002028303;7;50;;
6661;арочное обрамление 4.87.033 гибкий;4.87.033;Да;ВР002028304;7;50;;
6662;карниз 1.50.281 гибкий;1.50.281;Да;ВР002028715;15,14;78,75;;
6663;карниз 1.50.282 гибкий;1.50.282;Да;ВР002028716;1,92;60;;
6664;молдинг 1.51.368 гибкий;1.51.368;Да;ВР002028729;6,11;69,75;;
6665;молдинг 1.51.364;1.51.364;Нет;ВР002028166;0,57;69,75;;
6666;элемент камина 1.64.001;1.64.001;Нет;ВР002025744;4;72,75;;
6667;элемент камина 1.64.002;1.64.002;Нет;ВР002025745;7;30;;
6668;элемент камина 1.64.003;1.64.003;Нет;ВР002025746;4;72,75;;
6670;карниз 1.50.277 гибкий;1.50.277;Да;ВР002028712;4,74;69,75;;
6671;молдинг 1.51.373 гибкий;1.51.373;Да;ВР002028734;3,4;69,75;;
6672;розетка 1.56.050;1.56.050;Нет;ВР002029526;;21;;
6674;архитрав 1.26.001 гибкий;1.26.001;Да;ВР002028539;8,75;77,1;;
6675;архитрав 1.26.002 гибкий;1.26.002;Да;ВР002028540;8,35;77,1;;
6676;архитрав 1.26.003 гибкий;1.26.003;Да;ВР002028541;8,87;77,1;;
6683;розетка 1.56.047;1.56.047;Нет;ВР002029488;;21;;
6684;кронштейн 1.19.011;1.19.011;Нет;ВР002028745;;18,75;;
6687;молдинг 1.51.307;1.51.307;Нет;ВР000001065;3,06;69,75;;
6707;молдинг 1.51.369;1.51.369;Нет;ВР002028361;0,8;69,75;;
6708;молдинг 1.51.376;1.51.376;Нет;ВР002029834;1,53;69,75;;
6709;розетка 1.56.045;1.56.045;Нет;ВР002028365;;34,5;;
6710;угловой элемент 1.52.352;1.52.352;Нет;ВР002029491;1,06;18;;
6711;кронштейн 1.19.009;1.19.009;Нет;ВР002028702;;18,75;;
6736;орнамент 1.60.037;1.60.037;Нет;ВР002029533;;6,38;;
6737;орнамент 1.60.038;1.60.038;Нет;ВР002029734;;7,5;;
6738;орнамент 1.60.039;1.60.039;Нет;ВР002029731;;11,25;;
6739;орнамент 1.60.040;1.60.040;Нет;ВР002029837;;7,12;;
6740;наличник 1.54.014;1.54.014;Нет;ВР002028750;3,06;42;;
6741;розетка 1.56.043;1.56.043;Нет;ВР002025489;;16,5;;
6742;розетка 1.56.048;1.56.048;Нет;ВР002029532;;18,75;;
6743;розетка 1.56.049;1.56.049;Нет;ВР002029525;;18;;
6749;карниз 1.50.290;1.50.290;Нет;ВР002029832;2,24;69,75;;
6750;угловой элемент 1.52.375;1.52.375;Нет;ВР002029529;1,13;18;;
6751;кронштейн 1.19.013;1.19.013;Нет;ВР002029487;;18,75;;
6755;молдинг 1.51.338;1.51.338;Нет;ВР001023157;0,65;37,5;;
6756;угловой элемент 1.52.376;1.52.376;Нет;ВР002029836;1,53;18;;
6757;орнамент 1.60.035;1.60.035;Нет;ВР002029482;;13,5;;
6758;орнамент 1.60.135;1.60.135;Нет;ВР002029485;;13,5;;
6761;угловой элемент 1.52.283;1.52.283;Нет;ВР002029490;1,8;21;;
6762;угловой элемент 1.52.284;1.52.284;Нет;ВР002028701;1,15;18;;
6763;кронштейн 1.19.012;1.19.012;Нет;ВР002028744;;18,75;;
6764;розетка 1.56.046;1.56.046;Нет;ВР002029489;;45;;
6765;карниз 1.50.225;1.50.225;Нет;ВР002029918;2,08;60;;
6766;карниз 1.50.226;1.50.226;Нет;ВР002029920;2,69;60;;
6767;орнамент 1.60.036;1.60.036;Нет;ВР002029536;;18,75;;
6768;карниз 1.50.289;1.50.289;Нет;ВР002029735;1,9;60;;
6770;карниз 1.50.283 гибкий;1.50.283;Да;ВР002028717;2,06;60;;
6771;карниз 1.50.206;1.50.206;Нет;ВР002025473;1,17;60;;
6772;кронштейн 1.19.014;1.19.014;Нет;ВР002029486;;18,75;;
6773;карниз 1.50.295;1.50.295;Нет;ВР099020111;0,65;60;;
6783;карниз 1.50.293;1.50.293;Нет;ВР099020115;3,52;69,75;;
6784;карниз 1.50.294;1.50.294;Нет;ВР099020117;1,44;60;;
6785;карниз 1.50.279 гибкий;1.50.279;Да;ВР002028713;4,35;69,75;;
6786;карниз 1.50.293 гибкий;1.50.293;Да;ВР099020116;3,52;69,75;;
6787;карниз 1.50.294 гибкий;1.50.294;Да;ВР099020118;1,44;60;;
6807;карниз 1.50.290 гибкий;1.50.290;Да;ВР002029833;2,24;69,75;;
6808;карниз 1.50.289 гибкий;1.50.289;Да;ВР002029736;1,9;60;;
6809;карниз 1.50.206 гибкий;1.50.206;Да;ВР002028705;1,17;60;;
6810;карниз 1.50.295 гибкий;1.50.295;Да;ВР099020112;0,65;60;;
6811;молдинг 1.51.376 гибкий;1.51.376;Да;ВР002029835;1,53;69,75;;
6812;молдинг 1.51.338 гибкий;1.51.338;Да;ВР002028721;0,65;37,5;;
6817;кронштейн 1.19.018;1.19.018;Нет;ВР002029831;;18,75;;
6818;молдинг 1.51.382;1.51.382;Нет;ВР099020343;4,09;69,75;;
6819;молдинг 1.51.377;1.51.377;Нет;ВР099020121;1,13;69,75;;
6820;молдинг 1.51.379;1.51.379;Нет;ВР099020119;0,69;37,5;;
6821;карниз 1.50.272;1.50.272;Нет;ВР002025477;1,01;60;;
6823;молдинг 1.51.379 гибкий;1.51.379;Да;ВР099020120;0,69;37,5;;
6824;карниз 1.50.272 гибкий;1.50.272;Да;ВР002028711;1,01;60;;
6826;молдинг 1.51.371;1.51.371;Нет;ВР002028631;1,2;69,75;;
6827;карниз 1.50.292;1.50.292;Нет;ВР099020113;0,61;60;;
6828;карниз 1.50.292 гибкий;1.50.292;Да;ВР099020114;0,61;60;;
6829;карниз 1.50.225 гибкий;1.50.225;Да;ВР002029919;2,08;60;;
6830;карниз 1.50.226 гибкий;1.50.226;Да;ВР002029921;2,69;60;;
6835;молдинг 1.51.378;1.51.378;Нет;ВР099020123;0,32;37,5;;
6836;розетка 1.56.052;1.56.052;Нет;ВР099020342;;16,5;;
6837;квадрат 1.54.017;1.54.017;Нет;ВР099020347;;7,5;;
8330;молдинг 1.51.378 гибкий;1.51.378;Да;ВР099020124;0,32;37,5;;
8331;молдинг 1.51.377 гибкий;1.51.377;Да;ВР099020122;1,13;69,75;;
8332;молдинг 1.51.382 гибкий;1.51.382;Да;ВР099020344;4,09;69,75;;
8981;кронштейн 1.19.015;1.19.015;Нет;ВР002029534;;18,75;;
12094;карниз 1.50.298;1.50.298;Нет;ВР099020821;0,78;60;;
12104;молдинг 1.51.372;1.51.372;Нет;ВР002028694;0,29;37,5;;
13520;карниз 1.50.296;1.50.296;Нет;ВР099020297;3,45;69,75;;
14598;угловой элемент 1.52.299;1.52.299;Нет;ВР002028637;0,85;18;;
14599;угловой элемент 1.52.279;1.52.279;Нет;ВР002029957;0,85;18;;
14600;молдинг 1.51.365;1.51.365;Нет;ВР002028165;1,05;69,75;;
14781;плинтус 1.53.108;1.53.108;Нет;ВР001023159;2,51;69,75;;
17562;кронштейн 1.19.016;1.19.016;Нет;ВР002029535;;18,75;;
17563;розетка 1.56.053;1.56.053;Нет;ВР099020340;;28,5;;
21020;карниз 1.50.227;1.50.227;Нет;ВР099020813;13,62;77,25;;
21021;молдинг 1.51.385;1.51.385;Нет;ВР099020819;1,62;69,75;;
21022;наличник 1.54.015;1.54.015;Нет;ВР099020341;4,1;19;;
21023;сандрик 1.63.003;1.63.003;Нет;ВР099020817;4;37,5;;
21126;плинтус 1.53.108 гибкий;1.53.108;Да;ВР002028735;2,51;69,75;;
21618;карниз 1.50.299;1.50.299;Нет;ВР099020847;1,22;60;;
21619;карниз 1.50.297;1.50.297;Нет;ВР099020823;0,62;60;;
21620;молдинг 1.51.383;1.51.383;Нет;ВР099020815;2,01;69,75;;
21621;молдинг 1.51.384;1.51.384;Нет;ВР099020825;0,81;69,75;;
21623;розетка 1.56.055;1.56.055;Нет;ВР099020810;;40,5;;
22331;наличник 1.54.016;1.54.016;Нет;ВР099020339;4,1;19;;
22334;молдинг 1.51.385 гибкий;1.51.385;Да;ВР099020820;1,62;69,75;;
22339;карниз 1.50.298 гибкий;1.50.298;Да;ВР099020822;0,78;60;;
26629;карниз 1.50.249;1.50.249;Нет;ВР099020958;4,41;69,75;;
27652;розетка 1.56.054;1.56.054;Нет;ВР099020348;;36,75;;
28243;карниз 1.50.299 гибкий;1.50.299;Да;ВР099020848;1,22;60;;
28244;карниз 1.50.297 гибкий;1.50.297;Да;ВР099020824;0,62;60;;
28245;молдинг 1.51.384 гибкий;1.51.384;Да;ВР099020826;0,81;69,75;;
29278;карниз 1.50.215;1.50.215;Нет;ВР099020952;2,09;60;;
29860;плинтус 1.53.111;1.53.111;Нет;ВР099021149;1,8;69,75;;
31363;карниз 1.50.216;1.50.216;Нет;ВР099020956;2,19;69,75;;
31409;розетка 1.56.057;1.56.057;Нет;ВР099020950;;28,5;;
33172;кронштейн 1.19.017;1.19.017;Нет;ВР002029733;;18,75;;
33407;карниз 1.50.228;1.50.228;Нет;ВР099020811;5,03;77,25;;
36930;карниз 1.50.249 гибкий;1.50.249;Да;ВР099020959;4,41;69,75;;
37766;розетка 1.56.056;1.56.056;Нет;ВР099020948;;25;;
38420;декоративная панель 1.59.003;1.59.003;Нет;ВР099021199;30;73;;
38421;декоративная панель 1.59.004;1.59.004;Нет;ВР099021200;30;73;;
38422;декоративная панель 1.59.005;1.59.005;Нет;ВР099021201;30;73;;
42718;карниз 1.50.215 гибкий;1.50.215;Да;ВР099020954;2,09;60;;
42720;карниз 1.50.216 гибкий;1.50.216;Да;ВР099020957;2,19;69,75;;
43862;торцевой элемент 4.82.032;4.82.032;Нет;ВР099021524;2,7;15,1;;
43863;торцевой элемент 4.82.131;4.82.131;Нет;ВР099021527;2,7;15,1;;
43864;торцевой элемент 4.82.231;4.82.231;Нет;ВР099021528;2,7;15,1;;
43865;торцевой элемент 4.82.232;4.82.232;Нет;ВР099021529;2,7;15,1;;
43866;торцевой элемент 4.82.332;4.82.332;Нет;ВР099021530;2,7;15,1;;
43867;торцевой элемент 4.82.331;4.82.331;Нет;ВР099021531;2,7;15,1;;
43868;торцевой элемент 4.82.033;4.82.033;Нет;ВР099021526;2,7;15,1;;
47206;карниз 1.50.229;1.50.229;Нет;ВР099021126;3,9;60;;
47207;карниз 1.50.621;1.50.621;Нет;ВР099021482;3,9;60;;
47208;карниз 1.50.622;1.50.622;Нет;ВР099021483;7,9;78;;
47209;карниз 1.50.623;1.50.623;Нет;ВР099021478;3,7;60;;
47210;карниз 1.50.624;1.50.624;Нет;ВР099021479;8,9;78;;
47211;молдинг 1.51.601;1.51.601;Нет;ВР099021349;5,72;70;;
47212;молдинг 1.51.602;1.51.602;Нет;ВР099021350;21,76;83;;
47213;молдинг 1.51.603;1.51.603;Нет;ВР099021351;30,2;78;;
47214;молдинг 1.51.604;1.51.604;Нет;ВР099021352;26,9;83;;
47215;молдинг 1.51.605;1.51.605;Нет;ВР099021486;3;70;;
47216;молдинг 1.51.606;1.51.606;Нет;ВР099021487;5,2;70;;
48388;карниз 1.50.227 гибкий;1.50.227;Да;ВР099020814;13,62;77,25;;
48390;молдинг 1.51.386;1.51.386;Нет;ВР099021124;0,69;38;;
48392;плинтус 1.53.112;1.53.112;Нет;ВР099021474;1,8;70;;
65559;молдинг 1.51.387;1.51.387;Нет;ВР099021541;1,95;70;;
65560;молдинг 1.51.388;1.51.388;Нет;ВР099021542;1,95;70;;
65561;база 1.54.040;1.54.040;Нет;ВР099021537;10;21;;
65562;база 1.54.040;1.54.040;Нет;ВР099021537;10;21;;
65563;база 1.54.050;1.54.050;Нет;ВР099021538;10;21;;
65564;база 1.54.050;1.54.050;Нет;ВР099021538;10;21;;
65565;элемент 1.54.018;1.54.018;Нет;ВР099021540;2,5;0;;
65645;карниз 1.50.228 гибкий;1.50.228;Да;ВР099020812;5,03;77,25;;
67964;карниз 1.50.623 гибкий;1.50.623;Да;ВР099021480;3,7;60;;
69864;карниз 1.50.501;1.50.501;Нет;ВР099021735;2,61;103;;
69865;карниз 1.50.502;1.50.502;Нет;ВР099021718;5,24;103;;
69866;карниз 1.50.503;1.50.503;Нет;ВР099021719;5,24;103;;
69867;карниз 1.50.504;1.50.504;Нет;ВР099021850;11,07;103;;
69868;карниз 1.50.524;1.50.524;Нет;ВР099021897;11,07;103;;
69873;молдинг 1.51.501;1.51.501;Нет;ВР099021311;2,93;93;;
69874;молдинг 1.51.502;1.51.502;Нет;ВР099021451;2,93;93;;
69875;молдинг 1.51.503;1.51.503;Нет;ВР099021998;1,41;93;;
69876;молдинг 1.51.504;1.51.504;Нет;ВР099021960;1,4;93;;
69877;молдинг 1.51.510;1.51.510;Нет;ВР099021962;2,87;93;;
69878;молдинг 1.51.518;1.51.518;Нет;ВР099021932;14;93;;
69879;молдинг 1.51.513;1.51.513;Нет;ВР099021901;4,61;53;;
69890;декоративная панель 1.59.501;1.59.501;Нет;ВР099021536;;103;;
69891;декоративная панель 1.59.503;1.59.503;Нет;ВР099021725;32,85;103;;
69892;плинтус 1.53.501;1.53.501;Нет;ВР099021905;4,46;53;;
69893;орнамент 1.60.501;1.60.501;Нет;ВР099021453;;25;;
69894;орнамент 1.60.503;1.60.503;Нет;ВР099021834;;25;;
69895;розетка 1.56.501;1.56.501;Нет;ВР099021433;;20;;
69896;розетка 1.56.502;1.56.502;Нет;ВР099021449;;20;;
69900;розетка 1.56.503;1.56.503;Нет;ВР099021365;;20;;
69901;розетка 1.56.511;1.56.511;Нет;ВР099021937;;20;;
69902;арочный элемент 1.61.511 гибкий;1.61.511;Да;ВР099021909;13,54;103;;
69903;потолочная панель 1.57.501;1.57.501;Нет;ВР099021836;;50;;
69904;потолочная панель 1.57.502;1.57.502;Нет;ВР099021723;;50;;
69905;потолочная панель 1.57.503;1.57.503;Нет;ВР099021724;;50;;
69906;потолочная панель 1.57.504;1.57.504;Нет;ВР099021739;;50;;
71228;декоративная панель 1.59.001;1.59.001;Нет;ВР099021197;30;73;;
73757;плинтус 1.53.112 гибкий;1.53.112;Да;ВР099021475;1,8;70;;
74261;карниз 6.50.101;6.50.101;Нет;ВР099020991;2,36;70;;
74262;молдинг 6.51.301;6.51.301;Нет;ВР002029762;0,85;38;;
74263;плинтус 6.53.101;6.53.101;Нет;ВР099021008;3,92;70;;
74264;карниз 6.50.103;6.50.103;Нет;ВР002029931;1,74;70;;
74265;карниз 6.50.105;6.50.105;Нет;ВР002029803;2,43;64;;
74266;карниз 6.50.113;6.50.113;Нет;ВР002029838;3,05;70;;
74267;карниз 6.50.115;6.50.115;Нет;ВР099020993;1,43;64;;
74268;карниз 6.50.130;6.50.130;Нет;ВР002029767;0,94;60;;
74269;карниз 6.50.154;6.50.154;Нет;ВР099020994;0,44;60;;
74270;карниз 6.50.155;6.50.155;Нет;ВР099020995;0,51;60;;
74271;карниз 6.50.157;6.50.157;Нет;ВР099020996;0,67;60;;
74272;карниз 6.50.160;6.50.160;Нет;ВР099020089;2,34;60;;
74273;карниз 6.50.165;6.50.165;Нет;ВР099021884;2,97;70;;
74274;карниз 6.50.171;6.50.171;Нет;ВР099021880;0,92;60;;
74275;карниз 6.50.172;6.50.172;Нет;ВР099020997;1,03;60;;
74276;карниз 6.50.174;6.50.174;Нет;ВР099020998;1,14;60;;
74277;карниз 6.50.229;6.50.229;Нет;ВР099021883;39;60;;
74278;карниз 6.50.230;6.50.230;Нет;ВР099021882;3,39;70;;
74279;карниз 6.50.248;6.50.248;Нет;ВР099021881;2,82;70;;
74280;карниз 6.50.297;6.50.297;Нет;ВР099020999;0,62;60;;
74281;карниз 6.50.298;6.50.298;Нет;ВР099021000;0,78;60;;
74282;карниз 6.50.299;6.50.299;Нет;ВР099021001;1,22;60;;
74283;молдинг 6.51.302;6.51.302;Нет;ВР002029901;1,89;70;;
74284;молдинг 6.51.307;6.51.307;Нет;ВР002029765;3,06;70;;
74285;молдинг 6.51.308;6.51.308;Нет;ВР002029763;1,15;70;;
74286;молдинг 6.51.321;6.51.321;Нет;ВР002029764;0,20;38;;
74287;молдинг 6.51.322;6.51.322;Нет;ВР099021002;0,48;38;;
74288;молдинг 6.51.323;6.51.323;Нет;ВР099021003;0,56;38;;
74289;молдинг 6.51.345;6.51.345;Нет;ВР099021886;2,27;70;;
74290;молдинг 6.51.362;6.51.362;Нет;ВР099021004;0,81;70;;
74291;молдинг 6.51.363;6.51.363;Нет;ВР099021005;1,28;70;;
74292;молдинг 6.51.384;6.51.384;Нет;ВР099021006;0,81;70;;
74293;молдинг 6.51.385;6.51.385;Нет;ВР099021007;1,62;70;;
74294;молдинг 6.51.386;6.51.386;Нет;ВР099021885;0,69;38;;
74295;молдинг 6.51.400;6.51.400;Нет;ВР002029766;0,96;70;;
74296;плинтус 6.53.102;6.53.102;Нет;ВР002029768;4,39;70;;
74297;плинтус 6.53.103;6.53.103;Нет;ВР002029769;2,50;70;;
74298;плинтус 6.53.104;6.53.104;Нет;ВР002029770;3,13;70;;
74299;плинтус 6.53.105;6.53.105;Нет;ВР002030015;4,16;70;;
74300;плинтус 6.53.106;6.53.106;Нет;ВР002030027;1,80;70;;
74301;плинтус 6.53.107;6.53.107;Нет;ВР002029771;1,92;70;;
74302;плинтус 6.53.108;6.53.108;Нет;ВР099021009;2,51;70;;
74303;плинтус 6.53.109;6.53.109;Нет;ВР099020055;1,9;70;;
74304;плинтус 6.53.112;6.53.112;Нет;ВР099021887;3,68;70;;
76545;  1.50.710;1.50.710;Нет;ВР099021830;11,56;105;;
76546;  1.51.701;1.51.701;Нет;ВР099021504;3,86;93;;
76547;  1.51.711;1.51.711;Нет;ВР099021826;6,32;93;;
76560;  6.50.701;6.50.701;Нет;ВР099021747;0,88;93;;
76561;  6.50.702;6.50.702;Нет;ВР099021748;1,81;93;;
76562;  6.50.703;6.50.703;Нет;ВР099021749;1,46;93;;
76563;  6.50.704;6.50.704;Нет;ВР099021750;3,27;93;;
76564;  6.50.705;6.50.705;Нет;ВР099021751;2,52;93;;
76565;  6.50.706;6.50.706;Нет;ВР099022207;4,82;103;;
76566;  6.50.708;6.50.708;Нет;ВР099021753;2,01;93;;
76567;  6.50.709;6.50.709;Нет;ВР099021754;4,42;93;;
76568;  6.51.702;6.51.702;Нет;ВР099021755;0,84;50;;
76569;  6.51.703;6.51.703;Нет;ВР099021756;1,17;93;;
76570;  6.51.704;6.51.704;Нет;ВР099021757;1,78;93;;
76571;  6.51.705;6.51.705;Нет;ВР099021758;1,13;93;;
76572;  6.51.706;6.51.706;Нет;ВР099021759;1,73;93;;
76573;  6.51.707;6.51.707;Нет;ВР099021760;1,87;93;;
76574;  6.51.708;6.51.708;Нет;ВР099021761;2,32;93;;
76575;  6.51.710;6.51.710;Нет;ВР099021762;1,66;93;;
76576;  6.53.701;6.53.701;Нет;ВР099021767;2,49;93;;
76577;  6.53.702;6.53.702;Нет;ВР099021763;1,5;93;;
76578;  6.53.703;6.53.703;Нет;ВР099021764;2,4;93;;
76579;  6.53.704;6.53.704;Нет;ВР099021765;3,12;50;;
76580;  6.53.705;6.53.705;Нет;ВР099021766;1,98;93;;
76581;розетка 1.56.701;1.56.701;Нет;ВР099021567;;46;;
76582;розетка 1.56.702;1.56.702;Нет;ВР099021702;;34;;
76583;розетка 1.56.703;1.56.703;Нет;ВР099021704;;13;;
76584;розетка 1.56.705;1.56.705;Нет;ВР099021707;;34;;
76586;розетка 1.56.707;1.56.707;Нет;ВР099021708;;34;;
76587;розетка 1.56.708;1.56.708;Нет;ВР099021709;;37;;
76588;розетка 1.56.709;1.56.709;Нет;ВР099021700;;28;;
76589;розетка 1.56.710;1.56.710;Нет;ВР099021838;;43;;
78427;  6.51.710;6.51.710;Нет;ВР099021762;1,66;93;;
78428;  1.51.711;1.51.711;Нет;ВР099021826;6,32;93;;
78429;  6.53.701;6.53.701;Нет;ВР099021767;2,49;93;;
78430;  6.53.702;6.53.702;Нет;ВР099021763;1,5;93;;
78431;  6.53.703;6.53.703;Нет;ВР099021764;2,4;93;;
78432;  6.53.704;6.53.704;Нет;ВР099021765;3,12;50;;
78433;  6.53.705;6.53.705;Нет;ВР099021766;1,98;93;;
79707;  6.50.719;6.50.719;Нет;ВР099022047;4,42;93;;
83144;плинтус 1.53.111 гибкий;1.53.111;Да;ВР099021150;1,8;69,75;;
84138;карниз 1.50.285 гибкий;1.50.285;Да;ВР002028719;4,73;78,75;;
84701;молдинг 1.51.366;1.51.366;Нет;ВР002028176;1,05;70;;
93666;база 1.54.060;1.54.060;Нет;ВР099021539;10;21;;
93667;база 1.54.070;1.54.070;Нет;ЧХ099039581;10;21;;
93749;база 1.54.060;1.54.060;Нет;ВР099021539;10;21;;
93750;база 1.54.070;1.54.070;Нет;ЧХ099039581;10;21;;
98517;элемент 1.65.501;1.65.501;Нет;ВР099022021;5,31;64;;
98518;элемент 1.65.502;1.65.502;Нет;ВР099022030;4,86;64;;
98519;элемент 1.65.503;1.65.503;Нет;ВР099022031;4,41;64;;
99041;молдинг 1.51.518;1.51.518;Нет;ВР099021932;14;93;;
99042;молдинг 1.51.518;1.51.518;Нет;ВР099021932;14;93;;
99043;потолочная панель 1.57.502;1.57.502;Нет;ВР099021723;;50;;
99044;потолочная панель 1.57.503;1.57.503;Нет;ВР099021724;;50;;
99045;потолочная панель 1.57.504;1.57.504;Нет;ВР099021739;;50;;
104199;карниз 6.50.108;6.50.108;Нет;ВР099020992;4;70;;
104753;молдинг 1.51.383 гибкий;1.51.383;Да;ВР099020816;2,01;69,75;;
109457;розетка 1.56.512;1.56.512;Нет;ВР099022003;;13;;
126248;карниз 1.50.229 гибкий;1.50.229;Да;ВР099021127;3,9;60;;
126269;карниз 1.50.624 гибкий;1.50.624;Да;ВР099021481;8,9;78;;
127537; 1.51.701 гибкий;1.51.701;Да;ВР099021505;3,86;93;;
142167;арочный элемент 1.61.511;1.61.511;Нет;ВР099022127;13,54;103;;
150861;"Клей монтажный Европласт 290&nbsp;мл.";EB05.M.290;Нет;ВР001023963;;;;
150862;"Клей стыковочный Европласт 80&nbsp;мл.";EB06.S.80;Нет;ВР001023964;;;;
